类别,文件,ID,英文,中文
基础,achievements.xml,Win100Planets_Ingame_Gold,"1. Win on 100-Planet Map","1. 英雄"
基础,achievements.xml,TankBuster_Gold_Desc,"Win against The Tank on difficulty 9 or up.","在难度9或以上击败坦克。"
基础,achievements.xml,Win120Planets_Ingame_Gold,"1. Win on 120-Planet Map","1. 天神"
基础,achievements.xml,AreWeNotOnTheSameSide_Silver_Desc,"Win with the Human Marauders minor faction enabled on any difficulty.","在任何难度下启用太空海盗并取胜。"
基础,achievements.xml,CounterThis_Gold_Desc,"Win against Counter Spy on difficulty 9 or up.","在难度9或以上击败反间谍。"
基础,achievements.xml,IAmBadlyBurned_Silver_Desc,"Win against Scorched Earth on difficulty 7 or up.","在难度7或以上击败焦土者。"
基础,achievements.xml,TimeTenHours_Ingame_Bronze_Desc,"Reach a game time of ten hours in a single game.","在一次游戏中，进行游戏10小时。"
基础,achievements.xml,Energy50kExcess_Ingame_Bronze_Desc,"Accumulate a net energy balance of 50,000.","能量储备达到50,000以上。"
基础,achievements.xml,IAmBadlyBurned_Bronze,"4. I'm Badly Burned","4. 我着火了!"
基础,achievements.xml,IAmBadlyBurned_Bronze_Desc,"Win against Scorched Earth on any difficulty.","在任何难度下击败焦土者。"
基础,achievements.xml,Scrap10000_Ingame_Silver_Desc,"Scrap at least 10,000 of your ships in a single game.","在一次游戏中，废弃最少10,000个我方部队。"
基础,achievements.xml,Energy50kExcess_Ingame_Bronze,"1. Rainy Day Savings: 50,000 Energy","1. 应急储备"
基础,achievements.xml,Win100Planets_Ingame_Gold_Desc,"Win a game on a one hundred planet map.","在100个行星的星系地图上赢得一次游戏。"
基础,achievements.xml,Reclaim1K_Ingame_Bronze,"1. Reclamation: Ooh, Shiny!","1. 临战变节"
基础,achievements.xml,Full10Victory_Gold,"5. Godlike","5. 神级"
基础,achievements.xml,Control110Planets_Ingame_Gold,"5. Control 110","5. 皇帝"
基础,achievements.xml,BrokenSledge_Bronze_Desc,"Win against Sledge Hammer on any difficulty.","在任何难度下击败强力铁锤。"
基础,achievements.xml,Kill30K_Ingame_Bronze,"1. Kills: Warrior","1. 勇士"
基础,achievements.xml,Energy300kExcess_Ingame_Silver,"1. Turn Off The Lights! 300,000 Energy","1. 节能专家"
基础,achievements.xml,Lose75K_Ingame_Silver,"1. Losses: For The Greater Good","1. 苦战不退"
基础,achievements.xml,TrulyMad_Gold,"3. Truly Mad","3. 真正疯狂"
基础,achievements.xml,Control110Planets_Ingame_Gold_Desc,"Your team must control one hundred and ten non-home planets in a single game.","在一次游戏中，我军占领110个非母星行星。"
基础,achievements.xml,None,"None","没有"
基础,achievements.xml,PointsFiveHundredK_Ingame_Bronze_Desc,"Reach a score of five hundred thousand points in a single game.","在一次游戏中，达到500,000分。"
基础,achievements.xml,RaidFail_Silver,"3. Raid Fail","3. 突袭失败"
基础,achievements.xml,RaidFail_Bronze_Desc,"Win against Vicious Raider on any difficulty.","在任何难度下击败凶猛的侵略者。"
基础,achievements.xml,TurnOnTheLights_Silver_Desc,"Win against Shadow Master on difficulty 7 or up.","在难度7或以上击败幻影大师。"
基础,achievements.xml,CounterThis_Silver_Desc,"Win against Counter Spy on difficulty 7 or up.","在难度7或以上击败反间谍。"
基础,achievements.xml,FirstLoss,"1. First Loss","1. 暂时失利"
基础,achievements.xml,Lose30K_Ingame_Bronze_Desc,"Lose at least 30,000 ships in a single game.","在一次游戏中，损失最少30,000个部队。"
基础,achievements.xml,ElectricTurtleSoup_Bronze_Desc,"Win against Teleporter Turtle on any difficulty.","在任何难度下击败瞬移乌龟。"
基础,achievements.xml,ManDown_Bronze,"4. Man Down!","4. 目标已被歼灭"
基础,achievements.xml,TurnOnTheLights_Gold_Desc,"Win against Shadow Master on difficulty 9 or up.","在难度9或以上击败幻影大师。"
基础,achievements.xml,TankBuster_Silver_Desc,"Win against The Tank on difficulty 7 or up.","在难度7或以上击败坦克。"
基础,achievements.xml,CaughtInTheAct_Bronze_Desc,"Win against Backdoor Hacker on any difficulty.","在任何难度下击败后门的黑客。"
基础,achievements.xml,TimeTwentyFourHours_Ingame_Gold_Desc,"Reach a game time of twenty four hours in a single game.","在一次游戏中，进行游戏24小时。"
基础,achievements.xml,TurtleSoup_Gold,"2. Turtle Soup","2. 乌龟汤"
基础,achievements.xml,Detrencher_Bronze,"2. Detrencher","2. 直捣黄龙"
基础,achievements.xml,PickOnSomeoneElse_Bronze_Desc,"Win against Bully on any difficulty.","在任何难度下击败恶霸。"
基础,achievements.xml,First10Loss,"1. First Difficulty 10 Loss","1. 失败是成功之母"
基础,achievements.xml,Lose200K_Ingame_Gold_Desc,"Lose at least 200,000 ships in a single game.","在一次游戏中，损失最少200,000个部队。"
基础,achievements.xml,BrokenSledge_Silver,"2. Broken Sledge","2. 残破的铁锤"
基础,achievements.xml,TankBuster_Bronze_Desc,"Win against The Tank on any difficulty.","在任何难度下击败坦克。"
基础,achievements.xml,NotHungry_Bronze_Desc,"Win against Feeding Parasite on any difficulty.","在任何难度下击败吸血的寄生虫。"
基础,achievements.xml,BrokenLegs_Bronze,"3. Broken Legs","3. 断腿了"
基础,achievements.xml,TimeThirtySixHours_Ingame_Gold_Desc,"Reach a game time of thirty six hours in a single game.","在一次游戏中，进行游戏36小时。"
基础,achievements.xml,FortBuster_Gold_Desc,"Win against Fortress Baron on difficulty 9 or up.","在难度9或以上击败要塞男爵。"
基础,achievements.xml,FirstDouble10Victory_Gold,"5. Double Paragon","5. 超模范级"
基础,achievements.xml,TechnoDancer_Bronze_Desc,"Win against Technologist Raider on any difficulty.","在任何难度下击败侵略专家。"
基础,achievements.xml,TrainWreck_Gold_Desc,"Win against Train Master on difficulty 9 or up.","在难度9或以上击败列车大师。"
基础,achievements.xml,TurtleSoup_Bronze_Desc,"Win against Turtle on any difficulty.","在任何难度下击败乌龟。"
基础,achievements.xml,PeeledAndRoasted_Bronze_Desc,"Win against The Core on any difficulty.","在任何难度下击败核心。"
基础,achievements.xml,UltimateLeech_Bronze,"4. Ultimate Leech","4. 终极水蛭"
基础,achievements.xml,Reclaim5K_Ingame_Silver_Desc,"Reclaim at least 5,000 enemy ships in a single game.","在一次游戏中，操控最少5,000个敌方部队。"
基础,achievements.xml,FirstDouble10Victory_Gold_Desc,"Win against 2 AIs on difficulty level 10 or up.","击败二个难度10的人工智能。"
基础,achievements.xml,FirstCoOpGameComplete_Desc,"Finish a game playing co-op with at least one other player.","最少与一个玩家合作完成游戏。"
基础,achievements.xml,ElectricTurtleSoup_Gold,"3. Electric Turtle Soup","3. 电动乌龟汤"
基础,achievements.xml,TechnoDancer_Silver_Desc,"Win against Technologist Raider on difficulty 7 or up.","在难度7或以上击败侵略专家。"
基础,achievements.xml,PointsOneMillion_Ingame_Silver,"1. 1,000,000 Points","1. 骑士"
基础,achievements.xml,TrainWreck_Silver_Desc,"Win against Train Master on difficulty 7 or up.","在难度7或以上击败列车大师。"
基础,achievements.xml,Scrap20000_Ingame_Gold,"1. Scrap: Why Do You Even Build Them?","1. 悔不当初"
基础,achievements.xml,Scrap100_Ingame_Bronze,"1. Scrap: I need the scrap!","1. 破铜烂铁"
基础,achievements.xml,TechnoHouse_Bronze_Desc,"Win against Technologist Homeworlder on any difficulty.","在任何难度下击败家园捍卫专家。"
基础,achievements.xml,Control15Planets_Ingame_Bronze_Desc,"Your team must control fifteen non-home planets in a single game.","在一次游戏中，我军占领15个非母星行星。"
基础,achievements.xml,Scrap20000_Ingame_Gold_Desc,"Scrap at least 20,000 of your ships in a single game.","在一次游戏中，废弃最少20,000个我方部队。"
基础,achievements.xml,BrokenLegs_Bronze_Desc,"Win against Assassin on any difficulty.","在任何难度下击败暗杀者。"
基础,achievements.xml,FancyHammer_Gold_Desc,"Win against Technologist Sledge on difficulty 9 or up.","在难度9或以上击败铁锤专家。"
基础,achievements.xml,TechnoDancer_Gold,"4. Techno Dancer","4. 战略大反攻"
基础,achievements.xml,FirstVictory_Silver_Desc,"Win against the AI on any difficulty level.","在任何难度下击败人工智能。"
基础,achievements.xml,PointsOneMillion_Ingame_Silver_Desc,"Reach a score of one million points in a single game.","在一次游戏中，达到1,000,000分。"
基础,achievements.xml,CounterThis_Bronze_Desc,"Win against Counter Spy on any difficulty.","在任何难度下击败反间谍。"
基础,achievements.xml,CaughtInTheAct_Gold,"3. Caught In The Act","3. 逮个正着"
基础,achievements.xml,IvoryTower_Silver_Desc,"Win against Technologist Turtle on difficulty 7 or up.","在难度7或以上击败乌龟专家。"
基础,achievements.xml,TimeFifteenHours_Ingame_Silver,"1. Long One: 15 Hour Campaign","1. 拉锯战"
基础,achievements.xml,IvoryTower_Silver,"4. Ivory Tower","4. 象牙塔"
基础,achievements.xml,IAmBadlyBurned_Gold_Desc,"Win against Scorched Earth on difficulty 9 or up.","在难度9或以上击败焦土者。"
基础,achievements.xml,Scrap100_Ingame_Bronze_Desc,"Scrap at least 100 of your ships in a single game.","在一次游戏中，废弃最少100个我方部队。"
基础,achievements.xml,Kill200K_Ingame_Gold,"1. Kills: Xenocidal","1. 魔神"
基础,achievements.xml,FortBuster_Gold,"2. Fort Buster","2. 要塞破坏者"
基础,achievements.xml,Detrencher_Silver_Desc,"Win against Entrenched Homeworlder on difficulty 7 or up.","在难度7或以上击败家园捍卫者。"
基础,achievements.xml,MaxedOutResources_Ingame_Gold,"5. Maxed Out Resources","5. 爆满的资源"
基础,achievements.xml,Win10Planets_Ingame_Bronze_Desc,"Win a game on a ten planet map.","在10个行星的星系地图上赢得一次游戏。"
基础,achievements.xml,Scrap1000_Ingame_Bronze_Desc,"Scrap at least 1,000 of your ships in a single game.","在一次游戏中，废弃最少1,000个我方部队。"
基础,achievements.xml,ISawThat_Silver_Desc,"Win against Stealth Master on difficulty 7 or up.","在难度7或以上击败暗行大师。"
基础,achievements.xml,Control5Planets_Ingame_Bronze_Desc,"Your team must control five non-home planets in a single game.","在一次游戏中，我军占领5个非母星行星。"
基础,achievements.xml,IvoryTower_Bronze_Desc,"Win against Technologist Turtle on any difficulty.","在任何难度下击败乌龟专家。"
基础,achievements.xml,Control50Planets_Ingame_Gold_Desc,"Your team must control fifty non-home planets in a single game.","在一次游戏中，我军占领50个非母星行星。"
基础,achievements.xml,CaughtInTheAct_Silver_Desc,"Win against Backdoor Hacker on difficulty 7 or up.","在难度7或以上击败后门的黑客。"
基础,achievements.xml,TechnoDancer_Gold_Desc,"Win against Technologist Raider on difficulty 9 or up.","在难度9或以上击败侵略专家。"
基础,achievements.xml,PickOnSomeoneElse_Gold_Desc,"Win against Bully on difficulty 9 or up.","在难度9或以上击败恶霸。"
基础,achievements.xml,NotHungry_Gold,"3. Not Hungry","3. 不饿了"
基础,achievements.xml,Control80Planets_Ingame_Gold_Desc,"Your team must control eighty non-home planets in a single game.","在一次游戏中，我军占领80个非母星行星。"
基础,achievements.xml,BrokenSledge_Gold_Desc,"Win against Sledge Hammer on difficulty 9 or up.","在难度9或以上击败强力铁锤。"
基础,achievements.xml,UltimateLeech_Bronze_Desc,"Win against Technologist Parasite on any difficulty.","在任何难度下击败寄生专家。"
基础,achievements.xml,TheGlowSlowlyDies_Silver,"4. The Glow Slowly Dies","4. 光辉不再"
基础,achievements.xml,RaidFail_Bronze,"3. Raid Fail","3. 突袭失败"
基础,achievements.xml,Win120Planets_Ingame_Gold_Desc,"Win a game on a one hundred and twenty planet map.","在120个行星的星系地图上赢得一次游戏。"
基础,achievements.xml,Lose75K_Ingame_Silver_Desc,"Lose at least 75,000 ships in a single game.","在一次游戏中，损失最少75,000个部队。"
基础,achievements.xml,TurnOnTheLights_Bronze,"4. Turn On The Lights","4. 无所遁形"
基础,achievements.xml,FirstLoss_Desc,"Lose to the AI on any difficulty level.","被任何难度的人工智能击败。"
基础,achievements.xml,TurnOnTheLights_Bronze_Desc,"Win against Shadow Master on any difficulty.","在任何难度下击败幻影大师。"
基础,achievements.xml,TheGlowSlowlyDies_Gold_Desc,"Win against Attritioner on difficulty 9 or up.","在难度9或以上击败耗损者。"
基础,achievements.xml,TechnoHouse_Bronze,"4. Techno House","4. 全面解放"
基础,achievements.xml,Detrencher_Bronze_Desc,"Win against Entrenched Homeworlder on any difficulty.","在任何难度下击败家园捍卫者。"
基础,achievements.xml,BrokenLegs_Silver_Desc,"Win against Assassin on difficulty 7 or up.","在难度7或以上击败暗杀者。"
基础,achievements.xml,FancyHammer_Bronze_Desc,"Win against Technologist Sledge on any difficulty.","在任何难度下击败铁锤专家。"
基础,achievements.xml,Control15Planets_Ingame_Bronze,"1. Control 15","1. 侯爵"
基础,achievements.xml,BrokenLegs_Gold,"3. Broken Legs","3. 断腿了"
基础,achievements.xml,BrokenSledge_Bronze,"2. Broken Sledge","2. 残破的铁锤"
基础,achievements.xml,PeeledAndRoasted_Silver_Desc,"Win against The Core on difficulty 7 or up.","在难度7或以上击败核心。"
基础,achievements.xml,BrokenLegs_Silver,"3. Broken Legs","3. 断腿了"
基础,achievements.xml,CounterThis_Silver,"3. Counter This","3. 反对无效"
基础,achievements.xml,FancyHammer_Gold,"4. Fancy Hammer","4. 花式锤"
基础,achievements.xml,WhatADud_Silver_Desc,"Win against Mine Enthusiast on difficulty 7 or up.","在难度7或以上击败地雷狂人。"
基础,achievements.xml,WhatADud_Gold,"2. What A Dud","2. 何为哑雷"
基础,achievements.xml,Win10Planets_Ingame_Bronze,"1. Win on 10-Planet Map","1. 原住民"
基础,achievements.xml,TechnoDancer_Silver,"4. Techno Dancer","4. 战略大反攻"
基础,achievements.xml,FortBuster_Bronze,"2. Fort Buster","2. 要塞破坏者"
基础,achievements.xml,TimeOneHour_Ingame_Bronze_Desc,"Reach a game time of one hour in a single game.","在一次游戏中，进行游戏1小时。"
基础,achievements.xml,Energy150kExcess_Ingame_Silver,"1. Future Proofing: 150,000 Energy","1. 有备无患"
基础,achievements.xml,TankBuster_Gold,"2. Tank Buster","2. 坦克破坏者"
基础,achievements.xml,Lose200K_Ingame_Gold,"1. Losses: What Have We Done","1. 拼死一搏"
基础,achievements.xml,PeeledAndRoasted_Bronze,"4. Peeled And Roasted","4. 去皮,烤熟~"
基础,achievements.xml,TechnoHouse_Gold_Desc,"Win against Technologist Homeworlder on difficulty 9 or up.","在难度9或以上击败家园捍卫专家。"
基础,achievements.xml,PickOnSomeoneElse_Silver,"3. Pick On Someone Else","3. 你不该惹我"
基础,achievements.xml,ExtremeKSaver_Ingame_Gold_Desc,"Accumulate 50,000 stored knowledge in a single game.","在一次游戏中，储备50,000知识。"
基础,achievements.xml,TurtleSoup_Gold_Desc,"Win against Turtle on difficulty 9 or up.","在难度9或以上击败乌龟。"
基础,achievements.xml,LookAtMyFriends_Bronze,"3. Look At My Friends!","3. 你是我们的朋友"
基础,achievements.xml,TechnoHouse_Gold,"4. Techno House","4. 全面解放"
基础,achievements.xml,TimeFiveHours_Ingame_Bronze_Desc,"Reach a game time of five hours in a single game.","在一次游戏中，进行游戏5小时。"
基础,achievements.xml,TrainWreck_Bronze,"2. Train Wreck","2. 列车出轨"
基础,achievements.xml,Full10Victory_Gold_Desc,"Win against the AI on difficulty level 10 or up, with no positive human or negative AI handicaps.","单独击败一个难度10的人工智能。"
基础,achievements.xml,Win80Planets_Ingame_Silver,"1. Win on 80-Planet Map","1. 霸主"
基础,achievements.xml,TimeThirtySixHours_Ingame_Gold,"1. Epic Struggle: 36 Hour Campaign","1. 史诗般的战斗"
基础,achievements.xml,First10Victory_Gold,"5. Paragon","5. 模范级"
基础,achievements.xml,TurtleSoup_Silver,"2. Turtle Soup","2. 乌龟汤"
基础,achievements.xml,NotHungry_Bronze,"3. Not Hungry","3. 不饿了"
基础,achievements.xml,TimeFiveHours_Ingame_Bronze,"1. Getting Into This: 5 Hour Campaign","1. 渐入佳境"
基础,achievements.xml,Reclaim1K_Ingame_Bronze_Desc,"Reclaim at least 1,000 enemy ships in a single game.","在一次游戏中，操控最少1,000个敌方部队。"
基础,achievements.xml,ISawThat_Bronze_Desc,"Win against Stealth Master on any difficulty.","在任何难度下击败暗行大师。"
基础,achievements.xml,Kill30K_Ingame_Bronze_Desc,"Kill at least 30,000 ships in a single game.","在一次游戏中，消灭最少30,000个单位。"
基础,achievements.xml,UltimateLeech_Gold,"4. Ultimate Leech","4. 终极水蛭"
基础,achievements.xml,TankBuster_Silver,"2. Tank Buster","2. 坦克破坏者"
基础,achievements.xml,IvoryTower_Gold_Desc,"Win against Technologist Turtle on difficulty 9 or up.","在难度9或以上击败乌龟专家。"
基础,achievements.xml,AreWeNotOnTheSameSide_Silver,"3. Aren't We On The Same Side?","3. 我们并非敌对"
基础,achievements.xml,TimeFifteenHours_Ingame_Silver_Desc,"Reach a game time of fifteen hours in a single game.","在一次游戏中，进行游戏15小时。"
基础,achievements.xml,TimeOneHour_Ingame_Bronze,"1. Warmup: 1 Hour Campaign","1. 仅仅是热身"
基础,achievements.xml,WhatADud_Silver,"2. What A Dud","2. 何为哑雷"
基础,achievements.xml,PointsFiveMillion_Ingame_Silver_Desc,"Reach a score of five million points in a single game.","在一次游戏中，达到5,000,000分。"
基础,achievements.xml,Energy150kExcess_Ingame_Silver_Desc,"Accumulate a net energy balance of 150,000.","能量储备达到150,000以上。"
基础,achievements.xml,FirstVictory_Silver,"1. First Victory","1. 第一滴血"
基础,achievements.xml,CounterThis_Gold,"3. Counter This","3. 反对无效"
基础,achievements.xml,Kill75K_Ingame_Silver_Desc,"Kill at least 75,000 ships in a single game.","在一次游戏中，消灭最少75,000个单位。"
基础,achievements.xml,Lose30K_Ingame_Bronze,"1. Losses: We Can Absorb This","1. 血战到底"
基础,achievements.xml,RaidFail_Gold,"3. Raid Fail","3. 突袭失败"
基础,achievements.xml,Reclaim5K_Ingame_Silver,"1. Reclamation: Thief","1. 反戈相向"
基础,achievements.xml,Detrencher_Gold,"2. Detrencher","2. 直捣黄龙"
基础,achievements.xml,ExtremeKSaver_Ingame_Gold,"5. Extreme Knowledge Saver","5. 知识收集狂"
基础,achievements.xml,PickOnSomeoneElse_Bronze,"3. Pick On Someone Else","3. 你不该惹我"
基础,achievements.xml,Scrap10000_Ingame_Silver,"1. Scrap: Pile Them On The Heap","1. 废料堆"
基础,achievements.xml,PointsFiveMillion_Ingame_Silver,"1. 5,000,000 Points","1. 领主"
基础,achievements.xml,TrainWreck_Bronze_Desc,"Win against Train Master on any difficulty.","在任何难度下击败列车大师。"
基础,achievements.xml,TrulyMad_Gold_Desc,"Win against Mad Bomber on difficulty 9 or up.","在难度9或以上击败疯狂轰炸机。"
基础,achievements.xml,RaidFail_Gold_Desc,"Win against Vicious Raider on difficulty 9 or up.","在难度9或以上击败凶猛的侵略者。"
基础,achievements.xml,NotHungry_Silver,"3. Not Hungry","3. 不饿了"
基础,achievements.xml,Control35Planets_Ingame_Silver,"1. Control 35","1. 大公"
基础,achievements.xml,ISawThat_Gold_Desc,"Win against Stealth Master on difficulty 9 or up.","在难度9或以上击败暗行大师。"
基础,achievements.xml,ManDown_Gold_Desc,"Win against Special Forces Captain on difficulty 9 or up.","在难度9或以上击败特种部队队长。"
基础,achievements.xml,ISawThat_Silver,"3. I Saw That","3. 隐蔽失效"
基础,achievements.xml,Reclaim15K_Ingame_Gold_Desc,"Reclaim at least 15,000 enemy ships in a single game.","在一次游戏中，操控最少15,000个敌方部队。"
基础,achievements.xml,Control2Planets_Ingame_Bronze,"1. Control 2","1. 子爵"
基础,achievements.xml,Scrap1000_Ingame_Bronze,"1. Scrap: Didn't Like The Look Of 'Em!","1. 扔掉它们"
基础,achievements.xml,TimeTwentyFourHours_Ingame_Gold,"1. Persistent: 24 Hour Campaign","1. 持久战"
基础,achievements.xml,UltimateLeech_Silver,"4. Ultimate Leech","4. 终极水蛭"
基础,achievements.xml,FirstCoOpGameComplete,"1. First Co-Op Game Completed","1. 人多力量大"
基础,achievements.xml,PeeledAndRoasted_Gold_Desc,"Win against The Core on difficulty 9 or up.","在难度9或以上击败核心。"
基础,achievements.xml,Control80Planets_Ingame_Gold,"5. Control 80","5. 储君"
基础,achievements.xml,ManDown_Silver,"4. Man Down!","4. 目标已被歼灭"
基础,achievements.xml,Detrencher_Gold_Desc,"Win against Entrenched Homeworlder on difficulty 9 or up.","在难度9或以上击败家园捍卫者。"
基础,achievements.xml,TemperTantrums_Silver,"3. Temper Tantrums","3. 脾气暴躁"
基础,achievements.xml,ISawThat_Bronze,"3. I Saw That","3. 隐蔽失效"
基础,achievements.xml,IAmBadlyBurned_Silver,"4. I'm Badly Burned","4. 我着火了!"
基础,achievements.xml,Control25Planets_Ingame_Silver_Desc,"Your team must control twenty-five non-home planets in a single game.","在一次游戏中，我军占领25个非母星行星。"
基础,achievements.xml,IAmBadlyBurned_Gold,"4. I'm Badly Burned","4. 我着火了!"
基础,achievements.xml,TechnoHouse_Silver,"4. Techno House","4. 全面解放"
基础,achievements.xml,Control50Planets_Ingame_Gold,"5. Control 50","5. 亲王"
基础,achievements.xml,ElectricTurtleSoup_Silver_Desc,"Win against Teleporter Turtle on difficulty 7 or up.","在难度7或以上击败瞬移乌龟。"
基础,achievements.xml,NotHungry_Gold_Desc,"Win against Feeding Parasite on difficulty 9 or up.","在难度9或以上击败吸血的寄生虫。"
基础,achievements.xml,Win80Planets_Ingame_Silver_Desc,"Win a game on an eighty planet map.","在80个行星的星系地图上赢得一次游戏。"
基础,achievements.xml,First10Victory_Gold_Desc,"Win against the AI on difficulty level 10 or up.","击败一个难度10或以上的人工智能。"
基础,achievements.xml,Control5Planets_Ingame_Bronze,"1. Control 5","1. 伯爵"
基础,achievements.xml,PickOnSomeoneElse_Silver_Desc,"Win against Bully on difficulty 7 or up.","在难度7或以上击败恶霸。"
基础,achievements.xml,ElectricTurtleSoup_Bronze,"3. Electric Turtle Soup","3. 电动乌龟汤"
基础,achievements.xml,TheGlowSlowlyDies_Silver_Desc,"Win against Attritioner on difficulty 7 or up.","在难度7或以上击败耗损者。"
基础,achievements.xml,Control2Planets_Ingame_Bronze_Desc,"Your team must control two non-home planets in a single game.","在一次游戏中，我军占领2个非母星行星。"
基础,achievements.xml,ISawThat_Gold,"3. I Saw That","3. 隐蔽失效"
基础,achievements.xml,Full10DoubleVictory_Gold_Desc,"Win against 2 AIs on difficulty level 10 or up, with no positive human or negative AI handicaps.","单独击败2个难度10的人工智能。"
基础,achievements.xml,ElectricTurtleSoup_Silver,"3. Electric Turtle Soup","3. 电动乌龟汤"
基础,achievements.xml,TurnOnTheLights_Gold,"4. Turn On The Lights","4. 无所遁形"
基础,achievements.xml,WhatADud_Gold_Desc,"Win against Mine Enthusiast on difficulty 9 or up.","在难度9或以上击败地雷狂人。"
基础,achievements.xml,BrokenSledge_Silver_Desc,"Win against Sledge Hammer on difficulty 7 or up.","在难度7或以上击败强力铁锤。"
基础,achievements.xml,TimeTenHours_Ingame_Bronze,"1. Nearing The End? 10 Hour Campaign","1. 硝烟未散"
基础,achievements.xml,FancyHammer_Bronze,"4. Fancy Hammer","4. 花式锤"
基础,achievements.xml,TrainWreck_Gold,"2. Train Wreck","2. 列车出轨"
基础,achievements.xml,ElectricTurtleSoup_Gold_Desc,"Win against Teleporter Turtle on difficulty 9 or up.","在难度9或以上击败瞬移乌龟。"
基础,achievements.xml,PointsTenMillion_Ingame_Gold_Desc,"Reach a score of ten million points in a single game.","在一次游戏中，达到10,000,000分。"
基础,achievements.xml,PeeledAndRoasted_Gold,"4. Peeled And Roasted","4. 去皮,烤熟~"
基础,achievements.xml,TrulyMad_Bronze,"3. Truly Mad","3. 真正疯狂"
基础,achievements.xml,FancyHammer_Silver,"4. Fancy Hammer","4. 花式锤"
基础,achievements.xml,FortBuster_Silver_Desc,"Win against Fortress Baron on difficulty 7 or up.","在难度7或以上击败要塞男爵。"
基础,achievements.xml,TheGlowSlowlyDies_Gold,"4. The Glow Slowly Dies","4. 光辉不再"
基础,achievements.xml,ManDown_Silver_Desc,"Win against Special Forces Captain on difficulty 7 or up.","在难度7或以上击败特种部队队长。"
基础,achievements.xml,IvoryTower_Gold,"4. Ivory Tower","4. 象牙塔"
基础,achievements.xml,TemperTantrums_Silver_Desc,"Win with the Human Colony Rebellions minor faction enabled on any difficulty.","在任何难度下启用盟军 - 起义组织并取胜。"
基础,achievements.xml,BrokenLegs_Gold_Desc,"Win against Assassin on difficulty 9 or up.","在难度9或以上击败暗杀者。"
基础,achievements.xml,Control35Planets_Ingame_Silver_Desc,"Your team must control thirty-five non-home planets in a single game.","在一次游戏中，我军占领35个非母星行星。"
基础,achievements.xml,CaughtInTheAct_Gold_Desc,"Win against Backdoor Hacker on difficulty 9 or up.","在难度9或以上击败后门的黑客。"
基础,achievements.xml,UltimateLeech_Gold_Desc,"Win against Technologist Parasite on difficulty 9 or up.","在难度9或以上击败寄生专家。"
基础,achievements.xml,PickOnSomeoneElse_Gold,"3. Pick On Someone Else","3. 你不该惹我"
基础,achievements.xml,CounterThis_Bronze,"3. Counter This","3. 反对无效"
基础,achievements.xml,BrokenSledge_Gold,"2. Broken Sledge","2. 残破的铁锤"
基础,achievements.xml,ManDown_Gold,"4. Man Down!","4. 目标已被歼灭"
基础,achievements.xml,TrulyMad_Silver_Desc,"Win against Mad Bomber on difficulty 7 or up.","在难度7或以上击败疯狂轰炸机。"
基础,achievements.xml,Energy2mExcess_Ingame_Gold,"1. Who Read These Plans? 2,000,000 Energy","1. 能源过剩"
基础,achievements.xml,TurtleSoup_Bronze,"2. Turtle Soup","2. 乌龟汤"
基础,achievements.xml,NotHungry_Silver_Desc,"Win against Feeding Parasite on difficulty 7 or up.","在难度7或以上击败吸血的寄生虫。"
基础,achievements.xml,TechnoHouse_Silver_Desc,"Win against Technologist Homeworlder on difficulty 7 or up.","在难度7或以上击败家园捍卫专家。"
基础,achievements.xml,TheGlowSlowlyDies_Bronze,"4. The Glow Slowly Dies","4. 光辉不再"
基础,achievements.xml,RaidFail_Silver_Desc,"Win against Vicious Raider on difficulty 7 or up.","在难度7或以上击败凶猛的侵略者。"
基础,achievements.xml,ManDown_Bronze_Desc,"Win against Special Forces Captain on any difficulty.","在任何难度下击败特种部队队长。"
基础,achievements.xml,First10Loss_Desc,"Lose to the AI on difficulty level 10 or up.","被难度10或以上的人工智能击败。"
基础,achievements.xml,LookAtMyFriends_Bronze_Desc,"Win with the Human Resistance Fighters minor faction enabled on any difficulty.","在任何难度下启用盟军 - 反抗军并取胜。"
基础,achievements.xml,PointsTenMillion_Ingame_Gold,"1. 10,000,000 Points","1. 王者"
基础,achievements.xml,FortBuster_Bronze_Desc,"Win against Fortress Baron on any difficulty.","在任何难度下击败要塞男爵。"
基础,achievements.xml,IvoryTower_Bronze,"4. Ivory Tower","4. 象牙塔"
基础,achievements.xml,TrulyMad_Bronze_Desc,"Win against Mad Bomber on any difficulty.","在任何难度下击败败疯狂轰炸机。"
基础,achievements.xml,TurtleSoup_Silver_Desc,"Win against Turtle on difficulty 7 or up.","在难度7或以上击败乌龟。"
基础,achievements.xml,TurnOnTheLights_Silver,"4. Turn On The Lights","4. 无所遁形"
基础,achievements.xml,Reclaim30K_Ingame_Gold_Desc,"Reclaim at least 30,000 enemy ships in a single game.","在一次游戏中，操控最少30,000个敌方部队。"
基础,achievements.xml,PeeledAndRoasted_Silver,"4. Peeled And Roasted","4. 去皮,烤熟~"
基础,achievements.xml,Length,"Length","长度"
基础,achievements.xml,PointsFiveHundredK_Ingame_Bronze,"1. 500,000 Points","1. 牧人"
基础,achievements.xml,UltimateLeech_Silver_Desc,"Win against Technologist Parasite on difficulty 7 or up.","在难度7或以上击败寄生专家。"
基础,achievements.xml,FortBuster_Silver,"2. Fort Buster","2. 要塞破坏者"
基础,achievements.xml,Control25Planets_Ingame_Silver,"1. Control 25","1. 公爵"
基础,achievements.xml,WhatADud_Bronze_Desc,"Win against Mine Enthusiast on any difficulty.","在任何难度下击败地雷狂人。"
基础,achievements.xml,WhatADud_Bronze,"2. What A Dud","2. 何为哑雷"
基础,achievements.xml,MaxedOutResources_Ingame_Gold_Desc,"Accumulate 600,000 each stored metal and crystal in a single game.","在一次游戏中，储备600,000金属和水晶。"
基础,achievements.xml,CaughtInTheAct_Bronze,"3. Caught In The Act","3. 逮个正着"
基础,achievements.xml,Reclaim15K_Ingame_Gold,"1. Reclamation: Master Thief","1. 主动投诚"
基础,achievements.xml,FancyHammer_Silver_Desc,"Win against Technologist Sledge on difficulty 7 or up.","在难度7或以上击败铁锤专家。"
基础,achievements.xml,Energy300kExcess_Ingame_Silver_Desc,"Accumulate a net energy balance of 300,000.","能量储备达到300,000以上。"
基础,achievements.xml,Energy2mExcess_Ingame_Gold_Desc,"Accumulate a net energy balance of 2,000,000.","能量储备达到2,000,000以上。"
基础,achievements.xml,Detrencher_Silver,"2. Detrencher","2. 直捣黄龙"
基础,achievements.xml,Full10DoubleVictory_Gold,"5. Double Godlike","5. 超神级"
基础,achievements.xml,TrainWreck_Silver,"2. Train Wreck","2. 列车出轨"
基础,achievements.xml,Kill75K_Ingame_Silver,"1. Kills: Merciless","1. 枭雄"
基础,achievements.xml,TrulyMad_Silver,"3. Truly Mad","3. 真正疯狂"
基础,achievements.xml,Reclaim30K_Ingame_Gold,"1. Reclamation: I Heart Parasites","1. 弃暗投明"
基础,achievements.xml,TheGlowSlowlyDies_Bronze_Desc,"Win against Attritioner on any difficulty.","在任何难度下击败耗损者。"
基础,achievements.xml,CaughtInTheAct_Silver,"3. Caught In The Act","3. 逮个正着"
基础,achievements.xml,Win40Planets_Ingame_Silver_Desc,"Win a game on a forty planet map.","在40个行星的星系地图上赢得一次游戏。"
基础,achievements.xml,Win40Planets_Ingame_Silver,"1. Win on 40-Planet Map","1. 征服者"
基础,achievements.xml,Kill200K_Ingame_Gold_Desc,"Kill at least 200,000 ships in a single game.","在一次游戏中，消灭最少200,000个单位。"
基础,achievements.xml,TechnoDancer_Bronze,"4. Techno Dancer","4. 战略大反攻"
基础,achievements.xml,TankBuster_Bronze,"2. Tank Buster","2. 坦克破坏者"
基础,actionstatus.xml,MinorFaction,"Minor Faction","小势力"
基础,actionstatus.xml,Zombie,"Zombie","僵尸"
基础,actionstatus.xml,Normal,"Normal","正常"
基础,aimods.xml,HalfWaves,"1/2 Enemy Waves","减半攻势"
基础,aimods.xml,Length,"Length","长度"
基础,aimods.xml,NoWaves,"No Enemy Waves","无攻势"
基础,aimods.xml,CrossPlanetWaves,"Cross Planet Waves","跨星球进攻"
基础,aimods.xml,NoWaveWarnings,"No Wave Warnings","无攻势提示"
基础,aimods.xml,RevealRandomAITypes,"Reveal Random AI Types","显示随机"
基础,aimods.xml,Schizophrenic,"Schizophrenic","混合攻势"
基础,aimods.xml,NuclearCommandStations,"Nuclear Command","自毁指令"
基础,aimods.xml,None,"None","没有"
基础,aimods.xml,DoubleWaves,"2x Enemy Waves","双倍攻势"
基础,aiplots.xml,WrathOfNature,"Energy Plague","能源灾害"
基础,aiplots.xml,Avenger,"Avenger","复仇者"
基础,aiplots.xml,Defender,"Defender","防卫者"
基础,aitypes.xml,Teleporter_Turtle,"Teleporter Turtle","瞬移乌龟"
基础,aitypes.xml,Special_Forces_Captain,"Special Forces Captain","特种部队队长"
基础,aitypes.xml,Train_Master,"Train Master","列车大师"
基础,aitypes.xml,Technologist_Sledge_Hammer,"Technologist Sledge","铁锤专家"
基础,aitypes.xml,Bully,"Bully","恶霸"
基础,aitypes.xml,Random_Easier,"Random Easier","随机简单"
基础,aitypes.xml,Vicious_Raider,"Vicious Raider","凶猛的侵略者"
基础,aitypes.xml,Stealth_Master,"Stealth Master","暗行大师"
基础,aitypes.xml,Mine_Enthusiast,"Mine Enthusiast","空雷狂人"
基础,aitypes.xml,Technologist_Homeworlder,"Technologist Homeworlder","家园捍卫专家"
基础,aitypes.xml,The_Core,"The Core","核心"
基础,aitypes.xml,Length,"Length","长度"
基础,aitypes.xml,Mad_Bomber,"Mad Bomber","疯狂轰炸机"
基础,aitypes.xml,Random_Moderate,"Random Moderate","随机适中"
基础,aitypes.xml,The_Tank,"The Tank","坦克"
基础,aitypes.xml,Fortress_Baron,"Fortress Baron","要塞男爵"
基础,aitypes.xml,Random_All,"Random All","随机所有"
基础,aitypes.xml,Technologist_Raider,"Technologist Raider","侵略专家"
基础,aitypes.xml,Random_Moderate_And_Easier,"Random Moderate/Easier","随机适中／简单"
基础,aitypes.xml,Technologist_Parasite,"Technologist Parasite","寄生专家"
基础,aitypes.xml,Shadow_Master,"Shadow Master","幻影大师"
基础,aitypes.xml,Attritioner,"Attritioner","耗损者"
基础,aitypes.xml,Turtle,"Turtle","乌龟"
基础,aitypes.xml,Counter_Spy,"Counter Spy","反间谍"
基础,aitypes.xml,None,"None","没有"
基础,aitypes.xml,Random_Harder_Non_Technologist,"Random Harder Non-Technologist","随机困难 - 非专家"
基础,aitypes.xml,Technologist_Turtle,"Technologist Turtle","乌龟专家"
基础,aitypes.xml,Random_All_Non_Technologist,"Random All Non-Technologist","随机所有 - 非专家"
基础,aitypes.xml,Entrenched_Homeworlder,"Entrenched Homeworlder","家园捍卫者"
基础,aitypes.xml,Assassin,"Assassin","暗杀者"
基础,aitypes.xml,Random_Harder,"Random Harder","随机困难"
基础,aitypes.xml,Sledge_Hammer,"Sledge Hammer","强力铁锤"
基础,aitypes.xml,Feeding_Parasite,"Feeding Parasite","吸血的寄生虫"
基础,aitypes.xml,Scorched_Earth,"Scorched Earth","焦土者"
基础,aitypes.xml,Backdoor_Hacker,"Backdoor Hacker","后门的黑客"
基础,galaxydisplay.xml,Allied_Ships,"Allied Ships (A)","盟友的单位(按 A)"
基础,galaxydisplay.xml,Incoming_Waves,"Incoming Waves (I)","接近中的攻势(按 I)"
基础,galaxydisplay.xml,Knowledge_Found,"Knowledge Found (K)","获得的知识(按 K)"
基础,galaxydisplay.xml,My_Ships,"My Ships (Q)","我的单位(按 Q)"
基础,galaxydisplay.xml,Unexplored_Wormholes,"Unexplored Wormholes (X)","未探索的虫洞(按 X)"
基础,galaxydisplay.xml,Normal,"Normal (N)","正常(N)"
基础,galaxydisplay.xml,My_Science_Labs,"My Science Labs (S)","我的科学实验室(按 S)"
基础,galaxydisplay.xml,Starship_Constructors,"Starship Constructors (T)","星舰兵工厂(按 T)"
基础,galaxydisplay.xml,All_Constructors,"All Constructors (D)","所有兵工厂(按 D)"
基础,galaxydisplay.xml,My_And_Allied_Ships,"My And Allied Ships (E)","我军的单位(按 E)"
基础,galaxydisplay.xml,Last_Scouted,"Last Scouted (L)","最后侦察时间(按 L)"
基础,galaxydisplay.xml,Resources_Used,"Resources Used (R)","采集点(按 R)"
基础,galaxydisplay.xml,Scouts_And_Missiles,"Scouts And Missiles (O)","侦察机与飞弹(按 O)"
基础,galaxydisplay.xml,Metal_Used,"Metal Used (M)","金属采矿点(按 M)"
基础,galaxydisplay.xml,Starships,"Starships (U)","星舰(按 U)"
基础,galaxydisplay.xml,Crystal_Used,"Crystal Used (C)","水晶采集点(按 C)"
基础,galaxydisplay.xml,Length,"Length","长度"
基础,galaxydisplay.xml,Hostile_Wormholes,"Hostile Wormholes (W)","敌对虫洞(按 W)"
基础,galaxydisplayfilter.xml,MobileMilitary,"Mobile Military (Shift+Comma)","可移动的军事部队(按 Shift+,)"
基础,galaxydisplayfilter.xml,MyAndAllied,"My And Allied (Shift+E)","我军的(按 Shift+E)"
基础,galaxydisplayfilter.xml,All,"All (Shift+N)","所有的(按 Shift+N)"
基础,galaxydisplayfilter.xml,My,"My (Shift+Q)","我的(按 Shift+Q)"
基础,galaxydisplayfilter.xml,Allied,"Allied (Shift+P)","盟友的(按 Shift+P)"
基础,galaxydisplayfilter.xml,Length,"Length","长度"
基础,journal.xml,Journal_EpilogueBeginning,"Victory!!

With the fall of its last Home Command Station,
the AI can no longer stabilize the wormholes to its home galaxy.
Deprived of reinforcements and cut off from command and control,
the remaining AI forces will quickly fall before humanity's desperate onslaught.
","您胜利了!!

随着敌方母星指挥中心的毁灭，
人工智能再也无法正常连接到其母星的虫洞。
余下的人工智能部队孤立无援，指挥瘫痪，
必将在人类的疯狂反攻中迅速溃败。"
基础,journal.xml,JournalDisplay,"Journal","总结"
基础,journal.xml,Journal_EpilogueEnd,"Thank you for playing!

To minimize this epilogue display, right click the title bar.
To close this epilogue display, ctrl-alt-right-click the title bar.","恭喜您!

如要简化总结的显示，请右键单击标题栏。
如要关闭总结的显示，按下CTRL+ALT键并用鼠标右键单击标题栏。"
基础,journal.xml,Journal_BuiltATotalOf,"built a total of","总共建造了"
基础,journal.xml,Journal_AndHadAKillToLossRatioOf,"and had a kill to loss ratio of","战损率"
基础,journal.xml,Journal_AccountedFor,"accounted for","占了该玩家总杀敌量的"
基础,journal.xml,Journal_Ships,"ships","个单位"
基础,journal.xml,Journal_AndHadASurvivalRateOf,"had a survival rate of","部队存活率"
基础,journal.xml,Journal_AndKilledATotalOf,"and killed a total of","总共消灭了"
基础,journal.xml,Journal_LostATotalOf,"lost a total of","总共失去了"
基础,main.xml,YourShips,"Your Ships","您的单位"
基础,main.xml,CountCrystal,"C ","水晶"
基础,main.xml,MarkIIIShips,"Mark III Ships","III型部队"
基础,main.xml,AI2,"AI 2","人工智能2"
基础,main.xml,HighScores_MapSeed,"Map Seed","星图随机码"
基础,main.xml,err_Cursor,"Could not create cursor from file ","无法创建光标从文件"
基础,main.xml,NNuclearMod,"When AI command stations are destroyed, they explode and destroy all ships on that planet (the planet itself will survive).","当人工智能的指挥中心被摧毁时，它们将引爆核弹与此行星上所有单位同归于尽。"
基础,main.xml,OverwriteFile2,"' already exists.  Overwrite it?","”的档案已存在，是否覆盖它？"
基础,main.xml,SteamExit,"This game must be launched from Steam!","游戏必须从Steam中启动！"
基础,main.xml,TAITHammer,"Sledge Hammer","强力铁锤"
基础,main.xml,PlanetsHeld,"Planets Held","拥有的行星数"
基础,main.xml,PausedShips,"PAUSED","暂停建造"
基础,main.xml,QIncDec,"Item In Build Queue -- Left-click to increase, Right-click to decrease.","建造队列中的对象--左键单击来增加，右键单击来减少。"
基础,main.xml,AchievementUnlocked,"Achievement Unlocked: ","解锁了成就："
基础,main.xml,LoadingGame9b," Object States...","物体数据中……"
基础,main.xml,NNoWaveWarnings,"Waves will arrive without warning.  NOTE: this can make the game much more difficult, perhaps impossibly so.","攻势前将没有警告。这可能使游戏难度大大提高。"
基础,main.xml,Achievements_Description,"Description","描述"
基础,main.xml,InvalidIPT,"Invalid Server Address Specified!","服务器地址无效！"
基础,main.xml,IsLowPower,"Current Setting: Low Power Mode -- Click To Resume Normal Operations.","当前设置：节能模式--点击以恢复正常能耗。"
基础,main.xml,Crystal,"Crystal","水晶"
基础,main.xml,AIDifficultyItem12,"8.6 Harder","8.6 很难"
基础,main.xml,GroupLocation3,"               Total:    ","总共："
基础,main.xml,TAITMadBomber,"Mad Bomber","疯狂轰炸机"
基础,main.xml,MarkIIShips,"Mark II Ships","II型部队"
基础,main.xml,DDefense,"Ships for defending your own planets or your ships in enemy territory.","用于防御您的行星或部队。"
基础,main.xml,TryAgain,"Try Again","重试"
基础,main.xml,WindowSettings,"Window Settings","窗口设置"
基础,main.xml,NoSave,"No Savegame Selected!","未选中任何存档！"
基础,main.xml,DAvailShips,"The host sets the general complexity of the available ship types.","主机可以设置可用单位的类型。"
基础,main.xml,Save,"Save","保存"
基础,main.xml,TooltipFont,"Extra Tooltip Font Size:","提示消息字体大小："
基础,main.xml,SearchComplete,"Search Complete.  Use the ""Try Again"" button to search again.","寻找完毕。按“重试”按钮重新开始寻找。"
基础,main.xml,Score_Dead,"HOME LOST","失去母星"
基础,main.xml,Intro_credits1a,"PROGRAMMING","编程"
基础,main.xml,TPartialFog,"Currently PARTIAL FOG OF WAR","当前为部分战争迷雾"
基础,main.xml,ManagePlayers_DupeColorsHeader,"Multiple Players Have The Same Color!","多个玩家颜色相同！"
基础,main.xml,TMapStyle,"Map Style","星图样式"
基础,main.xml,RiotControlStarshipIII_Template_2_Full,"Suppressor","短程组合"
基础,main.xml,StartingGame13,"Checking Capturable Unit Population...","计算可占领的单位数量……"
基础,main.xml,AttackBoosted,"Attack Boosted","火力增幅"
基础,main.xml,Score_List,"Scores:      (Click to view details and graphs)","分数：    （点击以查看详细数据与图表）"
基础,main.xml,EnemyMarkIV,"Mark IV: ","IV型单位："
基础,main.xml,HighScores_PlayerMostBuilt,"Player Most Built","玩家建造最多的"
基础,main.xml,DFlareGalMap,"Click this button (or F), then left-click a planet to create a flare.
Flares are visible to your team members for ten seconds.","点击此按钮（或按下F），然后左键单击一个行星以发送信标。
信标将持续10秒，在此期间您的所有盟友都可以看到它。"
基础,main.xml,TransportUnload2," Units From The Transport(s)","个单位"
基础,main.xml,AIDifficultyItem15,"9.6 Very Hard","9.6 末日前"
基础,main.xml,GroupButton,"GROUP","群体"
基础,main.xml,Metal,"Metal","金属"
基础,main.xml,IsLooping,"Current Setting: Build Queue In A Repeating Loop","当前设置：按建造队列循环建造"
基础,main.xml,BControlNodes,"CTRL","控制"
基础,main.xml,RiotControlStarshipIII_Template_3_Abbr,"WALL","防御"
基础,main.xml,BuildQLoop,"Looping...","循环建造中……"
基础,main.xml,InvalidData,"Invalid Data","数据非法"
基础,main.xml,NebulaReal2,"Realistic 2 (Default)","真实2（默认）"
基础,main.xml,ShipTotals6," Seconds Ago","秒前最后一次见到"
基础,main.xml,ShowsNonScoutedWormholeLinks,"Show Unexplored Planets","显示未探索的行星"
基础,main.xml,StatBtnTech,"Tech","科技"
基础,main.xml,ShotEnergyBomb,"Energy Bomb","能量炸弹"
基础,main.xml,FindingLANServers,"Searching for servers on local area network...","寻找本地局域网内的游戏中……"
基础,main.xml,Trial,"Trial","试玩"
基础,main.xml,CouldNotStartServerT,"Could not start server!","服务器无法启动！"
基础,main.xml,ConnectionFailedT,"Connection failed.","连接失败。"
基础,main.xml,AutoAIProgress2,"every","点每"
基础,main.xml,DMapSeed,"The host sets a map seed from between 1 and 2,000,000,000.  Each seed represents an individual scenario -- if you use the same seed and same starting planets more than once, the starting conditions will be the same each time.","主机可以从1到2,000,000,000之间选择一个来作为星图随机码。每个随机码代表着不同的情况--如果您使用同样的随机码与初始行星超过一次，起始情况将总是相同的。"
基础,main.xml,StatKillToLoss,"Kill-to-Loss","战损率"
基础,main.xml,NModRiot3,"Riot Starship III Modules","防暴星舰III型上的模块"
基础,main.xml,DisableJunkRock,"Disable Junk/Rock Display","禁止显示太空垃圾/石块"
基础,main.xml,BModRiot3,"MOD:RIOT","模块"
基础,main.xml,BuildTimeRemain,"Build Time Remaining","剩余建造时间"
基础,main.xml,NetworkHelp,"Hover For Help:  What Do These Network Sync Settings Do?","将鼠标指针停在这上面以获得帮助：这些设置有什么用？"
基础,main.xml,ShipsInService2," In Service)","数量)"
基础,main.xml,ExpansionDisabledTrial,"      (Trial Install, But Disabled -- Click To Unlock Full)","（已安装了试玩版本，但并未启用，点击以解锁完整版游戏）"
基础,main.xml,DAIPlot,"The host chooses which optional plots the AI may execute to spice up the endgame.","主机可以设定人工智能的最终计划。"
基础,main.xml,StatMetalOut,"Metal Out","金属支出"
基础,main.xml,UpdateInvalidFile_Message,"Message: ","信息："
基础,main.xml,Updates_btnAIWar,"Official Updates","官方更新（不建议更新）"
基础,main.xml,TTractorBeams,"Tractor Beams","牵引光束"
基础,main.xml,PreferredTarget,"Preferred Target:","首选目标："
基础,main.xml,MainMen_btnSetting,"Settings","游戏设定"
基础,main.xml,MetalPS,"Metal/s","金属/秒"
基础,main.xml,SkipBatchNetworkSending,"Skip Batch Network Sending","跳过分批次网络发送"
基础,main.xml,Start_Finishing,"Finishing up...","即将完成……"
基础,main.xml,AIPChangeDescription_Death,"From Death Of ","由于被消灭的"
基础,main.xml,MainMen_btnJoin,"Join Multiplayer Game","加入多人游戏"
基础,main.xml,StatProducers,"Prodcrs","采集厂数量"
基础,main.xml,StartingGame15,"Adding Starting AI Units (Planet ","放置人工智能初始部队（在行星"
基础,main.xml,InterfaceVolume,"Interface Sound Volume:","界面音量："
基础,main.xml,TutorialStrategy,"Online:    FAQ Wiki		(Game Knowledgebase)","在线查看：    FAQ Wiki                    （英文）"
基础,main.xml,DRepair,"Ships to assist in the repair of other ships.","可以辅助对其他单位的维修。"
基础,main.xml,FindInstructions,"FIND MODE INSTRUCTIONS:  Green counts are selected.  Red counts are not selected.  Left-click planet to change selection.  Right-click planet to send all selected there.  Right-click empty space to exit.
Numbers in parentheses are ships in transports and will not respond to selection or movement orders in this mode.","查找模式指引：绿色数字说明单位被选中，红色数字说明单位未被选中。左键单击行星改变选择的目标，右键单击行星把所有选中单位发送到选择的行星，右键单击空白处退出。
位于括号中的数字表示单位正在移动中，无法回应您的命令。"
基础,main.xml,Avenger_Template_1_Desc,"Default configuration.","默认设置。"
基础,main.xml,NetworkPerformanceSettings,"Network Sync Performance Settings (Host Only)","网络同步性能设置（仅主机）"
基础,main.xml,errImageLoad1,"Could not load the following images:","无法读取下面的图像："
基础,main.xml,DTotals5,"
Allied Ships:          ","您的盟友拥有的部队数："
基础,main.xml,UpdateBusy,"The updater is currently downloading information -- please try again when the first button stops saying ""please wait.""","更新程序正在下载的信息 -- 当它显示“请等待”时请重试。"
基础,main.xml,AIDifficultyItem3,"3 Trivial","3 愚蠢"
基础,main.xml,NHeavyDefense3,"  Provides a protective bubble for allied ships.  Ships inside a force field can fire out, but enemy ships damage the force field instead of whatever is inside it.  Force fields can be destroyed, but with lower-level ships this is difficult.
 ","产生圆形力场来保护里面的单位。力场里的单位可以正常攻击，力场外的敌人攻击力场里的单位时将由力场承受攻击。力场随着受损程度增加将变小。"
基础,main.xml,TEnableShips,"Enable/Disable Ships","启用/停用部队"
基础,main.xml,CouldNotInitDirectX,"Could not initialize DirectX! Please consult the troubleshooting part of the manual for more information.","DirectX初始化失败！"
基础,main.xml,SaveCurrentGame,"Save Current Game:","保存当前的游戏："
基础,main.xml,Ship_ResEffDown,"Producing:","生产："
基础,main.xml,Place_Center,"Target location is too far away from planet area center to build ships here.","该位置离行星中心区域太远了，无法在这里建造单位。"
基础,main.xml,Place_ExoNoColl,"Exo-shields must be placed directly on another ship.","外围力场必须建造在采集厂之上。"
基础,main.xml,DisableMusic,"Disable Music","关闭音乐"
基础,main.xml,GameDataDir,"Game Data Directory (Errors and Save Files):","游戏目录（存放错误报告及存档）："
基础,main.xml,ReturnToGame,"Return To Game","回到游戏中"
基础,main.xml,DuplicateNameB2," was rejected due to a duplicate player name.","被拒绝进入，由于玩家名称重复了。"
基础,main.xml,NWarhead,"Warheads","飞弹s"
基础,main.xml,SlotOpen,"Open","打开"
基础,main.xml,SecondaryAICoProcessors,"AI Progress:    Disrupt AI production by destroying all of their Co-Processors.","人工智能进度：摧毁全部副处理器来降低进度。"
基础,main.xml,Energy,"Energy","能量"
基础,main.xml,ColorConflictM,"Host cannot start the game until all players select a unique color.","有玩家选择了一样的颜色，游戏无法开始"
基础,main.xml,ReallyGift,"Ships that are gifted will permanently belong to the other player.

Note: Ship types that the other player has not unlocked, or 
which would put the other player over their ship cap, can not be gifted.

Really continue?","被给予的部队将永远属于其他玩家。

注意：如果那个玩家未解锁相应的部队类型，或者他们相应类型的部队已达到部队上限，
部队将不能被给予。

确定继续吗？"
基础,main.xml,MFind,"Ship Types","单位类型"
基础,main.xml,Intro_story9,"People are never more united than when facing a common enemy.","兄弟阋于墙，外御其侮，人类只有在共同的敌人面前才能真正地团结起来。"
基础,main.xml,LowEfficiencyA1,"Energy efficiency low due to high reactor volume at this planet.  Will only produce:    ","已有相同类型的反应装置，效率将下降，仅能生产："
基础,main.xml,THostGame,"Host New Campaign","开始新游戏"
基础,main.xml,SimpleShotFX,"Use Simple Shot Effects","使用简单的攻击效果"
基础,main.xml,ScoutDest,"Destination: ","目的地："
基础,main.xml,TAIExtraShips,"Extra Ships","额外的单位"
基础,main.xml,MeetPlayers1,"Want to meet new players?","是否想要与其他陌生玩家一起游戏？"
基础,main.xml,PKnowledge," Knowledge","知识"
基础,main.xml,NMapSimpleHubs,"Connections between planets are simpler and easier to see, but very plentiful.","行星间的连接较简单，但连接数很多。"
基础,main.xml,ManagePlayers_StatusDisabled,"Disabled","不可用"
基础,main.xml,GroupSpeed,"Group Speed At","舰队速度为"
基础,main.xml,ShipTotals1,"You Have:    ","您有："
基础,main.xml,WaitingForYou,"Game Waiting For You","等待中的游戏"
基础,main.xml,MultipleHomes3,"causes the AI to be stronger and send more waves (as if there were the equivalent number of actual human ""","但这也会导致人工智能变得更强，且发动更多攻势。"
基础,main.xml,TotalShips,"Total Ships","所有部队"
基础,main.xml,StartingGame1,"Starting New Game...","开始新游戏……"
基础,main.xml,Unlock,"Unlock","解锁"
基础,main.xml,DMinorFaction,"The host sets up optional additional minor AI factions that will exist in the game.  When relevant, these minor factions use the difficulty level of the first AI player.","主机可以选择添加这些小势力。当某个小势力的强度与难度等级有关时，将取第1个人工智能的难度等级。"
基础,main.xml,TAITAttritioner,"Attritioner","耗损者"
基础,main.xml,NAITTurtle,"Planets are all very-to-incredibly heavily defended, but they do no attacks on the players.
 ","所有行星的防御都极端坚固，但不会进攻玩家。"
基础,main.xml,DeleteNoSaveSelected,"Please select a savegame if you want to delete it.","请选择您要删除的存档。"
基础,main.xml,VersionMismatch1,"To connect to this server, you must be running version ","欲连接到此服务器，您必须运行版本为"
基础,main.xml,SyncingGame1,"Transferring Data For Full Game Sync...","正传输数据，游戏同步中……"
基础,main.xml,ExpansionExplainText,"The status of all of the available expansions for the game are shown below.
Installed expansions without a license key will cause the game to run in trial mode.  Simply disable the expansion below to return to full use of the program.
To unlock an expansion, simply click it in the list below and enter your license key.","所有可用的扩展包及其状态都显示在下方。
若某个扩展包没有许可密钥，将使游戏以试玩模式运行。这种情况下只需停用扩展包就可恢复正常。
要解锁一个扩展包，只需在下方列表中输入许可密钥。"
基础,main.xml,DisableForceFieldRotation,"Disable Force Field Rotation","禁止力场自动旋转"
基础,main.xml,NoneYet,"None Yet.","还没有。"
基础,main.xml,StatNReceived,"# Received","接收单位"
基础,main.xml,IconGroupingDistance,"Icon Grouping Distance","简化显示同单位距离"
基础,main.xml,Disconnected1,"You have been disconnected from the game.","您已经断开了连接。"
基础,main.xml,TAITShadow,"Shadow Master","幻影大师"
基础,main.xml,StartingGame6,"Calculating Core AI Planets...","计算核心人工智能行星数……"
基础,main.xml,LastScouted2B," Ago","之前"
基础,main.xml,RiotControlStarshipI_Template_3_Full,"Shield Wall","防御组合"
基础,main.xml,StartingGameAI1,"Adding Starting AI Units (Guard Posts - Planet ","放置人工智能初始部队（守卫据点部队-在行星"
基础,main.xml,TLobbyCombatStyle,"Combat Style","战斗方式："
基础,main.xml,ScoutedPlanets,"Scouted Planets","已侦察的行星数"
基础,main.xml,VoiceVolume,"Voice Sound Volume:","语音音量："
基础,main.xml,StatBtnExpenses,"Expenses
By Player","玩家支出"
基础,main.xml,LastScouted2A,"Never -- Send A Scout To Catalogue Enemy Ships And Resources!","未知的--请先进行侦察！"
基础,main.xml,Intro_creditsEnd,"THANKS FOR PLAYING!","谢谢您对我们游戏的支持！"
基础,main.xml,CtrlClickBuild2,"s on this planet at once, just hold Ctrl and left-click this button.","，只要按住Ctrl键并左键单击这个按钮。"
基础,main.xml,Intro_creditsComm,"COMMUNITY MANAGERS","社区经理"
基础,main.xml,MultipleHomesT,"Do You Really Want Multiple Home Planets Per Player?","您确定允许玩家拥有多于1个的母星吗？"
基础,main.xml,EAITStealth,"Has all ships with cloaking from the start, as well as whatever other ships they might unlock.","从一开始就拥有隐形部队。"
基础,main.xml,Intro_story11,"If their goal were our unification, why would they push us so close to extinction?","若它们只想让我们团结起来，为何却又让我们濒临灭亡？"
基础,main.xml,TAvailShips,"Available Ships","可用单位"
基础,main.xml,HighScores_TeamScore,"Team","团队积分"
基础,main.xml,WelcomeLobby,"Welcome to the Pre-Game Lobby.","欢迎来到游戏大厅。"
基础,main.xml,FirstAI,"First AI:","人工智能1："
基础,main.xml,Selection_Allied,"Allied: ","盟军："
基础,main.xml,ContinueTrial,"Continue Trial","继续试玩"
基础,main.xml,PanSpeed,"Pan Speed:","滚屏速度："
基础,main.xml,BFilterAll,"All","全"
基础,main.xml,DLobbyCombatStyle,"The host sets the general speed of combat.","主机可以设置战斗的速度。"
基础,main.xml,IsPauseAll,"All Constructors Are Currently Paused","所有兵工厂目前均已暂停。"
基础,main.xml,Header_KnowledgeExp,"Knowledge Display line 1 shows the amount of stored knowledge you have accumulated.
Knowledge Display line 2 shows your current knowledge income.
The larger number that is sometimes to the right of the knowledge display is how many exhausted science labs you have.","第1行数值显示您一共拥有的知识数量。
第2行数值显示您的知识收入。
有时右边会出现一个带括号的数字，它显示了您有多少已经采集完知识的实验室。"
基础,main.xml,PlanetColorVis,"Partial Fog Of War","部分战争迷雾"
基础,main.xml,SyncingGame6,"Sync Complete!","同步完成！"
基础,main.xml,NCore,"Core Ships","核心单位"
基础,main.xml,BuildQEmpty,"EMPTY QUEUE","空队列"
基础,main.xml,EditInfo,"Edit Profile Information","编辑玩家档案信息"
基础,main.xml,EnterNotes,"Enter A Message To Show At","请输入您要添加注释的行星及内容"
基础,main.xml,TUpdatesManualInstall,"Install Manually-Downloaded Update","安装已手动下载的更新"
基础,main.xml,Start_version,"Game Version","游戏版本"
基础,main.xml,ShowDetails,"Show Details","显示详情"
基础,main.xml,TutorialPlayerName,"You","您"
基础,main.xml,NoServersFound,"No servers found.  Use the ""Try Again"" button to search again.","未找到任何服务器。按“重试”按钮重新开始寻找。"
基础,main.xml,RiotControlStarshipI_Template_2_Abbr,"ARST","平衡"
基础,main.xml,SecondaryReserveCaches,"Technology:    Capture reserve caches of idle AI ships for human use by destroying their storage containers.","科技：摧毁天顶储备舰以获得强大的天顶单位。"
基础,main.xml,Intro_header2,"Fleet Command","AI War 3.121版本[星夜工作室最终汉化版]"
基础,main.xml,TBSStyle,"Turn-Based Strategy Style Settings","暂停方式设置"
基础,main.xml,TAIUniqueShips,"Unique Ships","独特的单位"
基础,main.xml,StrongVs,"Strong Vs:    ","善于对付："
基础,main.xml,AttackMove,"Attack-Moving","移动攻击"
基础,main.xml,HighScores_PlayerScore,"Player Score","玩家积分"
基础,main.xml,MarkIShips,"Mark I Ships","I型部队"
基础,main.xml,Cancel,"Cancel","取消"
基础,main.xml,SpecialFX,"Special Effects","特效"
基础,main.xml,AIPChangeDescription_DeathAIOnly,"From Death Of AI ","由于被消灭的人工智能"
基础,main.xml,N1/2Mod,"The AI will send waves half as frequently as usual, but at the same power as it would otherwise send.","敌人的攻势间隔时间将是通常的两倍，但单位强度不变。"
基础,main.xml,TutorialComWiki,"Online:    Community Wiki	(Player-Submitted Tips &amp; Strategies)","在线查看：    Community Wiki        （英文）"
基础,main.xml,AIDifficultyItem7,"7 Normal","7 普通"
基础,main.xml,ShotShell,"Shell","实弹"
基础,main.xml,NDefense,"Planetary Defense Ships","行星防御单位"
基础,main.xml,Wave_In," in ","，剩余时间"
基础,main.xml,Exit,"Exit","退出"
基础,main.xml,DSettings,"General settings for the game.  Tweak the game interface to your desired style, adjust music/sound volume, adjust performance settings, or view the controls for the game.","游戏的常规设定。可以改变游戏界面，调整音乐/音效的音量，调整图像设置，或是查看游戏控制指南。"
基础,main.xml,BottomOfTheBarrel,"They must have been scraping the bottom of the barrel when they made YOU commander.","他们一定是别无选择才让你当指挥官的。"
基础,main.xml,OmitMarkINums,"Omit Numeral From Mark I Ship Icons","I型部队上不显示数字I（用途不明）"
基础,main.xml,ShipMobileBuilder,"Mobile Builders &amp; Rebuilders &amp; Cleanup Drones","机动兵工厂、重建机与清理雄蜂"
基础,main.xml,NRevealRandomMod,"When a random AI type is chosen, the name of the randomly-selected will be visible to players (normally it would be obscured).","当选择随机人工智能时，它在游戏中实际的类型将显示（正常情况下并不显示）。"
基础,main.xml,NAITTeleTurtle,"Planets are all very-to-incredibly heavily defended, but they do no attacks on the players. Specializes in teleporting ships, which are particularly powerful in defensive postures.
 ","所有行星的防御都极端坚固，但不会进攻玩家。也会使用瞬移部队。"
基础,main.xml,DPriority5,"Click this button (or press Alt+0), then left-click a planet to set its priority to 5.
Setting the priority of a planet is just for your team's reference in strategic planning.
Left-click to set a planet's priority, right-click to clear it.","点击此按钮（或按下Alt+5），然后左键单击一个行星来将它的优先级设为5。
设置行星优先级可以给您的队伍的行动提供参考。
左键单击以设定优先级，右键单击以取消。"
基础,main.xml,NLobbyCombatNormal,"Ship combat is carried out using the standard speed and attack power.
 
This is the recommended mode for new players, players who like to micromanage their ships, and players who like a slower, more thoughtful game.","单位移动速度正常，造成正常的伤害。
 
推荐一般的玩家使用。"
基础,main.xml,err_HostInitT,"Network host initialization error","网络主机初始化失败"
基础,main.xml,UnitStatsM2,"        Attack:   ","火力："
基础,main.xml,TutorialEnemyName,"The Enemy","敌人"
基础,main.xml,StartingGame2,"Adding Human Home Planets...","放置人类玩家母星……"
基础,main.xml,NCommand,"Command Stations","指挥中心"
基础,main.xml,NShowsNonScoutedWormholeLinks,"The host can set whether or not a planet is visible before the human team visits it.  Be advised that the Human Colony Rebellion and Mining Golem minor factions can be very hard to play with this option.","主机可以设定在玩家是否到达过行星才能在星图上看到它。如果启用了这个选项后又启用了殖民地义军与天顶破坏者，游戏难度将变得非常高。"
基础,main.xml,EnemyOther,"Other: ","其它的："
基础,main.xml,RiotControlStarshipI_Template_1_Desc,"Long range lasers, a shotgun, and a forcefield.","装备长程激光，1个霰弹枪，1个防暴盾。"
基础,main.xml,NEconomic,"Economic Ships","经济单位"
基础,main.xml,DLoadGame,"Resume a previously saved game.
Note:  When loading a multiplayer game, only the host must load the game.  All of the other players just use the Join Multiplayer Game button like normal.","读取一个游戏存档。
注意：当读取一个多人游戏存档时，只有主机需要读取。其他玩家只需与平常一样直接加入游戏即可。"
基础,main.xml,UnitStatsM4,"        Reload Speed:    ","重装弹药速度："
基础,main.xml,LoadFailed5," to load this game.","来读取游戏。"
基础,main.xml,ChangeCombatStyle,"Are you sure you wish to change the combat style?
If you later decide you want to change it back, you'll need to save and reload your game.","您确认要改变战斗方式吗？
如果您之后想要将它改回来，您必须保存后重新读取存档。"
基础,main.xml,LoadingGame3,"Parsing Saved Data...","解析存档文件……"
基础,main.xml,CoopCompletedRebuilding," completed rebuilding ","完成重建"
基础,main.xml,RiotControlStarshipIII_Template_2_Desc,"Heavily armed, mounts three shotguns, has a forcefield.","重型武装，装备3个霰弹枪，1个防暴盾。"
基础,main.xml,Transporting,"Transporting","运输中"
基础,main.xml,PCrystal," Crystal","水晶"
基础,main.xml,ShotArtillery,"Artillery","火炮"
基础,main.xml,NModRiot,"Riot Starship I Modules","防暴星舰上的模块"
基础,main.xml,ExpansionStartTitle,"Game Could Not Start Due To Unavailable Selected Expansions","游戏无法开始，因为扩展包"
基础,main.xml,StartingGame11,"Reseting Player Unit Types...","重新设置玩家单位类型……"
基础,main.xml,NetSyncOneThousand,"1000 Messages","1000 信息"
基础,main.xml,ServerIP,"Server Address","服务器地址"
基础,main.xml,TotalResources3,"    Crystal: ","水晶："
基础,main.xml,PerSecond,"/s","点/秒"
基础,main.xml,StartingGame17,"Closing Open Player Slots...","关闭被打开的玩家位置……"
基础,main.xml,ExplosionVolume,"Explosion Sound Volume:","爆炸音量："
基础,main.xml,AIDifficultyItem6,"6 Less Easy","6 较不易"
基础,main.xml,TVisibility,"Visibility (Fog Of War)","能见度（战争迷雾）"
基础,main.xml,Refresh,"Refresh","刷新"
基础,main.xml,AIDifficultyItem10,"8 Hard","8 困难"
基础,main.xml,sfor,"for","造成"
基础,main.xml,HoverWormhole,"(Ctrl+Right Click to send selected ships through)
       (Ctrl+Left Click to send your view through)","（按Ctrl+右键单击让选定的单位通过虫洞）
（按Ctrl+左键单击切换到虫洞对面行星的视图）"
基础,main.xml,LoadingGame6,"Gathering Object States...","收集物体数据……"
基础,main.xml,HighScores_Players,"Players","玩家"
基础,main.xml,N2xMod,"The AI will send waves twice as frequently as usual, but at the same power as it would otherwise send.","敌人的攻势间隔时间将是通常的一半。但单位强度不变。"
基础,main.xml,NumPlanets,"# Planets:","行星数："
基础,main.xml,DCombatNormal,"The game host can click this button to toggle the current combat style.
Combat Style can only be changed once per game.  To change it more than once, you will have to save and reload your game.
Current Style: Normal (Ships move at a normal speed and do normal damage)","主机可以点击此按钮来改变战斗方式。
战斗方式一局游戏只能改变一次。若想要改变多次，您需要保存后重新读取您的存档。
当前战斗方式：普通（单位移动速度正常，造成正常的伤害）"
基础,main.xml,NoFilename1,"Please select a name for your savegame.","请给您的存档选择一个名称。"
基础,main.xml,MusicVolume,"Music Volume:","音乐音量："
基础,main.xml,NAITParasite,"Uses parasite raids almost exclusively (which can be highly damaging).
 ","几乎只使用寄生虫进行进攻。"
基础,main.xml,AttackedCommandStation2," Dangerous Ships)","有威胁的部队）"
基础,main.xml,NotReadyT,"All Players Not Ready!","并非所有玩家都准备完毕！"
基础,main.xml,SecondaryAdvFactory,"Technology:    Steal advanced AI production facilities for human use by capturing their Advanced Factories.","科技：占领人工智能的高级工厂来为我们所用。"
基础,main.xml,NAITRaider,"Planets are all moderately defended, and they do heavy attacks on the players.
 ","所有行星都有着中等力量的防御，会凶猛地进攻玩家。"
基础,main.xml,StatEconomicB,"ECONOMIC Built","建造的经济单位"
基础,main.xml,TAITTeleTurtle,"Teleporter Turtle","瞬移乌龟"
基础,main.xml,Warn_Home,"Your HOME command station is under attack!","您的母星指挥中心受到攻击！"
基础,main.xml,ShotIonBeam,"Ion Beam","离子光束"
基础,main.xml,IsSelfBuilding,"Under Construction","建造中"
基础,main.xml,Place_ResourceClose,"Non-harvester ships cannot be placed this close to resource harvest locations.","非采集厂单位无法在离采集点这么近的距离建造。"
基础,main.xml,WeakVs,"Weak Vs:      ","被克制："
基础,main.xml,DModRiot3,"Modules for the Riot Control Starship MkIII.","防暴星舰III型上的模块。"
基础,main.xml,NControlNodes,"Control Nodes","控制指令"
基础,main.xml,StatKnowledgeI,"KNOWLEDGE In","知识总收入"
基础,main.xml,Start_server,"Server on port","服务器端口"
基础,main.xml,THighScores,"High Scores","积分排行"
基础,main.xml,HighScores_Header,"High Scores","积分排行"
基础,main.xml,ShipsKilled,"Ships Killed","消灭的部队数"
基础,main.xml,StatOut,"Out","支出"
基础,main.xml,AIOptionsTab,"AI Options","人工智能选项"
基础,main.xml,ManagePlayers_DupeNamesHeader,"Multiple Players Have The Same Name!","多个玩家名称相同！"
基础,main.xml,MustSelectServer,"You must select a server before you can connect.","在连接前您必须选择一个服务器。"
基础,main.xml,DisableDamagedShipSmoke,"Disable Damaged Ship Smoke","去除受损单位的冒烟效果"
基础,main.xml,GameOptionsTab,"Game Options","游戏选项"
基础,main.xml,errPlanetCount,"Planet count mismatch: ","行星数不匹配："
基础,main.xml,THeavyDefense,"Heavy Defense","重型防御设施"
基础,main.xml,Intro_credits9,"(3 OR MORE NON-BUGFIX IDEAS THAT MADE IT INTO THE GAME)","（有超过3个及以上非修正BUG的主意最终用于游戏的）"
基础,main.xml,PlanetPriority3,")","设定）"
基础,main.xml,Header_findType,"Find Type","查找类型为"
基础,main.xml,StatNBuilt,"# Built","玩家建造"
基础,main.xml,TAITCounterSpy,"Counter Spy","反间谍"
基础,main.xml,TAITSpecialForces,"Special Forces Captain","特种部队队长"
基础,main.xml,EAITParasite,"Has all parasite ships from the start, as well as whatever other ships they might unlock.","从一开始就拥有寄生虫。"
基础,main.xml,Planet,"Planet:","行星："
基础,main.xml,HighScores_ScoreOverTime,"Score / Time","积分 / 时间"
基础,main.xml,ConfirmExit,"This will close the program and end your current game without saving.  Are you sure?","这将结束您当前的游戏并返回操作系统，未保存的游戏进度将丢失，确定吗？"
基础,main.xml,DCheckForUpdates,"Manually check to see if there are any more recent updates than your current version (the game normally does this at startup).

If a firewall or a proxy server or similar is blocking direct checking for updates (or if you don't have an internet connection directly on this machine), you may want to visit the Arcen site to download the update manually.","手动检查是否有您当前游戏版本的更新（默认打开游戏时自动检查）。

如果防火墙或代理服务器软件阻止了您检查更新（或者本机无法连接到网络），您可以访问官方网站来下载更新包。"
基础,main.xml,Ship_EnerEffDown,"Energy efficiency low due to high reactor volume at this planet.  Only producing:","由于已有相同类型的反应装置，效率下降了，仅能生产："
基础,main.xml,NebulaStyle,"Nebula Style:","星云风格："
基础,main.xml,ShipScouts,"Scouts &amp; Warheads","侦察机及飞弹"
基础,main.xml,StatOperationCost,"Operation Cost","正常运行"
基础,main.xml,LoadingGameData,"Loading Game Data...","读取游戏数据中……"
基础,main.xml,DUpdatesBeta,"These are work-in-progress updates to the game.  Feel free to download them to try out the latest content before it is officially released, but be aware that it is not always 100% stable -- that's the nature of beta software!

We put out beta updates so that players can get early access to new content and can provide commentary to us on it (if they are so inclined).  Feel free to stop by the Arcen forums to join in the discussion. Newcomers are always welcome!","Beta更新包含正在进行测试的游戏更新。您可以在正式版发布前随意体验新版本，但请注意，Beta版并不是百分之百稳定的。

我们发布Beta更新，这使得玩家可以早点体验到新版本的内容并提出意见（如果他们想要的话）。"
基础,main.xml,StatBtnEconomy,"Economy","经济"
基础,main.xml,NAITTrain,"Uses many, many astro trains.
 ","使用更多的星际列车。"
基础,main.xml,MFindMilitary,"Mobile Military","可移动的部队"
基础,main.xml,ResetButton,"RESET","重设"
基础,main.xml,CloakedEnemyShips,"Cloaked Enemy Ships","隐形的敌方单位"
基础,main.xml,StartingGame8,"Populating Planetary Objects...","添加行星物体……"
基础,main.xml,LowPower,"Ships In Low Power Mode","节能模式下的单位"
基础,main.xml,UAITFortress,"SuperFortress","超级要塞"
基础,main.xml,NoSelectedShips,"None.","无。"
基础,main.xml,RestoreZoom,"Restore Zoom When Activating Control Group","激活舰队时重置缩放（无效，选中后不保存）"
基础,main.xml,InvalidKeyT,"Invalid License Key","许可密钥错误"
基础,main.xml,AIDifficulty," Diff)","难度）"
基础,main.xml,DStarship,"Powerful starships to help turn the tide.","强大的星舰，能扭转战局。"
基础,main.xml,CanNotChangeCombatStyle,":    Combat Style can only be changed once per game.  To change it again, save and reload your game.","：每次游戏只能改变一次战斗方式。若要多次改变，您必须保存并重新读取存档。"
基础,main.xml,ShipScience,"Science Labs","科学实验室"
基础,main.xml,MarkIVShips,"Mark IV Ships","IV型部队"
基础,main.xml,HighScores_Cheats,"Cheats?","是否作弊？"
基础,main.xml,DPriority6,"Click this button (or press Alt+0), then left-click a planet to set its priority to 6.
Setting the priority of a planet is just for your team's reference in strategic planning.
Left-click to set a planet's priority, right-click to clear it.","点击此按钮（或按下Alt+6），然后左键单击一个行星来将它的优先级设为6。
设置行星优先级可以给您的队伍的行动提供参考。
左键单击以设定优先级，右键单击以取消。"
基础,main.xml,ShipColony,"Colony Ships &amp; Transports","殖民舰及运输船"
基础,main.xml,AIDifficultyItem8,"7.3 Normal","7.3 不凡"
基础,main.xml,Intro_story13,"The AIs are stronger, faster, more advanced, and demonstrably ruthless.","比起我们，人工智能更强大、更迅速、更先进、更无情。"
基础,main.xml,Start_Images,"Loading Images","载入图像"
基础,main.xml,Lost,"You Have Lost...","您失败了……"
基础,main.xml,HighScores_AdjustedScore,"Adj.Score","累积积分"
基础,main.xml,TNormalShips,"Normal","普通"
基础,main.xml,TMapSeed,"Map Seed","星图随机码"
基础,main.xml,BFilterMy,"My","我"
基础,main.xml,NSinglePlanetControlNodes,"Single Planet Control Nodes","单一行星控制指令"
基础,main.xml,RiotControlStarshipII_Template_1_Abbr,"STND","长程"
基础,main.xml,AIPExplanation,"(Effective = Total -  Reduction, unless Total - Reduction &lt; Floor, in which case Effective = Floor.  Floor increases as Total goes up.)","（实际进度=总量-减少数，除非总量-减少数小于基数，此时实际进度=基数。总量增加时基数也增加）"
基础,main.xml,ShotEnergyBurst,"Energy Burst","能量爆发"
基础,main.xml,Updates_openUpdateFileFilter,"Updated Packages","已手动下载的更新包"
基础,main.xml,DJoinGame,"1. Connect to an existing multiplayer game on the LAN, or at a known IP address.
2. Visit the Arcen Games forums or IRC channel to meet other players.","连接到一个已建立的本地局域网游戏，或是一个已知的IP地址。"
基础,main.xml,StatBtnTypes,"Types
By Player","玩家单位类型"
基础,main.xml,BasicTutorial2,"Basic Tutorial 2:    Building Your Economy","基础教程2：    发展经济"
基础,main.xml,ExpansionTrialOnly,"      (Installed As Trial Mode -- Click To Unlock Full)","（已安装了试玩版本，点击以解锁完整版游戏）"
基础,main.xml,Start_Win,"Initializing Menus","初始化菜单"
基础,main.xml,MainMen_btnHost,"Host New Campaign (1-8 Players)","开始新游戏（1-8名玩家）"
基础,main.xml,Warn_Insta,"Your ships are being insta-killed by","您的飞船被一击必杀了，击杀它的是："
基础,main.xml,YourIncome1,"Your Income:               ","您的收入："
基础,main.xml,BExperimentalStar,"E-STAR","试星"
基础,main.xml,DHighScores,"- Whenever a game is saved or closed, the high scores are updated.
- Only the highest Player Score Over Time is logged for an individual map seed (variants of that map seed, based on position, available ships, or other factors all count as the same).
- Each player profile has a separate high scores list, so changing the profile also changes the high scores list.","-每当一个游戏进行存档或退出时，积分排行刷新一次。
- 以同一星图随机码开始的游戏只记录最高分（其他因素，如初始行星，可用单位将不影响）。
- 每个玩家档案有着自己的积分排行，改变档案也将改变积分排行。"
基础,main.xml,NetSyncNOver2000,"N/2000 Messages","N/2000 信息"
基础,main.xml,IconGroupingDistanceNone,"(Disabled)","（关闭）"
基础,main.xml,NAITTechParasite,"Like the Feeding Parasite, except the enemy uses only the highest-technolgies right from the start (these are quite a formidable foe).
 ","基本与吸血的寄生虫相同，但敌人从一开始就使用高等级的部队。"
基础,main.xml,StarsSparse,"Sparse Black","稀疏黑色"
基础,main.xml,NebulaReal,"Realistic","真实"
基础,main.xml,Delete,"Delete","删除"
基础,main.xml,DockClear,"Multiple Constructors With Differing Build Queues Are Selected.  Click To Clear All Of Them.","选中了建造队列任务不同的多个兵工厂。点击以取消所有队列。"
基础,main.xml,Waiting,"Waiting For Players...","等待玩家……"
基础,main.xml,Autosave_AfterGameOver,"AfterGameOver","在游戏结束以后"
基础,main.xml,TJoinGame,"Join Multiplayer Game","参与多人游戏"
基础,main.xml,DefZoomSpeed,"Default Zoom Speed Is Fast (Hold Shift To Slow)","加快缩放速度（按住Shift为正常速度）"
基础,main.xml,DRiotStarship,"Crowd-control-oriented starships.","防暴星舰最初用于控制人类暴乱。"
基础,main.xml,NMapRealHubs,"Connections between planets are complex and plentiful.","行星间的连接更复杂，且连接数很多。"
基础,main.xml,UnitStatsA1,"Speed:   ","移动速度："
基础,main.xml,ExpansionMissing,"      (Not Installed)","（未安装）"
基础,main.xml,GiveButton,"GIVE","给予"
基础,main.xml,DisableSound,"Disable Sound","关闭音效"
基础,main.xml,SummaryPalette,"Planetary Summary Palette (Far Right)","行星上单位总结（右方）"
基础,main.xml,Notes,"Notes:","注释："
基础,main.xml,DMapModes,"Click this button to toggle between display of secondary counts.
Current Mode: ","点击此按钮以切换星图显示模式。
当前模式："
基础,main.xml,Fow_None,"No Fog Of War: You can view any planet, and the planetary summary always shows enemy ships.","无战争迷雾：您可以看到所有行星，行星概况中一直显示敌人的单位。"
基础,main.xml,Unhandled2,"Details available in UnhandledErrors.txt in the folder:","详情请查询UnhandledErrors.txt，在目录："
基础,main.xml,LoadingGame9x,"Saving","保存"
基础,main.xml,TAITTechHammer,"Technologist Sledge","铁锤专家"
基础,main.xml,RiotControlStarshipII_Template_4_Abbr,"WALL","防御"
基础,main.xml,Intro_credits1,"DESIGN","设计"
基础,main.xml,DUpdatesZenith,"The Zenith Remnant is the first expansion for AI War.  If you have purchased this expansion or would like to try it in trial mode, you can install this update to download the content you need.

You can later turn off the expansion in the settings window if you decide you don't want to have it turned on.  To uninstall it, you'd simply need to delete the folder Expansions\1 under the AI War install folder.

If you have purchased a license key for the expansion, don't forget to enter it on the Expansions tab of the Settings window (off the main menu)!  That unlocks the full game, instead of leaving you in trial mode.","天顶残存是人工智能战争的第一个扩展包。可以点击这里下载更新。

安装后您可以在扩展包选项卡中关闭它来玩原版。若要卸载它，您只需要删除游戏文件夹下的Expansions\1文件夹。

请尽情享受。"
基础,main.xml,DisableStarBGs,"Disable Star Backgrounds","停用星空背景"
基础,main.xml,Intro_story8,"Some believe this is a benevolent strategy on the part of the AIs;","有些人相信这只不过是人工智能的策略罢了。"
基础,main.xml,RiotControlStarshipII_Template_3_Full,"Response","中程组合"
基础,main.xml,BarsInFarZoom,"Show Ship Bars In Far Zoom","缩放较远时显示单位机能指示条"
基础,main.xml,SizeWindow,"Size Game Window To:","窗口大小变为："
基础,main.xml,HighScores_HandicapDiff,"Handicap Diff","资源相差率"
基础,main.xml,DefPanSpeed,"Default Pan Speed Is Fast (Hold Shift To Slow)","加快滚屏速度（按住Shift为正常速度）"
基础,main.xml,UnitStatsA6,"        Energy Use:   ","消耗能量："
基础,main.xml,EngFRD,"Free-Roaming Defender","自由巡逻模式"
基础,main.xml,UnitStatsA3,"        Shields:   ","护盾："
基础,main.xml,HighScores_AvailableShips,"Available Ships","可用单位"
基础,main.xml,NoSlotsA,"No Open Seats Available","玩家人数已满"
基础,main.xml,StatBuildQueue,"Queue Costs","位于建造队列中"
基础,main.xml,DMapStyle,"The host sets the general style of the map.  SIMPLE is the default, but non-beginners may prefer REALISTIC.","主机可以设置星图的样式。默认使用简单，但有经验的玩家可能会更喜欢复杂。"
基础,main.xml,RiotControlStarshipII_Template_1_Desc,"Long range lasers, a shotgun, a forcefield, and a short range tazer for emergencies.","装备长程激光，1个霰弹枪，1个防暴盾，及1个电气枪。"
基础,main.xml,CountConstructors,"Con ","厂"
基础,main.xml,Lobby,"Lobby","大厅"
基础,main.xml,Prereq,"Prerequisite: ","前提条件："
基础,main.xml,NFullFog,"Your team must already have ships on a planet to see enemy ships on it, and you must scout planets to see who owns them.","您的队伍必须有至少1艘飞船在行星上才能看到此行星上敌人的单位，而且必须首先侦察行星才能看到谁拥有它。"
基础,main.xml,TAITTechRaider,"Technologist Raider","侵略专家"
基础,main.xml,Achievements_Complete,"Completed","完成"
基础,main.xml,AIDifficultyItem2,"2 Very Trivial","2 极愚蠢"
基础,main.xml,MetalRate,"Metal Income Rate","金属收入率"
基础,main.xml,TAITTank,"The Tank","坦克"
基础,main.xml,Updates_UpdateNone,"None","不需要"
基础,main.xml,CannotConnect,"Cannot Connect To Game","无法连接到游戏"
基础,main.xml,NTeleporting,"There are several ship types that use teleportation, and all of them will be disabled if this option is deselected.  Ships that teleport move to their destination instantly, but they are very briefly paralyzed upon reaching their destination (the length of paralysis depending on how far they teleported).","有一些单位拥有瞬移能力，关闭这个选项将让它们都不可用。拥有瞬移能力的单位将一下子到达目的地，但它们在到达后会有一定时间不能行动（时间长短取决于它们瞬移的距离）。"
基础,main.xml,StatMilitaryB,"MILITARY Built","建造的军事单位"
基础,main.xml,TExtraFog,"Currently EXTRA FOG OF WAR","当前为额外战争迷雾"
基础,main.xml,AIDifficultyItem4,"4 Very Easy","4 很容易"
基础,main.xml,AreYouSure,"Are you sure?","您确定吗？"
基础,main.xml,NAITRandomEasy,"A random AI type that includes only the easier types.
 ","只包括简单类型的人工智能。"
基础,main.xml,TAITRandomHard,"Random Harder","随机困难"
基础,main.xml,TAITMine,"Mine Enthusiast","空雷狂人"
基础,main.xml,EnemyShips,"Enemy Ships","敌方部队"
基础,main.xml,NRepair,"Repair Ships","维修船"
基础,main.xml,DTotals4,"

Your Ships:            ","您拥有的部队数："
基础,main.xml,BCore,"CORE","核心"
基础,main.xml,StatPlayer,"Player","玩家"
基础,main.xml,KnowledgeFound1,"Knowledge Found:       ","知识采集了："
基础,main.xml,QFrontBack,"Alt+left-click to send to front of queue, Alt+right-click to send to back.","Alt+左键单击将对象置于队列最前，Alt+右键单击将对象置于队列最后。"
基础,main.xml,DCommand,"Command Stations establish a base on a new planet.","指挥中心用于在行星上建立基地。"
基础,main.xml,BMarkIV,"IV","IV型"
基础,main.xml,NAITBackHacker,"Planets are all moderately defended, and they have a permanent path into each player's home planet (so creating the usual defensive perimeters won't work).
 ","所有行星都有着中等力量的防御，它们可以通过外星虫洞直接到达玩家的每个行星（通常的防守策略并不适用）。"
基础,main.xml,FileDumped2,".dmp' successfully created.",".dmp”已被成功创建。"
基础,main.xml,DEconomic,"Ships useful for growing your economy.","用于提升您经济发展的单位。"
基础,main.xml,GameSettings,"Game","总设定"
基础,main.xml,DMarkIV,"Fourth tier of ships for offensive purposes.","第四型号的单位。"
基础,main.xml,Yes,"Yes","是"
基础,main.xml,MMinimapModes,"Minimap Display Modes","迷你星图显示模式"
基础,main.xml,CouldNotLoadImage,"Could not load image","无法读取图像"
基础,main.xml,TAITStealth,"Stealth Master","暗行大师"
基础,main.xml,RiotControlStarshipIII_Template_1_Full,"Arrestor","平衡组合"
基础,main.xml,Header_threat,"Threat","威胁"
基础,main.xml,InvalidFilenameT,"Invalid Filename!","文件名不可用！"
基础,main.xml,AutoAIProgress3,"min","分钟"
基础,main.xml,TAITFortress,"Fortress Baron","要塞男爵"
基础,main.xml,Message,"Message:","消息："
基础,main.xml,Intro_story7,"Against us.","并开始进攻我们。"
基础,main.xml,Intro_story14,"One of us is going to destroy the other.","我们退无可退。决战已近，两方中一方必将摧毁另一方。"
基础,main.xml,DisconnectedT,"Disconnected!","连接中断！"
基础,main.xml,DeleteMultipleSaves,"Delete the savegames","删除多个存档"
基础,main.xml,StatCrystalOut,"Crystal Out","水晶支出"
基础,main.xml,Abbrev_metal,"Metl","金属"
基础,main.xml,BTurret,"TUR","炮塔"
基础,main.xml,InsufficientHealthToReplicate,"Insufficient Health To Replicate","没有足够的机能去复制"
基础,main.xml,TNoFog,"Currently NO FOG OF WAR","当前为无战争迷雾"
基础,main.xml,NMapReal,"Connections between planets are much more complex, as real wormhole networks would more likely be.
 
This mode tends to create more interesting maps, but the visual complexity of them can be intimidating to new players.","行星间的连接更复杂。
 
推荐有经验的玩家使用。"
基础,main.xml,HideShots,"Hide Shots","隐藏子弹"
基础,main.xml,AlwaysWormholeNames,"Always Display Wormhole Names In Front Of Ships","虫洞名称总优先于单位名称显示"
基础,main.xml,RiotControlStarshipI_Template_1_Abbr,"STND","长程"
基础,main.xml,MusicDimPause,"Play Music And Don't Dim Screen While Paused","暂停时继续播放音乐且屏幕不变暗"
基础,main.xml,Config_UserDataFail1,"Unable to create user data!","无法创建用户档案！"
基础,main.xml,SecondaryCaptives,"Economic:    Set captive human settlements free.","经济：解放俘虏集中营。"
基础,main.xml,DProfiles,"The current profile is shown.
Click to manage existing profiles, create new profiles, or change the current profile.","当前的玩家档案。
点击这个选项来管理玩家档案，添加新的档案，或是改变当前的档案。"
基础,main.xml,MissionObjectives2," Mission Objectives","个任务目标"
基础,main.xml,Score_Trial,"TRIAL","试玩版"
基础,main.xml,InvalidFilename2,"' cannot be used in filenames.","”不能用于文件名。"
基础,main.xml,PauseAllButton2,"ALL","暂停"
基础,main.xml,Start_Sounds,"Loading Sound Effects","载入音效"
基础,main.xml,DockIsNotPaused,"Current Setting: Actively Build -- Click To Pause.","当前设置：正常--点击以暂停。"
基础,main.xml,LoneMoveStyle,"Current Movement Style:  Ship Movement Is Lone
When you select multiple ship types and issue a move order, all ships move at their individual speeds.
Faster ships will get to the destination before slower ones.
This makes some tactical maneuvers easier to do, but makes it harder to move ships as a unified group.","目前移动方式： 单位单独移动
当您让多类型部队混合舰队移动时，所有单位以它们各自的速度进行移动。
快速的单位将先于慢速的单位到达目的地。
这让您能更好贯彻您的战术意图，但无法让舰队以群体进行移动。"
基础,main.xml,DChatMessage,"Click this button (or hit Enter) to send a message to your team.
Hover over to see the log of recent messages amongst your team.","点击此按钮（或按下回车键）来给盟友发送消息。
将鼠标指针停在这上面以查看最近的消息记录。"
基础,main.xml,HighScores_Loss,"Loss","负"
基础,main.xml,ManagePlayers_OnePlayerHeader,"No Players Are Active!","没有任何玩家被启用！"
基础,main.xml,StatShip,"Ship","单位"
基础,main.xml,LoadingGame10,"Load Complete!","读取完成！"
基础,main.xml,NTraders,"Trader Ships","贸易船"
基础,main.xml,CouldNotInitDisplay,"Could not initalize display format!","无法初始化显示！"
基础,main.xml,HighScores_Win,"Win","胜"
基础,main.xml,Updates_btnCheckForUpdatesInProgress,"Checking For Updates... Please Wait...","检查更新中，请等待……（不建议）"
基础,main.xml,DModRiot2,"Modules for the Riot Control Starship MkII.","防暴星舰II型上的模块。"
基础,main.xml,IncludeAIs,"Include AIs In Extra Graphs?","在图像中加入人工智能的情况？"
基础,main.xml,SecondaryARS,"Technology:    Steal AI technology for human use by capturing their Advanced Research Stations.","科技：占领人工智能的高级研究所来为我们所用。"
基础,main.xml,BWarhead,"WARH","飞弹"
基础,main.xml,EnemyNone,"None","无"
基础,main.xml,Intro_story5,"During the war, both sides used sophisticated AIs to run battles.","内战期间，双方都使用了先进的人工智能来进行战争。"
基础,main.xml,EngIdle,"Idle","闲置"
基础,main.xml,TAITParasite,"Feeding Parasite","吸血的寄生虫"
基础,main.xml,ShipTotals3,"Enemies Have:    ","敌人有："
基础,main.xml,CombatStyle,"Combat Style:","战斗方式："
基础,main.xml,GroupLocation2,"               Elsewhere:    ","它星："
基础,main.xml,RiotControlStarshipIII_Template_1_Desc,"Balanced weaponry, a forcefield, and two multiplex tractors.","较平衡的武器组合，并装备1个防暴盾，2个牵引机。"
基础,main.xml,NegativeEnergy,"Negative Energy Balance! Planetary systems are offline.","能量供应严重不足！行星所有设施失效。"
基础,main.xml,CountResources,"R ","点"
基础,main.xml,TotalResources1,"Resources:                    ","采集点："
基础,main.xml,NoSupply,"No Supply, Too Distant From Your Planets Or Supply Blocked","无法得到补给，离您的行星太远或者被敌人切断了补给"
基础,main.xml,MeetPlayers3,"Visit the AI War IRC channel","访问人工智能战争IRC频道（英文）"
基础,main.xml,MainMen_btnAchievements,"Achievements","玩家成就"
基础,main.xml,SetSelected,"Set Selected As Current","将已选择的档案设为当前使用的"
基础,main.xml,MustSelectColor,"You must select a preferred color.","您必须选择喜欢使用的颜色。"
基础,main.xml,RiotControlStarshipI_Template_3_Desc,"Medium range weaponry and a forcefield.","装备中距离武器和1个防暴盾。"
基础,main.xml,Current,"(Current)","（当前）"
基础,main.xml,ExitToOS,"Exit To Operating System","退回到操作系统"
基础,main.xml,Warn_CmdAttack,"command station is under attack!","您的指挥中心受到攻击！"
基础,main.xml,ManagePlayers_OnePlayerText,"At least one player must be set to active in order to save.","至少需要启用一个玩家来保存。"
基础,main.xml,LowPowerEnergy,"Low Power Energy Use","节能模式消耗的能量"
基础,main.xml,Warn_RebelColony1,"Rebel Colony on ","殖民地义军位于"
基础,main.xml,NoServerSelected,"No Server Selected!","未选中任何服务器！"
基础,main.xml,PlanetIntel1,"","行星"
基础,main.xml,AlwaysPlanetNames,"Always Show Planet Names In Galaxy Map","星图里总是显示行星名称"
基础,main.xml,IntTutorial,"Intermediate Tutorial:    Campaign Simulation","中级教程：    模拟战斗"
基础,main.xml,StatDefensiveB,"DEFENSIVE Built","建造的防御单位"
基础,main.xml,Place_Supply,"No Supply:  This planet does not have supply from your team (too distant, or supply blocked).","没有补给：这个行星无法获得您的补给（离您的行星太远或者被敌人切断了补给）。"
基础,main.xml,StatKilled,"Killed","消灭"
基础,main.xml,TShowsNonScoutedWormholeLinks,"Show Unexplored Planets","显示未探索的行星"
基础,main.xml,Intro_credits5,"ALSO SPECIAL THANKS TO","也要特别感谢"
基础,main.xml,SecondaryFabricators,"Technology:    Steal experimental AI production facilities for human use by capturing their Fabricators.","科技：占领人工智能的试验性工厂来为我们所用。"
基础,main.xml,CouldNotFindSound,"Could not find sound","找不到声音"
基础,main.xml,InvalidSeedT,"Invalid Input","输入不正确"
基础,main.xml,StatMetalI,"METAL In","金属总收入"
基础,main.xml,TAIDiff,"AI Difficulty","人工智能难度"
基础,main.xml,MultipleHomes1,"At least one player has more than one home planet selected.  Do you wish to continue?","至少有一位玩家选择了多于1个母星，您确定继续吗？"
基础,main.xml,Intro_credits3,"GRAPHICS","图形"
基础,main.xml,Intro_story2,"Our orbits are still littered with wreckage, with the terrible casualties.","我们的星系内充满着战后的残骸和各种可怕的痕迹。"
基础,main.xml,YesNoA,"(Press Y or Enter to Confirm, N To Cancel)","（按Y或回车键确定，N取消）"
基础,main.xml,Game_frameSk,"Frame Skip","帧数"
基础,main.xml,ColorConflictT,"Color Conflict!","颜色有冲突！"
基础,main.xml,Place_Coll,"Ships cannot be placed directly on another ship.","单位不能放置在另一单位之上。"
基础,main.xml,AlreadyOpenT,"Game Already Open","已有相同的程序正在运行"
基础,main.xml,lblNetworkingDetailedHelp,"Need some tips on how to get your network set up to play AI War? This section is here to help.  Here are the basics:

1. Make sure that both the host and all the clients are using the same network port (you will be by default, unless one of you changed the value.).
2. Make sure that both the clients and the host have allowed AI War access through any software firewalls.
3. When playing on a LAN, that's it!  Either the game will autodetect the host, or can directly type in their local IP (always in the format 192.x.x.x, 172.x.x.x, or 10.x.x.x).
4. When using a VPN client (Hamachi, Commodo, etc), the client will need to type in the VPN IP address of the host (often these are in the format 5.x.x.x).
5. When playing directly over the Internet, the host will need to enable port forwarding on their router in order for the clients to be able to connect via IP.
6. In order for clients to connect directly over the Internet, they will also need the host's public IP address -- this is different from the local IP address, so be careful there.

Here are some good sources for more information about the various subjects above:","需要一些关于设置网络的提示吗？这部分帮助可能会很有用。帮助内容如下：

1、确认所有玩家使用同一端口（默认为同一端口，除非玩家自己手动修改）。
2、确认所有玩家允许人工智能战争程序通过防火墙。
3、如果在本地局域网内进行游戏时，游戏会自动检测是否有主机，当然您也可以输入IP来连接！
4、当使用VPN代理时，玩家需要输入VPN上的IP地址。
5、当在互联网上进行游戏时，主机需要开放相应的路由器端口。
6、互联网IP地址与本地局域网IP地址是不同的，请注意。

您可以在下面找到更多信息：（全部为英文）"
基础,main.xml,DirectIP,"Direct Connect","IP直接连接"
基础,main.xml,Graphs,"Graphs","图像"
基础,main.xml,SyncingGame3,"Linking FG Objects...","正在连接微粒物……"
基础,main.xml,ZoomCenterOnCursor,"Zoom-In Hotkeys Center On Cursor","使用热键缩放时以鼠标指针为中心"
基础,main.xml,Locked,"                    (LOCKED)","（锁定）"
基础,main.xml,TSettings,"Settings","游戏设定"
基础,main.xml,AudioSettings,"Audio","音量"
基础,main.xml,RestartRequiredT,"Game Restart Required To See Changes","需要重新启动程序才能观察到改变"
基础,main.xml,Visibility,"Visibility:","能见度："
基础,main.xml,Start_host,"GAME HOST","游戏主机"
基础,main.xml,DisableExplosionDebris,"Disable Explosion Debris/Embers","去除爆炸碎片"
基础,main.xml,OhLook,"Oh, look.  I thought you were dead.","喂，看啊。你要输了。"
基础,main.xml,NotCompiled,"INFORMATION UNAVAILABLE IN PRERELEASE VERSION","预览版中信息不可用"
基础,main.xml,SpeedDown,"Speed Down To","速度下降至"
基础,main.xml,Unhandled1,"An Unhandled Exception Has Occurred:","发生未处理的错误："
基础,main.xml,MTU,"Maximum Transmission Unit:","最大传输单元："
基础,main.xml,Load_errParsing,"Error parsing save file!","存档读取失败！"
基础,main.xml,ShotBlades,"Blades","砍击"
基础,main.xml,AIWar,"AI War","人工智能战争"
基础,main.xml,EAITRaider,"Has raider ships from the start, as well as whatever other ships they might unlock.","从一开始就拥有入侵者。"
基础,main.xml,AIDifficultyItem14,"9.3 Very Hard","9.3 极难"
基础,main.xml,ShipRebuildFailed2," due to ship cap being hit.  Its remains were scrapped instead.","由于部队已达上限。其残骸将被废弃。"
基础,main.xml,DAIDiff,"The host can set the difficulty level independently for each of the two AI players.  Level 1 is very easy, while level 10 is extremely hard.

AI players with a lower difficulty level start with and build fewer ships, send smaller and less frequent waves, have fewer bonus ship types, and use less advanced tactics.
 ","主机可以分别设定每个人工智能的难度等级。等级1是最容易的，而等级10是非常非常难的。

低难度的人工智能初始单位更少，建造的部队数更少，发动攻势的间隔时间更长，每波攻势的部队量更少，拥有的单位类型更少，并且更不经常使用高级战术。"
基础,main.xml,ManagePlayers_MissColorsHeader,"Every Active Player Must Have A Color!","每个被启用的玩家必须分配颜色！"
基础,main.xml,DTutorials,"1. The four in-game tutorials are HIGHLY recommended for all new players.  They are fun as well as full of crucial information.
2. The online video tutorials are another excellent resource for new players, but are not critical.
3. The online Wiki is a great reference for new players as well as more experienced ones. It contains all the answers to common questions -- if something isn't there, ask in the forums and we'll add it!","推荐所有刚接触此游戏的玩家都通过游戏内置的教程一次。它们含有关于游戏玩法的重要内容！"
基础,main.xml,Header_EnemyWavesExp,"Total number of enemy ships in all incoming waves.","即将进攻我方行星的敌人总数。"
基础,main.xml,InvalidWindowHeight,"The height of the game window must be set betwen 600 and 6000.","窗口高度必须在600到6000之间。"
基础,main.xml,DHandicap,"Weaker players have the option to take a boost to their resource production.  Additionally, the host  can assign a handicap to AI players to give them more ships both at the start and in each wave.  Negative handicaps hurt resource/ship production, positive handicaps boost resource/ship production.","对自己水平不自信的玩家可以调整它来降低难度。人工智能的资源相差率如果为正，将在开始拥有更多部队，且每波攻势敌人更多。负的资源相差率降低资源收入与单位建造速度，正的资源相差率提高资源收入与单位建造速度。"
基础,main.xml,Place_HarvesterOther,"Harvesters cannot be built on planets your team does not control.","无法在敌方行星上建造采集厂。"
基础,main.xml,NetSyncNOver400,"N/400 Messages","N/400 信息"
基础,main.xml,TProfiles,"Profiles","当前档案"
基础,main.xml,Intro_creditsDE,"LOCALIZATION QA (GERMAN)","本地化测试组（德国）"
基础,main.xml,PlaySelected,"Play Selected","开始您选择的教程"
基础,main.xml,NAITStealth,"Uses stealth raids almost exclusively (which can be highly disconcerting).
 ","几乎只使用隐形部队进行进攻。"
基础,main.xml,TAIIncludesAllExcept,"Includes All AI Types Except:","包括所有的类型，除了："
基础,main.xml,TAITScorched,"Scorched Earth","焦土者"
基础,main.xml,HighScores_DisabledShips,"Disabled Ships","不可用单位"
基础,main.xml,NetSyncNOver1600,"N/1600 Messages","N/1600 信息"
基础,main.xml,NAITMine,"Planets are all moderately defended, but are heavily booby-trapped with mines.
 ","所有行星都有着中等力量的防御，但都大量布设了空雷。"
基础,main.xml,IsNotLowPower,"Current Setting: Normal Operations -- Click To Enter Low Power Mode.","当前设置：正常能耗--点击以进入节能模式。"
基础,main.xml,PlayerSupply2B,"Your Team Does Not Have Supply At This Planet","这个行星未获得补给"
基础,main.xml,NAITAssassin,"Planets are all moderately defended, and they harass the strongest player with prejudice.
 ","所有行星都有着中等力量的防御，并会经常骚扰最强的玩家。"
基础,main.xml,ShieldBoosted,"Shield Boosted","力场强化"
基础,main.xml,Unscouted,"Unknown -- Send A Scout To Catalogue","未知的--请先进行侦察"
基础,main.xml,AlliedShips,"Allied Ships","盟友的单位"
基础,main.xml,StatPlanet,"Planet","行星"
基础,main.xml,Start_trial,"Trial Mode:  Only easy AI types enabled, and 3 hours time limit per campaign (no limit in tutorials).","试玩模式：只能启动简单的人工智能，每局游戏时间不能超过3小时（教程无时间限制）。"
基础,main.xml,DTotals8a,"
Auto AI Progress Amount / Minutes:     ","人工智能进度自动增长幅度（X点）/增长频率（每X分钟）："
基础,main.xml,LoadFailedT,"Load Failed","读取失败"
基础,main.xml,TAITTrain,"Train Master","列车大师"
基础,main.xml,TAIType,"AI Type","人工智能类型"
基础,main.xml,AlwaysHoverText,"Always Show Selected Units Hover Text","总是显示已选择单位的说明"
基础,main.xml,RestartRequired1,"Some of the settings you changed will not take effect until you exit the game and start it again.","某些设置仅当您重新启动程序后才会生效。"
基础,main.xml,Fow_Extra,"Extra Fog Of War: Your team must already have ships on a planet to switch to it, and you must scout planets to see who owns them.  Scouts must be present for the minimap to show enemies.","额外战争迷雾：您的队伍必须有至少1艘飞船在行星上才能看到此行星上敌人的单位，而且必须首先侦察行星才能看到谁拥有它。目前不清楚它与完全战争迷雾的区别。"
基础,main.xml,RiotControlStarshipII_Template_4_Full,"Shield Wall","防御组合"
基础,main.xml,BasicTutorial1,"Basic Tutorial 1:    Exploring The Galaxy","基础教程1：    探索星系"
基础,main.xml,ShipsTab,"Ships","单位"
基础,main.xml,BRepair,"REPAIR","维修"
基础,main.xml,UAIUniqueNone,"None","无"
基础,main.xml,LoadingGame7,"Gathering Player States...","收集玩家数据……"
基础,main.xml,FileDumpedT,"Dump file created!","转存文件创建成功！"
基础,main.xml,MainMen_btnTutorial,"Tutorials / Manual","教程/指引（请新手玩家先到此学习）"
基础,main.xml,Knowledge,"Knowledge","知识"
基础,main.xml,FullFogVis,"Full Fog Of War","完全战争迷雾"
基础,main.xml,AIProgressDisplayHeader,"AI Progress Alerts","人工智能增加了"
基础,main.xml,PlanetNotes,"Notes From Player(s):","注释来自玩家："
基础,main.xml,ShotEnergyWave,"Energy Wave","能量冲击波"
基础,main.xml,EAITCore,"Has all core ships from the start.","从一开始就拥有核心部队。"
基础,main.xml,Warn_Attack,"Ships Massing For Cross-Planet Attack","舰队正跨行星进攻"
基础,main.xml,ShipUnlocked,"New ship type unlocked at space docks: ","已经可以在太空兵工厂建造："
基础,main.xml,TAITTechParasite,"Technologist Parasite","寄生专家"
基础,main.xml,Header_EnergyExp,"Energy Display shows your current net energy balance.","它显示了您的能量储备。"
基础,main.xml,ReallyQuit,"Really Quit?","确定退出当前游戏吗？"
基础,main.xml,TAITRandomHardNonTechno,"Random Harder Non-Technologist","随机困难 - 非专家"
基础,main.xml,AIPEffective,"Effective AI Progress: ","实际人工智能进度："
基础,main.xml,Config_UserDataFail3,"Please grant yourself access to one of these folders and try again.","请给予您足够权限来打开这些文件夹，然后重试。"
基础,main.xml,StatSelfBuilding,"Under Construction","建造中"
基础,main.xml,CannotPlace,"Cannot Place:  ","无法放置："
基础,main.xml,TrialExplain,"You are currently playing the TRIAL version of the game; not all features are unlocked, and each campaign is limited to 3 hours.

To unlock the full version of the game, please enter your license key below.","您的游戏是试玩版本，只有部分的功能可用，且每局游戏时间不能超过3小时。

要解锁完整版的游戏，请在下面输入许可密钥。"
基础,main.xml,KnowledgePS,"Knowledge/s","知识/秒"
基础,main.xml,Paralysis,"Paralysis","瘫痪"
基础,main.xml,NAvenger,"Upon death, the AI Core Command Center will spawn a massive offensive space station that heads straight for the human homeworlds to destroy them unless stopped.","在被毁灭的瞬间，人工智能核心指挥中心将产生复仇者，直奔人类母星而去。"
基础,main.xml,Header_EnemyThreateningExp,"Total number of soon-to-be-attacking enemy ships that are not currently on your team's planets.","有可能对我方行星发动进攻的敌人总数。"
基础,main.xml,AIProgressGraph,"AI Progress","人工智能进度"
基础,main.xml,DTotals10,"
Disabled:     ","不可用单位："
基础,main.xml,ReducePerformance,"Items In Red Can Reduce Performance","红色的选项将会降低运行速度"
基础,main.xml,NAIIncludesAll,"All AI Types","包括所有的类型"
基础,main.xml,DefScore,"Show In-Game Score By Default","默认在游戏中显示分数"
基础,main.xml,ShotFlameWave,"Flame Wave","火焰波"
基础,main.xml,ExpansionAvailable,"      (Installed And Available)","（已安装了）"
基础,main.xml,HighScores_AIModifiers,"AI Modifiers","人工智能选项"
基础,main.xml,Selection_My,"My: ","我军："
基础,main.xml,Header_wave,"Wave","攻势"
基础,main.xml,Expansion1NameFull,"Expansion 1 - The Zenith Remnant","第一个扩展包 - 天顶残存"
基础,main.xml,AvailPreLock," Available For Build After Unlock","个部队解锁后可以建造"
基础,main.xml,IsNotLooping,"Current Setting: Build Queue Once And Then Stop","当前设置：按建造队列建造一次，然后停止"
基础,main.xml,Unlimited,"Unlimited","无限"
基础,main.xml,LowEnergy,"Low Energy Balance! Build more reactors soon.","能量供应不足！请建造更多能源反应装置。"
基础,main.xml,NMarkIV,"Mark IV Offensive Ships","IV型单位"
基础,main.xml,Header_EnemyAttackingExp,"Total number of attacking enemy ships on your team's planets.","进攻我方行星的敌人总数。"
基础,main.xml,NExtraFog,"Your team must already have ships on a planet to see enemy ships on it, and you must scout planets to see who owns them.  Scouts must be present for the minimap to show enemies.","您的队伍必须有至少1艘飞船在行星上才能看到此行星上敌人的单位，而且必须首先侦察行星才能看到谁拥有它。目前不清楚它与完全战争迷雾的区别。"
基础,main.xml,CountScouts,"Sct ","侦"
基础,main.xml,Start_client,"Client on port","用户端口"
基础,main.xml,NSchizoMod,"The AIs will send mixed waves of ships to you, rather than the usual waves that consist of one visible type.  This is harder to defend against.","敌人的攻势将由多种类型的单位组成，这使得它更难防守。"
基础,main.xml,RiotControlStarshipI_Template_1_Full,"Stand-Off","长程组合"
基础,main.xml,Updates_btnZenith,"Content For The Zenith Remnant","更新天顶残存（不建议更新）"
基础,main.xml,InProgress,"Game Already In Progress","已开始的游戏"
基础,main.xml,EngAccelingQ,"Accelerating Queue","加速队列"
基础,main.xml,TNetworkHelp,"About Network Sync Performance Settings","关于网络同步性能设置"
基础,main.xml,StartingGame9,"Adding Human Starting Units...","放置人类玩家初始单位……"
基础,main.xml,SortTextures,"Sort Ship Textures (Faster Draw Performance, but occasional minor issues with drawing all the parts of overlapping ships)","整理单位纹理（将提高运行速度，但在处理重叠单位时可能会有一点问题）"
基础,main.xml,EditSelected,"Edit Selected","编辑已选择的档案"
基础,main.xml,Abbrev_crystal,"Crys","水晶"
基础,main.xml,ReallyExit,"Really Exit?","确定退回到操作系统吗？"
基础,main.xml,NAITTechTurtle,"Like the Turtle, except the enemy uses only the highest-technolgies right from the start (these are quite a formidable foe).
 ","基本与乌龟相同，但敌人从一开始就使用高等级的部队。"
基础,main.xml,CannotDeleteProfile1,"When there is only one profile remaining, you cannot delete it.","当只剩下最后一个档案时，您无法删除它。"
基础,main.xml,SecondaryDistributionNodes,"Economic:    Steal caches of metal and crystal for human use by destroying AI distribution nodes.","经济：摧毁分流节点以获得大量资源。"
基础,main.xml,MarkVShips,"Mark V Ships","V型部队"
基础,main.xml,NTurret,"Turrets","炮塔"
基础,main.xml,NetSyncNOver2400,"N/2400 Messages","N/2400 信息"
基础,main.xml,YourIncome4," Energy","能量"
基础,main.xml,StartingGame18,"Performing Full Game Sync...","游戏同步中……"
基础,main.xml,ManagePlayers_DupeNamesText,"Each active player must have a unique name.","每个被启用的玩家名称必须唯一。"
基础,main.xml,PauseAllButton1,"PAUSE","全部"
基础,main.xml,DFlarePlanet,"Click this button (or F), then left-click anywhere in the main window to create a flare.
Flares are visible to your team members for ten seconds.","点击此按钮（或按下F），然后左键单击星系内任何一点以发送信标。
信标将持续10秒，在此期间您的所有盟友都可以看到它。"
基础,main.xml,Intro_story12,"We must act on what we see.","我们绝不可以坐以待毙，是时候对它们进行反击了！"
基础,main.xml,Updates_UpdateAvailable,"Available","可用"
基础,main.xml,ManagePlayers,"Manage Players (Requires Full Sync On Save)","管理玩家（保存时需要完全同步）"
基础,main.xml,YourIncome2," Metal      ","金属"
基础,main.xml,Start_Music,"Loading Music","载入音乐"
基础,main.xml,ExpansionUnlockAlready,"You have already unlocked this expansion!","您已经解锁了扩展包，恭喜！"
基础,main.xml,SelectedShips,"Selected Units","已选择的单位"
基础,main.xml,UnitStatsA5,"        Ship Cap:   ","单位上限："
基础,main.xml,CrystalPS,"Crystal/s","水晶/秒"
基础,main.xml,DUpdatesManualInstall,"If you've previously downloaded an update patch for AI War, or a content package for an expansion, you can click this button to manually install that package.

This is very helpful when you don't have a direct Internet connection on this machine, or if you've already downloaded an update from a third party.  Simply click this button, select the update file, and then follow the prompts.","如果您之前手动下载了人工智能的更新包或扩展包，您可以使用这个按钮来手动安装它。

当您的机器无法连接到网络，或是您已经从其他网站下载了更新包时，这个功能可能会很有帮助。"
基础,main.xml,BModRiot2,"MOD:RIOT","模块"
基础,main.xml,MousePan,"Mouse Pans View When At Screen Edge","鼠标指针位于屏幕边缘时滚屏"
基础,main.xml,Intro_credits7,"ALSO SPECIAL THANKS TO PLAYERS","特别鸣谢玩家"
基础,main.xml,MMapModes,"Galaxy Map Display Modes","星图显示模式"
基础,main.xml,DSinglePlanetControlNodes,"Control nodes that let you alter certain aspects of how specific planets in your civilization work.","单一行星控制指令改变您目前行星的单位工作的方式。"
基础,main.xml,Command_Station," Dangerous Ships ****","有威胁的部队 ****"
基础,main.xml,LoneButton,"LONE","单独"
基础,main.xml,DisableBoostLines,"Disable Munitions/Shield Boost Lines","去除火力增幅/护盾强化指示线"
基础,main.xml,SpeedUp,"Speed Up To","速度上升至"
基础,main.xml,HowStupid,"How stupid do you think we are?","你以为我们是笨蛋吗？"
基础,main.xml,LoadFailed3," of the game, which is newer than your current version (","的游戏，这比您当前的游戏版本（"
基础,main.xml,NExperimental,"Experimental Ships","试验性单位"
基础,main.xml,StartPositions,"Click above to select your home planet and bonus ship (right-click deselects).  Leave blank for random.","左键单击行星设为您的母星，右键单击取消选择。不选择的话将随机选择母星。"
基础,main.xml,TLobbyCombatFast,"Currently FAST &amp; DANGEROUS","当前为快速而危险"
基础,main.xml,ShipEngineer,"Engineers &amp; Repair Stations","工程师及维修中心"
基础,main.xml,RiotControlStarshipI_Template_3_Abbr,"WALL","防御"
基础,main.xml,UnitStatsM1,"Ammo:   ","弹药类型："
基础,main.xml,DExperimental,"Experimental ships with strange and unique abilities.","试验性单位拥有奇异而独特的能力。"
基础,main.xml,UAITAttritioner,"Attrition Emitter","耗损脉冲发射器"
基础,main.xml,AlreadyUnlocked,"   (ALREADY UNLOCKED)","（已解锁）"
基础,main.xml,MiscInterface,"Misc Interface Options","混合界面设置"
基础,main.xml,ViewControls,"View Controls","查看控制指南"
基础,main.xml,SaveName,"Filename:","文件名："
基础,main.xml,CannotContain|Char,"Player name cannot contain the '|' character.","玩家名称中不能包含字符“|”。"
基础,main.xml,DNSResolutionFailure1,"No such host, please enter a valid server address (IP or name) to which to connect.","没有这个名称的服务器，请输入正确的服务器地址（IP地址或是名称）。"
基础,main.xml,Unhandled3,"The game will now close.","游戏将自动关闭。"
基础,main.xml,chkKeepAutosaves,"Don't Overwrite Previous Autosaves","不自动覆盖已有的自动存档"
基础,main.xml,DUpdatesReleaseNotes,"Opens the folder in which the release notes for the game are kept.  You can read about the entire history of the game since it was first released, or catch up on what you've missed since a specific past release you played.","打开存放更新说明的文件夹。您可以在这里看到游戏从最初发售以来的更新历史。"
基础,main.xml,BTraders,"TRADER","贸易"
基础,main.xml,InvalidKey1,"The current license key does not appear to be valid.","当前的许可密钥并不正确。"
基础,main.xml,NAITShadow,"Like the Stealth Master, except every planet is equipped with a powerful device that keeps all ships permanently cloaked, even when firing, even if they wouldn't normally have cloaking.  The only sign of this enemy is the device itself, which can be difficult to reach what with all the invisible enemies firing at you from the nether.
 ","基本与暗行大师相同，但每个行星上都有一个行星隐形仪。"
基础,main.xml,AIDifficultyItem16,"9.8 Mini Doom","9.8 毁灭近"
基础,main.xml,HighScores_PlayerKillToLoss,"Player Kill To Loss","玩家战损率"
基础,main.xml,NDefender,"The AI Core Command Center will be defended by a massive defensive space station capable of single-handedly defeating a large assault force.","人工智能核心指挥中心将由极强大的防卫者防卫。"
基础,main.xml,StatStatus,"Status","当前状态"
基础,main.xml,Start_trial_expansion,"Trial mode is enabled because of one or more expansions.  Please see the Expansions tab of the Settings window for more details.","因为一个或多个资料片的缘故，试玩模式被启动了。查看扩展包选项卡来了解更多详情。"
基础,main.xml,Reactors,"Reactors","反应装置"
基础,main.xml,TrialPlayer," (TRIAL - Limit 3 Hours)","（试玩版玩家）"
基础,main.xml,DPriority7,"Click this button (or press Alt+0), then left-click a planet to set its priority to 7.
Setting the priority of a planet is just for your team's reference in strategic planning.
Left-click to set a planet's priority, right-click to clear it.","点击此按钮（或按下Alt+7），然后左键单击一个行星来将它的优先级设为7。
设置行星优先级可以给您的队伍的行动提供参考。
左键单击以设定优先级，右键单击以取消。"
基础,main.xml,NConstructor,"Constructor Ships","工厂单位"
基础,main.xml,TAITRandomAll,"Random All","随机所有"
基础,main.xml,FreeRoaming,"Free-Roaming Defender","自由巡逻"
基础,main.xml,DMinimapPlus,"Increase the size of the minimap.","放大迷你星图。"
基础,main.xml,Intro_story3,"The civil war is now over.  We have learned to cooperate.","现在内战终于结束了，我们也学会了如何合作。"
基础,main.xml,BuyLicense,"Buy License Key","购买许可密钥"
基础,main.xml,SnapCursor,"Snap Cursor To Window","将鼠标指针限制在窗口内"
基础,main.xml,UAITMadBomber,"Bomber Starships","轰炸机星舰"
基础,main.xml,ShipCommand,"Command Ships","指挥单位"
基础,main.xml,StatNReclaimed,"# Reclaimed","操控单位"
基础,main.xml,DTotals2,"
Planets Held By Allies:           ","您的盟友拥有的行星数："
基础,main.xml,InvalidSeed1,"Invalid Map Seed!  Seed must be numeric.","星图随机码不正确！它必须只由数字组成。"
基础,main.xml,UpdateInvalidFile_Name,"Message: Filename mismatch.","信息：文件名不匹配。"
基础,main.xml,CloakedShips,"Cloaked Ships","隐形部队"
基础,main.xml,Header_MetalExp,"Metal Display line 1 shows the amount of stored metal you have accumulated.
Metal Display line 2 shows your net metal income, broken down by the inflows minus the outflows.
The larger number that is sometimes to the right of the metal display is how many unused metal harvesters you have.","第1行数值显示您一共拥有的金属数量。
第2行数值显示您的金属收入，它等于您的金属资源收入减去支出。
有时右边会出现一个带括号的数字，它显示了您有多少未建造金属采矿厂的金属采集点。"
基础,main.xml,StartingGame10,"Assigning Bonus Ship Types...","添加额外的部队类型……"
基础,main.xml,BMinimapNormal,"Nor","常"
基础,main.xml,AI1,"AI 1","人工智能1"
基础,main.xml,StatType,"Type","单位类型"
基础,main.xml,UnhandledFont,"Your system copy of the Arial font is corrupt and AI War cannot start.  Fortunately, this is an easy problem to fix.
If you look in the install directory of AI War, you will see a Fonts subfolder with Bold and Regular ttf files.  You simply need to install these in your operating system.

Method 1: In most versions of Windows, you can simply right-click these ttf font files and choose ""Install.""

Method 2: In some versions of Windows, you may need to go into the Fonts section of the Control Panel in your Start Menu, and drag the Bold.ttf and Regular.ttf files into that window to install them.

The game will now close.","系统Arial字体文件已损坏。请打开游戏目录下的Fonts目录，并安装内附的两个以ttf为扩展名的字体文件。安装方法如下：

方法1：大部分版本的Windows系统中，您只需要右键单击这两个文件，并选择“安装”。

方法2：一些版本的Windows系统中，您可能需要打开控制面板，打开字体选项，把这两个文件复制到字体文件夹内。

游戏将自动关闭。"
基础,main.xml,ShieldInhibited,"Shield Inhibited","力场削弱"
基础,main.xml,RiotControlStarshipII_Template_1_Full,"Stand-Off","长程组合"
基础,main.xml,PoorEfficiency,"Poor Efficiency","效率低下"
基础,main.xml,AlertVolume,"Alerts Sound Volume:","警报音量："
基础,main.xml,OverwriteFile1,"A file with the name '","文件名为“"
基础,main.xml,Score,"Score","积分"
基础,main.xml,CountScienceLabs,"Sci ","科"
基础,main.xml,Backgrounds,"Backgrounds","背景"
基础,main.xml,Achievements_Header,"Achievements","成就"
基础,main.xml,DPriority1,"Click this button (or press Alt+0), then left-click a planet to set its priority to 1.
Setting the priority of a planet is just for your team's reference in strategic planning.
Left-click to set a planet's priority, right-click to clear it.","点击此按钮（或按下Alt+1），然后左键单击一个行星来将它的优先级设为1。
设置行星优先级可以给您的队伍的行动提供参考。
左键单击以设定优先级，右键单击以取消。"
基础,main.xml,btnManagePlayers,"Manage Players","管理玩家"
基础,main.xml,DCore,"Mark V/Core offensive ships.","第五型号的单位，也称核心单位。"
基础,main.xml,BasicTutorial3,"Basic Tutorial 3:    Military Operations","基础教程3：    军事行动"
基础,main.xml,DRebels,"Rebel human ships designed without the knowledge of the AIs.","反抗军单位没有人工智能系统参与。"
基础,main.xml,DTotals6,"
Enemy Ships:        ","敌人拥有的部队数："
基础,main.xml,TLobbyCombatNormal,"Currently NORMAL","当前为普通"
基础,main.xml,ShipDetails," Details","详细资料"
基础,main.xml,LoadingGame5,"Gathering Planet States...","收集行星数据……"
基础,main.xml,DUpdatesAIWar,"These are the primary updates to the game, which include free DLC, bugfixes, balance tweaks, and other new content as the game continuously evolves.","官方更新包含了游戏的主要更新，例如免费的扩展包，BUG修正，平衡性调整，以及其他内容。"
基础,main.xml,Warn_Traders,"Traders are currently visiting ","天顶贸易商正在访问"
基础,main.xml,NAstroTrains,"These robotic couriers are used by the AI only.  They travel between train stations at random, causing the following problems for players:

- Most nearby player ships are damaged slightly.
- Player mines and turrets are destroyed completely.
- Player cloaked ships are ""tagged,"" and thus revealed for a short while.

It is very hard to kill astro trains.  On the higher difficulty levels they will pass through player planets, destroying defenses that are placed too close to a path between wormholes, which in turn makes defensive strategies more challenging.","只有人工智能能使用这些机器。它们随机在各个星际列车站间来回移动，可能会给玩家造成麻烦：

- 靠近的玩家部队会受到轻微伤害。
- 玩家放置的空雷与炮塔将被完全摧毁。
- 玩家的隐形部队将会显形一小段时间。

星际列车极难被摧毁。高难度等级下它们会穿过玩家的行星，摧毁靠近两个虫洞间的防御设施。"
基础,main.xml,TAIIncludes,"Includes:","包括"
基础,main.xml,DMinimapModes,"Click this button to toggle between display of minimap modes.
Current Mode: ","点击此按钮以切换迷你星图显示模式。
当前模式："
基础,main.xml,YourIncome3," Crystal      ","水晶"
基础,main.xml,NRebels,"Rebel Ships","反抗军单位"
基础,main.xml,DNetworkHelp,"This section will help you improve the performance of loading/syncing games across the network, if you are having trouble.  Please note that this will have NO effect on in-game performance, just on game syncs.  The default is N/1200 Messages, with batch network sending not turned off, and this will work well for most people.

However, for those with very fast connections, the old default of 100 Messages, with batch network sending skipped, may provide better performance (these are the old defaults).  This will vary depending on your connection, though, and some people had extremely poor connection speeds even on very fast connections with the old defaults, which is why the new defaults were added.

********     OTHER OPTIONS     ********
- 1 Msg. should generally be avoided, but it might work on some connections.

- If 100 Msgs. gives you some slowdown, but not a lot, try 1000 Msgs.

- N/2400 and N/200 and N/1600 create fewer messagse than N/1200, and may provide better performance than N/1200 on fast-but-not-super connections.

- N/800 and N/400 are really only for very slow broadband connections or lower.

********     IN SUMMARY     ********
The short explanation is that if the new default gives you slowdown, then try the old default.  If that also gives you slowdown, then you can try the other entries here.

********     WHAT SORT OF CONNECTION TIMES TO EXPECT?     ********
Here are some common connection time estimates (which may naturally vary some, but you have problems if it takes more than twice as long as these stated estimates).  Bear in mind that these estimates are for a fullspeed transfer, which might not be achievable because of packet loss and other network conditions, or based on the Network Sync Size you choose.

Host 100kbps upload, 1 Client, 500KB savegame:  41s
Host 100kbps upload, 4 Clients, 500KB savegame:  2m, 44s

Host 100kbps upload, 1 Client, 1.5 MB savegame:  2m, 3s
Host 100kbps upload, 4 Clients, 1.5 MB savegame:  8m, 12s

Host 300kbps upload, 1 Client, 500KB savegame:  14s
Host 300kbps upload, 4 Clients, 500KB savegame:  54s

Host 300kbps upload, 1 Client, 1.5 MB savegame:  42s
Host 300kbps upload, 4 Clients, 1.5 MB savegame:  2m, 47s
","这个设置帮助您改善网络同步性能。请注意这是网络同步性能，与运行速度无关。默认设置为N/1200 信息，并且不跳过分批次网络发送，它适用于大部分人。

不过，对于网络连接速度非常快的人来说，之前版本默认的100 信息，并且跳过分批次网络发送可能会提高速度。这个设置完全依赖于您的网络连接速度，并且对有些网络连接速度非常快的人并不奏效。

********     其他说明     ********
- 1信息。通常不应选取，但可能对一些连接有用。

- 如果100信息减慢了您的速度，但并不太厉害，那么可以尝试使用1000信息。

- N/2400、N/2000、N/1600比N/1200创建更少的信息，可能在网络连接速度较快的机器上比N/1200效果更好。

- N/800、N/400只推荐网络连接速度非常慢的人使用。

********     总结     ********
一言以蔽之，如果默认设置速度不快，那么尝试使用之前版本的默认设置。如果这也不快，那么尝试别的选项。"
基础,main.xml,Updates_btnBeta,"Beta Updates","Beta更新（不建议更新）"
基础,main.xml,Engine,"Engine","引擎"
基础,main.xml,LoadingGame1,"Starting Load...","开始读取……"
基础,main.xml,IconGroupingDistanceRecommended,"(Recommended)","（推荐）"
基础,main.xml,BFilterAllied,"Al","盟"
基础,main.xml,GiveShipsB,"Give The Currently Selected Ship(s) To An Ally","把当前选择的单位给予一个盟友"
基础,main.xml,ShotMajElec,"Major Electric","大型电气弹"
基础,main.xml,AIPChangeDescription_Repairing,"From Repairing ","由于维修"
基础,main.xml,TUpdatesReleaseNotes,"View Release Notes","查看更新说明"
基础,main.xml,HighScores_Result,"Game Result","游戏结果"
基础,main.xml,JournalDisplay,"Journal","总结"
基础,main.xml,TotalResources4E1," Mark I","个I型"
基础,main.xml,TMinorFaction,"Minor Faction","小势力"
基础,main.xml,ExpansionStatusNotFound,"Expansion Status Not Found For Expansion: ","未发现当前状态，对于扩展包："
基础,main.xml,NAITRandomModerEasy,"A random AI type that includes both the easier and mid-difficulty types.
 ","包括简单类型和适中类型的人工智能。"
基础,main.xml,NRiotStarship,"Riot Control Starships","防暴星舰"
基础,main.xml,GiveShipsA,"Choose An Ally To Which To Give Ship(s)","选择盟友"
基础,main.xml,MinimapBoxAboveBlips,"Show Minimap Box On Top Of Ship Blips","迷你星图显示部队光点（用途不明）"
基础,main.xml,PlayerSupply2A,"Your Team Is Providing Supply To This Planet","这个行星已获得您或您的盟友的补给"
基础,main.xml,TUpdates,"Updates","更新"
基础,main.xml,AIPChangeDescription_AutoIncrement,"From Auto Progress","由于自动增长"
基础,main.xml,MeetPlayers2,"Visit the Meeting Grounds forum","访问Meeting Grounds论坛（英文）"
基础,main.xml,MSelected,"Selected Units","已选择的单位"
基础,main.xml,Header_CrystalExp,"Crystal Display line 1 shows the amount of stored crystal you have accumulated.
Crystal Display line 2 shows your net crystal income, broken down by the inflows minus the outflows.
The larger number that is sometimes to the right of the crystal display is how many unused crystal harvesters you have.","第1行数值显示您一共拥有的水晶数量。
第2行数值显示您的水晶收入，它等于您的水晶资源收入减去支出。
有时右边会出现一个带括号的数字，它显示了您有多少未建造水晶采集厂的水晶采集点。"
基础,main.xml,Connect,"Connect","连接"
基础,main.xml,BConstructor,"CONST","工厂"
基础,main.xml,NAITMadBomber,"Non-core planets are all very lightly defended, but does extremely brutal attacks on the players.
 ","非核心行星防御很薄弱，但会极凶猛地进攻玩家。"
基础,main.xml,Intro_credits2a,"MUSIC","音乐"
基础,main.xml,NAITScorched,"Heavily defended planets.  Whenever it loses control of a planet, it destroys that planet and all the resources there.  Ships will survive.
 ","所有行星的防御都很牢固。当它失去一个行星时，它将引爆核弹与此行星上所有单位同归于尽。"
基础,main.xml,Hops,"Hops","路线"
基础,main.xml,PlayerName,"Player Name:","玩家名称："
基础,main.xml,TotalResources4E2," Mark II","个II型"
基础,main.xml,TAutoAIProgAmnt,"Auto AI Progress Amount","人工智能进度自动增长幅度"
基础,main.xml,Updates_btnCheckForUpdates,"Start Manual Check For Updates","手动检查更新（不建议更新）"
基础,main.xml,CompleteVis,"Complete Visibility","无战争迷雾"
基础,main.xml,AutosaveEvery1,"Autosave Every:","自动存档每"
基础,main.xml,MultipleHomes4,"players in the game).  Additionally, if the player loses one home planet command ","并且一旦那些玩家失去一个母星指挥中心，"
基础,main.xml,ShipVolume,"Ship Sounds Volume:","单位音量："
基础,main.xml,UnitStatsM5," Seconds","秒"
基础,main.xml,TAITRandomModerEasy,"Random Moderate/Easier","随机适中/简单"
基础,main.xml,NAITTank,"Planets are all lightly defended, and they do slightly heavier-than-average attacks on the players.
 ","所有行星防御薄弱，但会以稍强的力量进攻玩家。"
基础,main.xml,CommanderFlee,"Did your commander flee?  There seems to be no one in charge.","你是否下达了夹着尾巴逃跑的命令？它们看来一点队形都没有。"
基础,main.xml,Header_AttackedPlanetsExp,"Team planets with attacking enemies on them.
Out of the total number of team planets.","左边显示有敌人存在的我方行星。
右边显示我方行星总数。"
基础,main.xml,Updates_btnReleaseNotes,"View Release Notes","查看更新说明"
基础,main.xml,ExpansionStartOtherMissing," is unavailable for ","不可用，对于"
基础,main.xml,DExperimentalStar,"Experimental starships with strange and unique abilities.","试验性星舰拥有奇异而独特的能力。"
基础,main.xml,ModularShipTemplate,"Template","模板"
基础,main.xml,TAIPlot,"AI Plot","人工智能计划"
基础,main.xml,NoSlotsB1,"Connection ","连接"
基础,main.xml,StartingSyncPrep,"Starting Sync Preparation...","开始准备同步……"
基础,main.xml,AIPChangeDescription_SuperTerminal,"From Super-Terminal","由于超级终端机"
基础,main.xml,VersionMismatchT,"Version Mismatch","版本不同！"
基础,main.xml,RiotControlStarshipIII_Template_1_Abbr,"ARST","平衡"
基础,main.xml,StatNKilled,"# Killed","玩家消灭"
基础,main.xml,EnemyMarkV,"Mark V/Core: ","V型/核心单位："
基础,main.xml,DTotals11,"
Expansions:     ","扩展包："
基础,main.xml,EAITTeleTurtle,"Has all ships with teleportation from the start, as well as whatever other ships they might unlock.","从一开始就拥有瞬移部队。"
基础,main.xml,StartingSave,"Starting Save...","开始保存……"
基础,main.xml,NAITRandomAll,"A random AI type that includes all types.
 ","包括所有类型的人工智能。"
基础,main.xml,err_HostInit1,"Could not initialize network hosting.  You can still play in single player mode (and likely join other people's multiplayer games, as well).

Here is some more information about your error:
Another service -- possibly another instance of this game -- is already bound to the designated network port as a server.","无法初始化网络主机。但您仍然可以玩单人模式（或加入其他人的多人游戏）。

一些与您的错误有关的信息：
另一个服务器--可能是另一个窗口中的游戏--已经占用了指定的端口。"
基础,main.xml,AIDifficultyItem9,"7.6 Moderate","7.6 中等"
基础,main.xml,Produces,"Produces:","生产："
基础,main.xml,StartingGame14,"Adding Starting AI Units...","放置人工智能初始部队……"
基础,main.xml,NModRiot2,"Riot Starship II Modules","防暴星舰II型上的模块"
基础,main.xml,ExpansionUnlockNotInstalled,"This expansion has not been installed.  You cannot unlock and expansion until it has been installed.","您并没有安装扩展包。"
基础,main.xml,Back,"Back","返回"
基础,main.xml,Input_ScrapUnits,"Scrap the current units?
 - Not all units can be scrapped.
 - Only 10% expended cost is returned (less if damaged).","确定废弃当前的单位？
 - 并非所有的单位都可以废弃。
 - 废弃后将只返还建造成本的10%（如果单位受伤则将返还更少）。"
基础,main.xml,NA,"N/A","不适用的"
基础,main.xml,HideExplosions,"Hide Explosions","隐藏爆炸效果"
基础,main.xml,GenerateMap,"Generate Map","生成星图"
基础,main.xml,TotalResources4,"    Energy:    ","反应装置："
基础,main.xml,ShipRebuildFailed1," could not be rebuilt on ","无法重建"
基础,main.xml,RiotControlStarshipI_Template_2_Desc,"Balanced weaponry and a multiplex tractor beam.","较平衡的武器组合，并装备1个牵引机。"
基础,main.xml,TCloaking,"Cloaking","隐形部队"
基础,main.xml,KnowledgeStored,"Knowledge Stored","知识存量"
基础,main.xml,EnemyMarkII,"Mark II: ","II型单位："
基础,main.xml,NebulaRealHigh,"Realistic High Contrast","高对比度的真实"
基础,main.xml,StatKillsMadeBy,"Kills Made By","该部队消灭的敌人数量"
基础,main.xml,Updates_btnMainMenu,"Back To Main Menu","回到主菜单（建议）"
基础,main.xml,TauntAvenger,"So be it.","但愿如此。"
基础,main.xml,LoadingGame8,"Compressing Object States...","整合物体数据……"
基础,main.xml,NetSyncNOver1200,"N/1200 Messages (Recommended Default)","N/1200 信息（默认，推荐）"
基础,main.xml,TimeAxis,"Time (In Hours)","时间"
基础,main.xml,NAITRandomModer,"A random AI type that includes only the mid-difficulty types.
 ","只包括适中类型的人工智能。"
基础,main.xml,DefFrameSkip,"Default Frame Skip:","默认跳帧："
基础,main.xml,HoverPauseAll,"Pause All","全部暂停"
基础,main.xml,PEnergy," Energy","能量"
基础,main.xml,TrialExpired,"Trial Time Expired...","试玩时间到……"
基础,main.xml,TutorialNoTutorialSelectedErrorHeader,"No Tutorial Selected!","未选择任何教程！"
基础,main.xml,Place_HarvesterMany,"There is already a full complement of harvesters of this type at this planet.","此行星这个类型的采集点已经全部在被采集中了。"
基础,main.xml,AIPlotsTab,"AI Plots","人工智能计划"
基础,main.xml,DMercenary,"Ships with no ship cap that are more expensive than their capped counterparts.","没有部队上限的雇佣部队较同类部队更贵。"
基础,main.xml,DuplicateNameB1,"Connection ","连接"
基础,main.xml,Filename,"Filename","文件名"
基础,main.xml,NetEnergy,"Net Energy","能量储备量"
基础,main.xml,TAITEntHomeworld,"Entrenched Homeworlder","家园捍卫者"
基础,main.xml,AttackedCommandStation1,"Planetary Bases With Enemies Present","行星基地上当前出现敌人"
基础,main.xml,NotEnoughEnergyButtons,"ENER","能量"
基础,main.xml,Autosave,"Autosave","自动存档"
基础,main.xml,Date,"Date","存档时间"
基础,main.xml,MainMen_errUpdateText,"Unable to launch updater!","无法正常启动更新！"
基础,main.xml,DeleteThisProfile,"Are you sure you wish to delete the profile '","您真的要删除档案 '"
基础,main.xml,TutorialText,"1.    The AIs do not play like humans -- they play like... well, pick your favorite hostile computer intelligence from film or literature.  Different rules govern you and them.  Like real war, it's not about fairness -- in this case, it's about what makes for a fun, challenging, and varied experience for you.
2.    There are no player vs. player modes.  1-8 players always cooperate against 2 powerful AIs (which get more difficult with more players).
3.    The average campaign will take your team at least 7-12 hours over the course of multiple play sessions.  All campaigns are procedurally generated.","1、通常人工智能拥有更多而更强大的部队，这意味着游戏将会很有挑战性。尝试着打败它们吧。
2、游戏中没有人类玩家互相对抗的模式。通常1到8位玩家合作一起对抗2个人工智能（玩家数量越多，人工智能越强大）。
3、通常一场多人游戏需要7到12小时。"
基础,main.xml,NAIDiff," - If you are an experienced RTS player, but are new to AI War, you might want to start with difficulty level 5 or 6 (and many people don't like anything below 7, there is a big jump in intelligence there).

 - Once you are familiar with the mechanics and general strategy of AI War, difficulty level 7 is considered the standard level (again, a lot of genre vets find the AI pretty lame below this level, and awesome here and up).","-如果您是一位即时战略游戏的资深玩家，且第一次接触本游戏，那么您可以尝试从等级5或等级6开始游戏（等级7及以上的难度将显著提升）。

 -一旦您熟悉了游戏玩法，等级7是最基础的难度（很多老手们认为等级7以下的难度根本不值一提）。"
基础,main.xml,MapSeed,"Map Seed:","随机码："
基础,main.xml,ExpansionStartNotInstalled," is not installed or is disabled on your computer.","在您的机器上不可用。"
基础,main.xml,THandicap,"Resource Handicap","资源相差率"
基础,main.xml,GraphicsSettings,"Graphics","图像"
基础,main.xml,Intro_story15,"Soon.","希望胜利的会是我们……"
基础,main.xml,ShipPlacement,"Ship Placement Mode -- Left-click to place ship, Right-click to cancel.","单位放置模式--左键单击以放置单位，右键单击取消。"
基础,main.xml,Paused,"Paused","已暂停"
基础,main.xml,SlotClosed,"Closed","关闭着的"
基础,main.xml,AIPTotal,"Total AI Progress: ","人工智能进度总量："
基础,main.xml,AddNew,"Add New","添加新的档案"
基础,main.xml,TTeleporting,"Teleporting","瞬移部队"
基础,main.xml,ConfirmQuit,"This will end your current game without saving and return you to the main menu.  Are you sure?","这将结束您当前的游戏并返回主菜单，未保存的游戏进度将丢失，确定吗？"
基础,main.xml,TutorialManual,"PDF:    Game Manual            	(Basic Getting Started)","电子文档：    游戏手册               （英文）"
基础,main.xml,StartingGame5,"Calculating AI Planet Strength Levels...","计算人工智能行星的强度等级……"
基础,main.xml,HostGenerating,"Game Is Being Generated By Host...","主机正在创建游戏中……"
基础,main.xml,AIProgress,"AI Progress","人工智能进度"
基础,main.xml,DAchievements,"As you play, you may try to achieve special optional goals, which are detailed here.","在游戏中可以达成的特殊目标。"
基础,main.xml,RiotControlStarshipII_Template_4_Desc,"Medium range machine guns, a shotgun, and two forcefields.","装备中距离机枪，1个霰弹枪，2个防暴盾。"
基础,main.xml,NCloaking,"There are a variety of ship types that have cloaking, and all of them will be disabled if this option is deselected.  Cloaked ships are invisible unless they have recently fired their weapons or have been tagged by a Tachyon Beam emitter. 

Note that mines are also disabled if cloaked ships are turned off, since mines are cloaked.","有一些单位拥有隐形能力，关闭这个选项将让它们都不可用。隐形单位只在开火或被速子射线发现时才看得到。

注意如果关闭这个选项，空雷同样也将不可用，因为空雷也是隐形的。"
基础,main.xml,ScaleGame,"Scale Game On Large Monitors (Keeps game objects the same relative size on larger and smaller monitors, but may cause lowered overall quality)","适应于大显示器（使游戏内所有物体相对尺寸在各种显示器上保持一致，但可能会降低显示质量）"
基础,main.xml,AutosaveEvery2,"Minutes (0 For No Autosave)","分钟（为0取消自动存档）"
基础,main.xml,TAITRandomModer,"Random Moderate","随机适中"
基础,main.xml,ImprovePerformance,"Items In Green Can Improve Performance","绿色的选项可以提高运行速度"
基础,main.xml,AIPChangeDescription_CoProcessor,"From Death Of Co-processor","由于副处理器被摧毁"
基础,main.xml,AIDifficultyItem13,"9 Very Hard","9 非常难"
基础,main.xml,NotEnoughKnowledgeButtons,"KNWL","知识"
基础,main.xml,NSimpleShips,"ONLY these bonus ship types will be used:","只有以下类型的单位可用："
基础,main.xml,BStarship,"STAR","星舰"
基础,main.xml,Seconds,"s","秒"
基础,main.xml,Fow_PO,"Partial Fog Of War: Your team must already have ships on a planet to see enemy ships at it, but you can always see who owns each planet as well as each planet's level.","部分战争迷雾：您的队伍必须有至少1艘飞船在行星上才能看到此行星上敌人的单位，但您总是能看到谁拥有此行星。"
基础,main.xml,DeleteSelected,"Delete Selected","删除已选择的档案"
基础,main.xml,MapStyle,"Map Style:","星图样式："
基础,main.xml,InvalidIP1,"Malformed server address, please enter a valid server address (IP or name) to which to connect.","服务器地址格式错误，请输入正确的服务器地址（IP地址或是名称）。"
基础,main.xml,HoverMetal,"(Build Metal Harvester Here)","（在这里建造金属采矿厂）"
基础,main.xml,AIReinforcement1,"AI Reinforcement:         ","人工智能增援情况："
基础,main.xml,StatCrystalI,"CRYSTAL In","水晶总收入"
基础,main.xml,DuplicateNameA,"Another player on this server has the same name -- please choose a more unique name.","此服务器上某一玩家名称与您相同--请选择一个独特的名称。"
基础,main.xml,NAITRandomHard,"A random AI type that includes only the higher-difficulty types.
 ","只包括困难类型的人工智能。"
基础,main.xml,StatNScrap,"# Scrap","废弃"
基础,main.xml,EngMoving,"Moving","移动中"
基础,main.xml,NWrathOfNature,"Upon death, the AI Core Command Center will broadcast a trans-dimensional call summoning swarms of extra-dimensional organisms that will frequently spawn at and attack human planets generating large amounts of energy, regardless of wormholes and warp gate placement.","在被毁灭的瞬间，人工智能核心指挥中心将召唤异次元生物直接攻击产生最多能量的人类行星。"
基础,main.xml,DPriority8,"Click this button (or press Alt+0), then left-click a planet to set its priority to 8.
Setting the priority of a planet is just for your team's reference in strategic planning.
Left-click to set a planet's priority, right-click to clear it.","点击此按钮（或按下Alt+8），然后左键单击一个行星来将它的优先级设为8。
设置行星优先级可以给您的队伍的行动提供参考。
左键单击以设定优先级，右键单击以取消。"
基础,main.xml,AIPFloor,"AI Progress Floor: ","人工智能进度基数："
基础,main.xml,Achievements_Header_Gold,"Gold","金"
基础,main.xml,TFullFog,"Currently FULL FOG OF WAR","当前为完全战争迷雾"
基础,main.xml,Enemy,"Enemy","敌人"
基础,main.xml,DTotalsMF,"
AI Minor Factions:     ","非玩家小势力："
基础,main.xml,ToolbarExit1,"Are you sure?  Any unsaved progress will be lost.","您确定吗？所有未保存的进度将丢失。"
基础,main.xml,Load,"Load","读取"
基础,main.xml,Damage,"Damage","伤害"
基础,main.xml,SecondaryBrokenGolems,"Technology:    Rebuild broken Golems to use against the AIs.","科技：修复损坏的魔舰来使用它们对抗人工智能。"
基础,main.xml,ExtraFogVis,"Extra Fog Of War","额外战争迷雾"
基础,main.xml,TotalResources4E3," Mark III","个III型"
基础,main.xml,AlreadyOpenB,"An instance of this game are already open on this computer.  You need a second monitor if you want to open a second copy of the game.","正在运行游戏程序，请先关闭它。或者您需要第二个显示器来运行它。"
基础,main.xml,StatRepairCost,"Repair Cost","修理或加速建造"
基础,main.xml,ShotMassDriver,"Mass Driver","粒子冲击炮"
基础,main.xml,AIReinforcement2A,"AI Alerted To Your Presence - Reinforcement Is Likely","人工智能已发现您--可能会进行增援"
基础,main.xml,TExpansions,"Expansions","扩展包"
基础,main.xml,SecondaryAISuperTerminals,"AI Progress:    Greatly disrupt AI production (at high risk to yourself) by capturing their SuperTerminals.","人工智能进度：占领超级终端机（可能要冒着很大的危险）来降低进度。"
基础,main.xml,DControlNodes,"Control nodes that let you alter certain aspects of how your civilization works.","控制指令改变您的单位工作的方式。"
基础,main.xml,ShowIconsAt,"Show Icons at:","显示简称于："
基础,main.xml,KickPlayer,"Kick Player","踢出玩家"
基础,main.xml,DPriority2,"Click this button (or press Alt+0), then left-click a planet to set its priority to 2.
Setting the priority of a planet is just for your team's reference in strategic planning.
Left-click to set a planet's priority, right-click to clear it.","点击此按钮（或按下Alt+2），然后左键单击一个行星来将它的优先级设为2。
设置行星优先级可以给您的队伍的行动提供参考。
左键单击以设定优先级，右键单击以取消。"
基础,main.xml,TAITTechHomeworld,"Technologist Homeworlder","家园捍卫专家"
基础,main.xml,CrystalRate,"Crystal Income Rate","水晶收入率"
基础,main.xml,Updates_chkUseUAC,"Use Admin Rights To Update (Required In Vista/Win7)","使用管理员权限来进行更新（Vista/Win7下使用）"
基础,main.xml,MainMen_lblProfile,"Current Profile:","当前档案"
基础,main.xml,HideSummaryCounts,"Hide Planetary Summary Icon Counts","隐藏行星总结里单位的数量"
基础,main.xml,IncludedMinorFactions,"Minor Factions To Include:","非玩家小势力："
基础,main.xml,NTractorBeams,"There are several ship types that use tractor beams, and all of them will be disabled if this option is deselected.  Ships that have tractor beams can grapple enemy ships and prevent them from moving.  The tractor beam will only be broken when one of the ships dies.

Mobile ships with tractor beams can drag their prey behind them.","有一些单位拥有牵引光束，关闭这个选项将让它们都不可用。拥有牵引光束的单位可以牵引敌方部队，使它们不能移动。牵引光束持续到其中一方被摧毁为止。

拥有牵引光束的移动部队可以将敌人拖在身后一起移动。"
基础,main.xml,NAITypeDiffModer,"MODERATE","适中"
基础,main.xml,BSinglePlanetControlNodes,"S-CTRL","单控"
基础,main.xml,NetSyncOne,"1 Message (Warning: No Progress Meter)","1 信息（警告：无进度表）"
基础,main.xml,DockIsPaused,"Current Setting: Paused -- Click To Resume Building.","当前设置：已暂停--点击以恢复正常。"
基础,main.xml,Config_UserDataFail2,"Unable to create user data.  You do not seem to have access to either of these:","无法创建用户档案。您似乎无法打开以下文件夹："
基础,main.xml,Win,"You Win!","您胜利了！"
基础,main.xml,HighScores_Incomplete,"Incomplete","未完成的"
基础,main.xml,RiotControlStarshipII_Template_2_Desc,"Heavily armed, mounts three shotguns.","重型武装，装备3个霰弹枪。"
基础,main.xml,DPriority3,"Click this button (or press Alt+0), then left-click a planet to set its priority to 3.
Setting the priority of a planet is just for your team's reference in strategic planning.
Left-click to set a planet's priority, right-click to clear it.","点击此按钮（或按下Alt+3），然后左键单击一个行星来将它的优先级设为3。
设置行星优先级可以给您的队伍的行动提供参考。
左键单击以设定优先级，右键单击以取消。"
基础,main.xml,ShotImpulseReactive,"Impulse Reactive","脉冲"
基础,main.xml,CountStarship,"Star ","星舰"
基础,main.xml,RiotControlStarshipIII_Template_3_Desc,"Medium range machine guns, a shotgun, a multiplex tractor beam, and two forcefields.","装备中距离机枪，1个霰弹枪，1个牵引机，2个防暴盾。"
基础,main.xml,NormalShips,"Normal","普通"
基础,main.xml,NetSyncNOver800,"N/800 Messages","N/800 信息"
基础,main.xml,TTutorials,"Tutorials / Manual","教程/指引"
基础,main.xml,SetToDef,"Set To Default","设为默认值"
基础,main.xml,DidYouReally,"Did you really expect that to work?","你真的以为那会有用？"
基础,main.xml,HoverDamage,"Dmg: ","伤害："
基础,main.xml,ChooseSave,"Choose A Saved Game To Load:","选择一个存档来读取："
基础,main.xml,Header_notes,"Notes","注释"
基础,main.xml,TAITBully,"Bully","恶霸"
基础,main.xml,Score_Disabled,"DISABLED","不可用的"
基础,main.xml,DUpdates,"The game automatically checks for updates.  Click here to manually check for updates, or to apply updates that have been found, or to manually install an update that you downloaded from elsewhere.","游戏自动检查更新。点击这个选项将手动检查更新、应用已找到的更新或是手动安装更新。"
基础,main.xml,TEnableCheats,"Enable Cheats","启用作弊码"
基础,main.xml,EnterServerAddress,"Enter A Server Address To Connect Directly","输入服务器的地址来连接"
基础,main.xml,Score_NotConn,"NOT CONNECTED","未连接"
基础,main.xml,DUpdatesAIWarDis,"This functionality is disabled in your edition of the game.  This typically means that the game is updated for you by an outside distribution platform.","这个功能在您的版本上不可用。这通常意味着您的游戏不提供更新。"
基础,main.xml,UAITCounterSpy,"Counter Spy","反间谍塔"
基础,main.xml,CloakedEnemyShip,"Cloaked Enemy Ship","隐形的敌方单位"
基础,main.xml,MainMenu,"Main Menu","返回主菜单"
基础,main.xml,PlanetIntel2," Intel","的信息"
基础,main.xml,NeededEnergyReenable,"Needed energy to re-enable","恢复到正常模式消耗的能量"
基础,main.xml,AIReinforcement2B,"AI Unaware Of Your Presence - Reinforcement Is Unlikely","人工智能未发现您--不会进行增援"
基础,main.xml,TCheckForUpdates,"Manually Check For Updates","手动检查更新"
基础,main.xml,StatBtnMilitary,"Military","军事"
基础,main.xml,ZoomSpeed,"Zoom Speed:","缩放速度："
基础,main.xml,StartingGame12,"Calculating AI Planet Levels...","计算人工智能行星的等级……"
基础,main.xml,Intro_story4,"But this did not come about in a way that anyone could foresee.","但有一件令我们都意想不到的事发生了。"
基础,main.xml,ShipTotals4,"Unknown (You Have No Scouts Here)","未知（您还未侦察这里）"
基础,main.xml,NAITAttritioner,"Planets are all moderately defended, except that each one has an Attrition Emitter, which drains the health of any human ships in the system.  Does heavy attacks on the players.
 ","所有行星都有着中等力量的防御，每个行星上都有一个耗损脉冲发射器，并且会凶猛地进攻玩家。"
基础,main.xml,NHeavyDefense2,"- Force Fields","- 力场"
基础,main.xml,AvailPostLock," Available For Build","个部队可以建造"
基础,main.xml,TNumPlanets,"Number Of Planets","行星数"
基础,main.xml,EngRepairing,"Repairing","修理或加速建造"
基础,main.xml,LoadFailed1,"Could not load your save file!  Details below: ","无法读取您的存档！详情如下："
基础,main.xml,DMapFilters,"Click this button to toggle between secondary counts filters.
Galaxy Map Display modes that already filter to My, All, Team, or Enemy will ignore this setting.
Current Filter:    ","点击此按钮以切换星图显示过滤器。
当前过滤器："
基础,main.xml,Start_DB,"Updating Internal Databases","更新内部数据库"
基础,main.xml,CloakingBoosted,"Cloaking Boosted","隐形强化"
基础,main.xml,StatTech,"Tech","科技"
基础,main.xml,LastScouted1,"Last Scouted:                 ","最近一次侦察："
基础,main.xml,TutorialHeader,"AI War is a very different sort of RTS game.  These tutorials will get you up to speed.  But first, please note these basics:","人工智能战争与您平时玩的即时战略游戏并不太一样。教程将让您了解它的玩法。首先，您需要注意以下几点："
基础,main.xml,VeryFarZoom,"Disable Very Far Zoom","防止过远的缩放"
基础,main.xml,HighScores_AIMinorFactions,"AI Minor Factions","非玩家小势力"
基础,main.xml,BEconomic,"ECON","经济"
基础,main.xml,EmptyQ,"Empty Queue","空队列"
基础,main.xml,UnloadButton,"UNLOAD","卸载"
基础,main.xml,NParasites,"Parasites reclaim enemy ships they kill (reclaimed ships have health equal to half the damage inflicted by reclamator).","寄生虫能够操控它摧毁的战舰（被操控的战舰机能为寄生虫造成的伤害的一半）。"
基础,main.xml,Close,"Close","关闭"
基础,main.xml,DFind,"Click this button to find all ships of a certain type.","点击此按钮以查找特定类型的所有单位。"
基础,main.xml,TBSPause,"Use TBS-Friendly Pause","启用后在暂停时可以下命令"
基础,main.xml,TSimpleShips,"Simple","简单"
基础,main.xml,DTotals7,"

Map Seed / Map Style / Available Ships:     ","星图随机码/星图样式/可用单位："
基础,main.xml,ShotLaser,"Laser","激光"
基础,main.xml,NExperimentalStar,"Experimental Starhips","试验性星舰"
基础,main.xml,UnknownResources,"Unknown","未知"
基础,main.xml,Place_Worm,"Ships cannot be placed directly on wormholes.","单位不能放置在虫洞之上。"
基础,main.xml,UAITEntHomeworld,"Captive Human Settlements","俘虏集中营"
基础,main.xml,NNormalShips,"All bonus ship types will be used EXCEPT for:","只有以下类型的单位不可用："
基础,main.xml,Warn_RebelColonyHealth2," invisibility lost - health down to ","失去隐形效果 - 机能下降到了"
基础,main.xml,GroupMoveStyle,"Current Movement Style:  Ship Movement Is Grouped
When you select multiple ship types and issue a move order, the faster ships move at the same
speed as the slower ones (not counting ships with damaged engines).
This makes it simpler to move ships as a unified group.","目前移动方式： 单位群体移动
当您让多类型部队混合舰队移动时，快速的单位将与慢速的单位的速度保持一致（不算上引擎受损导致的减速）。
这让舰队能以群体进行移动。"
基础,main.xml,AIPlot,"AI Plots:","人工智能计划："
基础,main.xml,MultipleHomes2,"This gives the player massively more resources at the start, but also ","那些玩家在一开始可以获得大量资源，"
基础,main.xml,FileDumped1,"Dump file '","转存文件“"
基础,main.xml,UnitStatsM3,"        Range:    ","攻击范围："
基础,main.xml,BModRiot,"MOD:RIOT","模块"
基础,main.xml,DPriority0,"Click this button (or press Alt+0), then left-click a planet to set its priority to 0.
Setting the priority of a planet is just for your team's reference in strategic planning.
Left-click to set a planet's priority, right-click to clear it.","点击此按钮（或按下Alt+0），然后左键单击一个行星来将它的优先级设为0。
设置行星优先级可以给您的队伍的行动提供参考。
左键单击以设定优先级，右键单击以取消。"
基础,main.xml,HighScores_TeamKillToLoss,"Team Kill To Loss","团队战损率"
基础,main.xml,DTraders,"Powerful ships that can only be acquired through expensive trade.","通过贸易能获得极强大但极度昂贵的单位。"
基础,main.xml,InvalidWindowWidth,"The width of the game window must be set betwen 1024 and 6000.","窗口宽度必须在1024到6000之间。"
基础,main.xml,SyncingGame2,"Linking Planets...","正在连接行星……"
基础,main.xml,StatBtnGraphs,"Graphs","图像"
基础,main.xml,BMercenary,"MERC","佣兵"
基础,main.xml,Autosaving1,"Autosaving at ","在"
基础,main.xml,RiotControlStarshipII_Template_3_Abbr,"RESP","中程"
基础,main.xml,NNoFog,"You can view enemy ships at any planet, and the planetary summary always shows enemy ships.","您可以看到所有行星，行星概况中一直显示敌人的单位。"
基础,main.xml,Autosaving2,"...","自动存档……"
基础,main.xml,StartingGame7,"Calculating Upgraded AI Planets...","计算已升级的人工智能行星数……"
基础,main.xml,SetDefaultLevels,"Set Default Levels","全部设为默认值"
基础,main.xml,DAutoAIProgAmnt,"The host sets the amount the AI Progress will increase on each time interval. (1 is recommended)","主机可以设置每隔一定时间人工智能进度增长多少。（推荐1）"
基础,main.xml,StarfieldStyle,"Starfield Style:","星空风格："
基础,main.xml,Reconnect,"Would you like to try reconnecting to the server?
(If you Cancel, it will ask you again immediately.)","您想要尝试重新连接到服务器吗？
（如果您取消，它会立刻再次询问。）"
基础,main.xml,DisablePlanetDisplay,"Disable Planet Display","禁止显示行星"
基础,main.xml,DeleteSave,"Delete the savegame","删除存档"
基础,main.xml,AIDifficultyItem17,"10 Doom","10 灭世浩劫"
基础,main.xml,DCombatDangerous,"The game host can click this button to toggle the current combat style.
Combat Style can only be changed once per game.  To change it more than once, you will have to save and reload your game.
Current Style: Fast &amp; Dangerous (Ships move and reload at 2x speed, and do 2x damage)","主机可以点击此按钮来改变战斗方式。
战斗方式一局游戏只能改变一次。若想要改变多次，您需要保存后重新读取您的存档。
当前战斗方式：快速而危险（单位以2倍速度进行移动和重装弹药，并造成2倍伤害）"
基础,main.xml,NMercenary,"Mercenary Ships","雇佣部队"
基础,main.xml,Wave_To," to ","前往"
基础,main.xml,CtrlClickBuild1,"TIP:  If you want to build all the ","小提示：如果您想在当前行星上一次性建造所有"
基础,main.xml,Autosave_PrePlayerEdit,"PrePlayerEdit","玩家编辑"
基础,main.xml,Achievements_Name,"Name","名称"
基础,main.xml,AIPChangeDescription_Cheat,"From Cheat","由于作弊码"
基础,main.xml,Header_galaxy,"Galaxy View","星系视图"
基础,main.xml,Start_DX,"Initializing DirectX","初始化DirectX"
基础,main.xml,SelectSave,"Please select a savegame first.","请先选择一个存档。"
基础,main.xml,DAIMod,"The host sets an optional rules modifier that applies to all AIs in the game.","主机可以设定这些可选选项，它将应用于所有人工智能。"
基础,main.xml,SaveFailedT,"Save Failed","存档失败"
基础,main.xml,YesNoB,"(Press Y or Enter to Confirm, Any Other To Cancel)","（按Y或回车键确定，其它任意键取消）"
基础,main.xml,UnitStatsA4,"        Engine Health:   ","引擎机能："
基础,main.xml,UAITShadow,"Planetary Cloaker","行星隐形仪"
基础,main.xml,SelectProfile,"Please select a profile first.","请先选择一个档案。"
基础,main.xml,ExpansionUnlockFail,"You are currently playing the TRIAL version of the game.  You cannot unlock an expansion until you have unlocked the game itself.","您的游戏是试玩版本，除非解锁游戏本体，否则您无法解锁扩展包。"
基础,main.xml,PlanetPriority2," (Last Set By ","（最近一次由"
基础,main.xml,Intro_story10,"But as this new war begins, the AIs' brutality makes us wonder:","但当这场新的战争开始时，人工智能的残忍使我们疑惑："
基础,main.xml,Dump,"Dump","转存"
基础,main.xml,DTotals3,"
Planets Held By Enemies:     ","敌人拥有的行星数："
基础,main.xml,NoSlotsB2," was rejected due to the game being full.","被拒绝进入，由于玩家人数已满。"
基础,main.xml,MapTab,"Map","星图"
基础,main.xml,ToolbarExitT,"Exit AI War?","确定退出吗？"
基础,main.xml,PreferredColor,"Preferred Color:","常用的颜色："
基础,main.xml,NewSeed,"New
Map
Seed","新的
星图
随机码"
基础,main.xml,BRebels,"REBEL","反抗"
基础,main.xml,AIDifficultyItem11,"8.3 Hard","8.3 较难"
基础,main.xml,HoverHit,"Hit: ","命中："
基础,main.xml,DTurret,"Stationary turrets for defending your planets.","用于保卫行星的固定炮塔。"
基础,main.xml,DWarhead,"Powerful, expensive missiles to help take down difficult enemy planets.","强大，昂贵的飞弹，能帮助您拿下难以攻击的敌人行星。"
基础,main.xml,ShotBeamWeapon,"Beam Weapon","光束武器"
基础,main.xml,NoProfile,"No Profile Selected!","未选中任何档案！"
基础,main.xml,OverwriteFileT,"Overwrite existing file?","覆盖已有的存档？"
基础,main.xml,ConnectionLost,"Server Connection Lost...","与服务器连接中断……"
基础,main.xml,BDefense,"DEF","防御"
基础,main.xml,CrystalStored,"Crystal Stored","水晶存量"
基础,main.xml,LoadingGame9a,"Sending","发送"
基础,main.xml,PMetal," Metal","金属"
基础,main.xml,NAITRandomAllNonTechno,"A random AI type that includes all types except the technologist types.
 ","包括所有类型但不是专家类型的人工智能。"
基础,main.xml,WhyLives,"Why do you throw your lives away?","你不要命了么？"
基础,main.xml,NHeavyDefense5,"  The ultimate defensive ships, massively-powerful immobile units that strike multiple ships in their limited range.","终级防御单位，极度强大但不可移动，同时攻击多个单位。"
基础,main.xml,StartingGame16,"Adding Starting AI Units (Guard Posts)...","放置人工智能初始部队（守卫据点部队）……"
基础,main.xml,SyncingGame5,"Finalizing Player Data...","完成玩家数据……"
基础,main.xml,Profiles,"Profiles:","档案："
基础,main.xml,TQuitGame,"Quit","退出游戏"
基础,main.xml,CouldNotStartServer1,"Your game has been loaded, but no other players will be able to join.  If this was a multiplayer save, gameplay will not be able to proceed.","您的游戏已加载，但没有其他玩家加入。如果这是一个多人游戏的存档，游戏将无法继续。"
基础,main.xml,PlanetPriority1,"Priority:                            ","优先级："
基础,main.xml,DVisibility,"The host sets this value -- the default is FULL FOG OF WAR.","主机可以改变它的设置-默认为完全战争迷雾。"
基础,main.xml,MMapFilters,"Galaxy Map Filters","星图显示过滤器"
基础,main.xml,BMarkIToIII,"I-III","I-III型"
基础,main.xml,CombineSummaryColors,"Combine Planetary Summary Icon Colors","统一行星总结图标颜色"
基础,main.xml,ShipsBuilt,"Ships Built","建造的部队数"
基础,main.xml,RiotControlStarshipIII_Template_2_Abbr,"SPRS","短程"
基础,main.xml,BExperimental,"EXP","试验"
基础,main.xml,LoadingGame2,"Freezing Game Loop...","冻结游戏循环……"
基础,main.xml,AIPReduction,"AI Progress Reduction: ","人工智能进度减少："
基础,main.xml,NHeavyDefense4,"- Fortresses","- 堡垒"
基础,main.xml,TAchievements,"Achievements","玩家成就"
基础,main.xml,TTurrets,"Turrets","炮塔"
基础,main.xml,Start_Start,"Starting up...","启动中……"
基础,main.xml,TAITTurtle,"Turtle","乌龟"
基础,main.xml,StartingGame3,"Assigning AI Home Planets...","放置人工智能母星"
基础,main.xml,BMinimapResWorm,"RW","宇"
基础,main.xml,ExpansionDisabledFull,"      (Installed, But Disabled)","（已安装了，但并未启用）"
基础,main.xml,Score_Wait,"WAIT","等待"
基础,main.xml,TUpdatesZenith,"Content For The Zenith Remnant","更新天顶残存"
基础,main.xml,InvalidSettings,"Invalid Changes","设置不正确"
基础,main.xml,NAITTechHomeworld,"Like the Entrenched Homeworlder, except the enemy uses only the highest-technolgies right from the start (these are quite a formidable foe).
 ","基本与家园捍卫者相同，但敌人从一开始就使用高等级的部队。"
基础,main.xml,GroupLocation1,"Local:    ","本星："
基础,main.xml,HoverCrystal,"(Build Crystal Harvester Here)","（在这里建造水晶采集厂）"
基础,main.xml,MFindShipsT,"Ships - ","单位 -"
基础,main.xml,ShipTotals5,"Last Seen:    ","于"
基础,main.xml,DTotals9,"
AI Mods:     ","人工智能选项："
基础,main.xml,AIWarSettings,"AI WAR SETTINGS","人工智能战争游戏设置"
基础,main.xml,DockBuildQ," Build Queue","建造队列"
基础,main.xml,BMinimapMilitary,"Mil","军"
基础,main.xml,ReqKnowledge,"Required Knowledge: ","解锁需要知识："
基础,main.xml,DifficultyAbbr,"Diff","难度"
基础,main.xml,Warn_Marauders,"marauders attacking","海盗来袭"
基础,main.xml,StatBtnShips,"Ships
By Player","玩家单位"
基础,main.xml,MainMen_btnHighScores,"High Scores","积分排行"
基础,main.xml,NAITBully,"Planets are all moderately defended, and they harass the weakest player with prejudice.
 ","所有行星都有着中等力量的防御，并会经常骚扰最弱的玩家。"
基础,main.xml,TUpdatesBeta,"Beta Updates","Beta更新"
基础,main.xml,AIDifficultyItem5,"5 Easy","5 容易"
基础,main.xml,FastAndDangerous,"Fast &amp; Dangerous","快速而危险"
基础,main.xml,ComplexShips,"Complex","复杂"
基础,main.xml,NLobbyCombatFast,"All ships move and reload 2x as fast and have 2x as much attack power.
 
This mode is for advanced players who don't micromanage their ships and who generally don't need time to stop and think during battles.","单位以2倍速度进行移动和重装弹药，并造成2倍伤害。
 
推荐不喜欢微操且喜欢激烈战斗的玩家使用。"
基础,main.xml,AddInfo,"Add Profile Information","添加档案信息"
基础,main.xml,Header_attack,"Attack","攻击"
基础,main.xml,Health,"Health","机能"
基础,main.xml,NetSyncOneHundred,"100 Messages (Pre-2.0 Default)","100 信息（之前版本默认）"
基础,main.xml,CountMetal,"M ","金属"
基础,main.xml,Intro_story6,"It was the AIs that first learned to cooperate.","现在它们已经学会了如何合作，"
基础,main.xml,TStarships,"Starships","星舰"
基础,main.xml,NAITTechHammer,"Like the Sledge Hammer, except the enemy uses only the highest-technolgies right from the start (these are quite a formidable foe).
 ","基本与强力铁锤相同，但敌人从一开始就使用高等级的部队。"
基础,main.xml,HideRechargeBars,"Hide Ship Recharge Bars","隐藏指示单位重装弹药的进度条"
基础,main.xml,NEnableCheats,"The host can set whether or not cheat codes are enabled for the game.  See the ArcenWiki for a list of cheat codes.","主机可以设定是否在游戏里启用作弊码。"
基础,main.xml,BRiotStarship,"RIOT","防暴"
基础,main.xml,InsufEnergy,"Insufficient Available Energy to finish item in build queue!","现有的能量无法完成建造队列里的任务！"
基础,main.xml,VersionMismatch2," of the game.","的游戏。（建议使用相同的汉化包或中文版）"
基础,main.xml,NormalSpeed,"Normal","普通"
基础,main.xml,Send,"Send","发送"
基础,main.xml,DModRiot,"Modules for the Riot Control Starship MkI.","防暴星舰上的模块。"
基础,main.xml,TutorialComplete2,"

Would you like to start it now?","想要现在就开始下一个教程么？"
基础,main.xml,DPriority4,"Click this button (or press Alt+0), then left-click a planet to set its priority to 4.
Setting the priority of a planet is just for your team's reference in strategic planning.
Left-click to set a planet's priority, right-click to clear it.","点击此按钮（或按下Alt+4），然后左键单击一个行星来将它的优先级设为4。
设置行星优先级可以给您的队伍的行动提供参考。
左键单击以设定优先级，右键单击以取消。"
基础,main.xml,NoMapT,"No Map Selected!","未选择任何星图！"
基础,main.xml,IntelByCursor,"Show Intel Summary By Cursor","在鼠标指针附近显示行星信息"
基础,main.xml,ManagePlayers_StatusActive,"Active","启用"
基础,main.xml,Updates_openUpdateFileTitle,"Choose A Manually-Downloaded Update File To Install","选择一个已手动下载的更新包来进行更新（不建议）"
基础,main.xml,TMines,"Mines","空雷"
基础,main.xml,RiotControlStarshipII_Template_3_Desc,"Medium range machine guns, a shotgun, a forcefield, and the experimental tazer module.","装备中距离武器，1个霰弹枪，1个防暴盾，及1个电气枪。"
基础,main.xml,NMapSimple,"Connections between planets are simpler and easier to see.
 
This is the recommended mode for new players, but it will result in fewer unique maps.","行星间的连接较简单。
 
推荐新手玩家使用。"
基础,main.xml,NPartialFog,"Your team must already have ships on a planet to see enemy ships on it, but you can always see who owns each planet as well as each planet's level.","您的队伍必须有至少1艘飞船在行星上才能看到此行星上敌人的单位，但您总是能看到谁拥有此行星。"
基础,main.xml,Header_AIProgressExp,"The AI Progress is perhaps the most important number in your HUD. It measures the aggressiveness of the AI, 
which goes up when you take action against the AI, and which goes down when you destroy data centers.
As the AI Progress gets higher, the AI will also start using higher-tech ships (current level shown in parentheses).","人工智能进度是您的游戏界面显示的数值中最重要的。它描述了人工智能的侵略性。
当您采取行动对抗人工智能时它将上升，当您摧毁敌人的数据中心时它将下降。
当人工智能进度增加时，人工智能将使用更高级的部队（当前部队等级在下方带括号的数字中显示）。"
基础,main.xml,PrimaryMission,"Primary Mission:    Eliminate the AI threat by destroying their home planet Command Stations.","主要任务：消灭人工智能，摧毁它们的母星指挥中心。"
基础,main.xml,son,"on","对"
基础,main.xml,LoadFailed6,"Game saves prior to version ","在游戏版本"
基础,main.xml,DGalMap,"Switch To Galaxy Map (TAB)","切换到星系视图（也可按TAB键）"
基础,main.xml,StarsColor,"Colored (Default)","彩色的（默认）"
基础,main.xml,StatBest,"Best","最大每秒收入"
基础,main.xml,TransportUnload1,"Unload ","从运输单位卸载"
基础,main.xml,SecondaryData,"AI Progress:    Disrupt AI production by destroying their Data Centers.","人工智能进度：摧毁数据中心来降低进度。"
基础,main.xml,UnhandledT,"An Unhandled Exception Has Occurred","发生未处理的错误"
基础,main.xml,UnlockedTech,"Unlocked Technologies","已解锁的科技"
基础,main.xml,Intro_credits6,"BETA TESTERS","BETA测试"
基础,main.xml,Game_speed,"Speed","速度"
基础,main.xml,SecondAI,"Second AI:","人工智能2："
基础,main.xml,EnableCheats,"Enable Cheats","启用作弊码"
基础,main.xml,TParasites,"Parasites","寄生虫"
基础,main.xml,QuitGame,"Quit Game","退出当前游戏"
基础,main.xml,LoadFailed2,"This savegame is from version ","存档来自游戏版本为"
基础,main.xml,EnemyMarkI,"Mark I: ","I型单位："
基础,main.xml,LabExhausted,"Exhausted","耗尽了"
基础,main.xml,RiotControlStarshipI_Template_2_Full,"Arrestor","平衡组合"
基础,main.xml,InterfaceSettings,"Interface","界面"
基础,main.xml,InvalidFilename1,"The character '","字符“"
基础,main.xml,NAITypeDiffEasy,"EASIER","简单"
基础,main.xml,SaveFailed1,"Could not save your file!  Details below:","无法保存您的存档！详情如下："
基础,main.xml,chkAutomaticallyCheckForUpdates,"Automatically Check For Updates On Game Start","启动程序时自动检查更新（不建议）"
基础,main.xml,ShipTransported,"Transported","运输中"
基础,main.xml,WeaponVolume,"Weapon Sound Volume:","武器音效音量："
基础,main.xml,No,"No","不是"
基础,main.xml,NotReadyM,"Host cannot start the game until each players has clicked the Ready checkbox next to his/her name.","并非所有玩家都准备完毕，游戏无法开始。"
基础,main.xml,EAITTrain,"Double the normal number of astro trains.","星际列车数为正常的2倍。"
基础,main.xml,Score_LastTurn,"Last Turn","最后"
基础,main.xml,OK,"OK","没问题"
基础,main.xml,BackToStats,"Back To Stats","返回到详细数据列表"
基础,main.xml,StartGame,"Start Game","游戏开始"
基础,main.xml,Avenger_Template_1_Abbr,"DFLT","默认"
基础,main.xml,InvalidKey2,"Please make sure you typed it correctly, with the dashes included.","请确认您输入了正确的许可密钥。"
基础,main.xml,NoFocus,"Game Does Not Have Input Focus...","游戏处于非选中状态……"
基础,main.xml,NetworkPort,"UDP Network Port:","UDP端口："
基础,main.xml,BuildTime,"Time To Build: ","建造时间："
基础,main.xml,Unused,"Unused","未使用"
基础,main.xml,TAIMod,"AI Modifier","人工智能选项"
基础,main.xml,DPriority9,"Click this button (or press Alt+0), then left-click a planet to set its priority to 9.
Setting the priority of a planet is just for your team's reference in strategic planning.
Left-click to set a planet's priority, right-click to clear it.","点击此按钮（或按下Alt+9），然后左键单击一个行星来将它的优先级设为9。
设置行星优先级可以给您的队伍的行动提供参考。
左键单击以设定优先级，右键单击以取消。"
基础,main.xml,SaveGame,"Save Game","保存当前游戏"
基础,main.xml,AvailableShips,"Available Ships:","单位类型："
基础,main.xml,NStarship,"Starships","星舰"
基础,main.xml,DEnableShips,"The host sets whether or not these ships will be included in the game.
 ","主机可以设定是否在游戏里启用这些部队类型。"
基础,main.xml,Expansion1Explain,"You currently able to play with the TRIAL version of The Zenith Remnant's features, but each campaign is limited to 3 hours if you opt to do so.

To unlock the full version of the expansion, please enter your license key below.","您的天顶残存扩展包是试玩版本，每局游戏时间不能超过3小时。

要解锁完整版的游戏，请在下面输入许可密钥。"
基础,main.xml,HighScores_GameTime,"Game Time","游戏时间"
基础,main.xml,EnterMessage,"Enter A Message To Send To Your Team","输入您想对盟友发送的消息"
基础,main.xml,ShotMinElec,"Minor Electric","微型电气弹"
基础,main.xml,BFilterTeam,"Te","友"
基础,main.xml,StarsGray,"Gray Patterns","灰色"
基础,main.xml,AIDifficultyItem1,"1 Sandbox","1 天真傻子"
基础,main.xml,TLoadGame,"Load Saved Game","读取游戏存档"
基础,main.xml,Warn_Mines,"Your ships have flown into a minefield on","您的飞船陷入了敌人的雷区，雷区位于："
基础,main.xml,DTotals1,"Galaxy Totals
--------------------
Planets Held By You:              ","星系统计
--------------------
您拥有的行星数："
基础,main.xml,KnowledgeRate,"Knowledge Income Rate","知识收入率"
基础,main.xml,StatNLost,"# Lost","玩家损失"
基础,main.xml,SyncingGame4,"Populating Planetary Objects...","填充行星物体……"
基础,main.xml,TAITCore,"The Core","核心"
基础,main.xml,TotalResources2,"Metal: ","金属："
基础,main.xml,NAITHammer,"Waves slam into one player planet after another, with potentially fatal effect.
 ","不停地向玩家的行星发动攻势，可能会造成不好的后果。"
基础,main.xml,CombatStyleChanged,":    Combat Style Set To: ","：战斗方式设置为："
基础,main.xml,MFindMilitaryT,"Ship Types - Mobile Military","单位类型-可移动的部队"
基础,main.xml,ShotDarkMatter,"Dark Matter","暗物质"
基础,main.xml,NCrossPlanetWaves,"Waves will spawn on an AI planet and travel across normal space rather than spawning at one of your wormholes.  As a result, you will not generally know where the wave will spawn.  NOTE: this can make the game much more difficult, perhaps impossibly so.","攻势将从敌人的一个行星上产生并向您的行星前进，而不是直接从虫洞里出现。因此您恐怕无法得知攻势将在哪里产生。这可能使游戏难度大大提高。"
基础,main.xml,ShotFlare,"Flare","照明弹"
基础,main.xml,ShipManufactory,"Manufactories","制造工厂"
基础,main.xml,BuildQBuild,"Building...","建造中……"
基础,main.xml,DQuitGame,"Exit the game.","离开游戏。"
基础,main.xml,NAITypeDiffHard,"HARDER","困难"
基础,main.xml,ShowToolbar,"Show Window Toolbar","显示窗口工具栏"
基础,main.xml,ExpansionExplainHeader,"Explanation","扩展包"
基础,main.xml,StatBuilt,"Built","建造"
基础,main.xml,TAITRandomEasy,"Random Easier","随机简单"
基础,main.xml,ShipSpaceDock,"Build Queues","建造队列"
基础,main.xml,Warn_RebelColony2," will lose invisibility protection in ","，将失去隐形效果，剩下"
基础,main.xml,ShotMissile,"Missile","导弹"
基础,main.xml,RiotControlStarshipII_Template_2_Full,"Suppressor","短程组合"
基础,main.xml,UnitStatsA2,"        Health:   ","机能："
基础,main.xml,Warn_CmdLost,"command station was destroyed!","指挥中心被摧毁了！"
基础,main.xml,TAITRaider,"Vicious Raider","凶猛的侵略者"
基础,main.xml,LoadingGame4,"Checking Capturable Population...","检查可占领单位……"
基础,main.xml,errImageLoadT,"Image Load Error","图像读取错误"
基础,main.xml,EnemyMarkIII,"Mark III: ","III型单位："
基础,main.xml,DExpansions,"The host sets which expansions will be used in the game.

If any players do not have the expansion installed and available, the game will warn the host and fail to start when Start Game is clicked.

Expansions can be configured from the Expansions tab of the Settings window.","主机可以设置游戏使用哪些扩展包。

如果某个玩家没有安装扩展包或未激活它，游戏将无法开始。

扩展包可以在游戏选项中的扩展包选项卡里进行设置。"
基础,main.xml,HighScores_Expansions,"Expansions","扩展包"
基础,main.xml,RiotControlStarshipII_Template_2_Abbr,"SPRS","短程"
基础,main.xml,DTotals8,"
Enable Cheats:     ","是否启用作弊码："
基础,main.xml,grpNetworkHelp,"Networking Help","网络连接帮助"
基础,main.xml,NoFilenameT,"No Filename given!","未输入文件名！"
基础,main.xml,TutorialComplete1,"This tutorial is complete, but there is another: 
","此教程已完成，下一个教程是："
基础,main.xml,Intro_story1,"For eight hundred years, human civil war was waged.","八百年来，人类持续着毫无意义的内战。"
基础,main.xml,UnlockFull,"Manage License Keys","管理许可密钥"
基础,main.xml,UpdateInvalidFile,"Error: The selected file does not appear to be a valid manual update package for the game.","错误：选择的文件并不是正确的更新包或扩展包。"
基础,main.xml,StatNet,"Net","现存量"
基础,main.xml,Intro_credits2b,"SOUND","音效"
基础,main.xml,TAITAssassin,"Assassin","暗杀者"
基础,main.xml,NotReady1,"At least one player is not yet ready.  Please wait for everyone to be ready before starting the game.","至少有一个玩家没有准备完毕。请在所有玩家都准备完毕后再开始游戏。"
基础,main.xml,SimpleShips,"Simple","简单"
基础,main.xml,MainMen_errUpdateTitle,"Updater Error","更新出错"
基础,main.xml,MainMen_btnUpdate,"Updates","更新（影响汉化）"
基础,main.xml,Achievements_Header_Total,"Total","所有"
基础,main.xml,Place_Harvester,"No harvest point nearby on which to place harvester.","附近没有空余的采集点来放置采集厂。"
基础,main.xml,EAITTank,"Has tanks and armor ships from the start, as well as whatever other ships they might unlock.","从一开始就拥有坦克和装甲船。"
基础,main.xml,TutorialNoTutorialSelectedErrorMessage,"Please select a tutorial first.","请先选择一个教程。"
基础,main.xml,CountWaves,"Wave ","攻势"
基础,main.xml,AutoAIProgress1,"Auto AI Progress:","人工智能进度上升"
基础,main.xml,DHostGame,"Start a new single-player or multiplayer campaign.
Note:  If you haven't played through the tutorials first, it would be a good idea to do that first!","开始一个单人模式游戏或多人游戏。
注意：如果您还没有接触过教程，强烈建议您先尝试它！"
基础,main.xml,LowEfficiencyA2," Energy","能量"
基础,main.xml,AIModifier,"AI Modifiers:","人工智能选项："
基础,main.xml,CountStarshipConstr,"StarCon ","星厂"
基础,main.xml,LicenseKey,"License Key:","许可密钥"
基础,main.xml,TutorialEnd,"End Of Tutorial","教程完结"
基础,main.xml,UnitStatsAInf,"Inf","无限"
基础,main.xml,DidYouThink,"Did you think we wouldn't see?","你以为我们看不到吗？"
基础,main.xml,Cheat," (CHEAT)","（作弊码启用）"
基础,main.xml,ColorConflict1,"Two or more players have the same color.  Please remit before starting the game.","有两个或更多的玩家选择了相同的颜色。请选择互不相同的颜色。"
基础,main.xml,RiotControlStarshipIII_Template_3_Full,"Shield Wall","防御组合"
基础,main.xml,DMinimapMinus,"Reduce the size of the minimap.","缩小迷你星图。"
基础,main.xml,NAITCore,"Planets are all lightly defended in terms of the number of ships at each, but all ships of this AI are deadly Mark V/Core ships.
 ","所有行星上防卫的部队数量都不多，但它们都是V型/核心部队。"
基础,main.xml,HitChance,"Hit Chance","命中率"
基础,main.xml,NetworkSyncSize,"Network Sync Size:","网络同步大小："
基础,main.xml,PlayerSupply1,"Player Supply:                ","玩家补给情况："
基础,main.xml,StatLost,"Lost","损失"
基础,main.xml,MainMen_btnLoad,"Load Saved Game","读取游戏存档"
基础,main.xml,Intro_copyright,"Copyright 2009-2010 Arcen Games, LLC","版权所有 2009-2010 Arcen Games, LLC"
基础,main.xml,BMinimapEnemy,"En","敌"
基础,main.xml,MultipleHomes5,"station, then all of the home planet command stations that player controls are lost.  Is this what you want?","他们将失去所有的母星指挥中心。您确定吗？"
基础,main.xml,NStarships,"Starships are massive, expensive, offensive ships that can provide an anchor for smaller strike forces.","星舰是强大而昂贵的部队，具有改变战局的实力。"
基础,main.xml,Place_Resources,"Insufficient resources to build ship.","资源不足，无法建造单位。"
基础,main.xml,TAITTechTurtle,"Technologist Turtle","乌龟专家"
基础,main.xml,NMarkIToIII,"Mark I-III Offensive Ships","I-III型单位"
基础,main.xml,NTurrets,"Turrets are small, relatively inexpensive, immobile units with powerful attacks or defensive abilities (such as having tractor beams or countering incoming enemy missiles or sniper fire, etc).","炮塔一般较小，相对较便宜，无法移动，火力较强或有特殊的防御能力（如牵引光束、反弹能力等）。"
基础,main.xml,HighScores_PlayerKills,"Player # Kills","玩家击杀"
基础,main.xml,Avenger_Template_1_Full,"Default","默认"
基础,main.xml,Score_Desync,"DESYNC","不同步"
基础,main.xml,SimpleFarZoom,"Use Simple Render For Far Zoom Icons (Slower, But Prevents Invisible Icons On Some Graphics Card Drivers)","对较远的缩放图标使用简单渲染（降低运行速度，但避免了部分显卡上看不到图标的问题）"
基础,main.xml,DNotes,"Click this button (or /), then click a planet to add notes to it.","点击此按钮（或按下/），并点击一个行星来给它添加注释。"
基础,main.xml,BCommand,"CMD","指挥"
基础,main.xml,NMines,"Mines are completely invisible unless tagged with a tachyon beam emitter, or until they are collided with an enemy ship.  Human and AI players can use mines to disrupt incoming ships -- weaker ships are completely destroyed, while stronger ships are heavily damaged.","除非被速子射线发现，否则空雷完全无法被察觉。接近敌人单位时它们会爆炸，直接击杀弱小的单位，重创稍强的单位。"
基础,main.xml,TAutoAIProgTime,"Auto AI Progress Minutes","人工智能进度增长间隔时间"
基础,main.xml,ZoomPanSettings,"Zoom / Pan Settings","缩放/滚屏设置"
基础,main.xml,Achievements_Header_Bronze,"Bronze","铜"
基础,main.xml,NAITEntHomeworld,"Planets are heavily defended, and they do moderate attacks on the players.
 ","所有行星的防御都很牢固，并且会以中等力量进攻玩家。"
基础,main.xml,ButtonCountsZero,"None!","无！"
基础,main.xml,NAITCounterSpy,"Planets are heavily defended, and advanced scouting is almost impossible because of the counter spy defenses on each planet, which insta-kill all cloaked ships.
 ","所有行星的防御都很牢固，几乎无法直接侦察它们的行星，因为每个行星上都有反间谍塔。"
基础,main.xml,MainMen_btnQuit,"Quit","退出游戏"
基础,main.xml,TacticalSchool,"You must have missed that day in tactical school.","你一定未玩过教程。"
基础,main.xml,ExpansionsSettings,"Expansions","扩展包"
基础,main.xml,NebulaDetail,"Nebula Detail:","星云细节度："
基础,main.xml,CannotDeleteProfileT,"Cannot Delete Only Profile!","不能删除最后一个档案！"
基础,main.xml,Start_Tut,"Initializing Tutorials","初始化教程"
基础,main.xml,Achievements_Header_Silver,"Silver","银"
基础,main.xml,IsNotPauseAll,"All Constructors Are Currently Set To Run As Normal","所有兵工厂目前正常运转。"
基础,main.xml,StatPSurviving,"% Surviving","存活率"
基础,main.xml,ManagePlayers_MissColorsText,"Each active player must have a unique color assigned.","每个被启用的玩家必须被分配一个唯一的颜色。"
基础,main.xml,NAITFortress,"Planets are mostly moderately defended, but the core planets are incredibly heavily defended, and they do moderate attacks on the players.
 ","所有行星都有着中等力量的防御，但母星防御很牢固，并且会以中等力量进攻玩家。"
基础,main.xml,LoadFailed7," cannot be loaded by the current game.
This save file was created with version ","之前的存档无法被当前游戏读取。
此存档创建于游戏版本"
基础,main.xml,EAITBackHacker,"Has a permanent Exo-Galaxy Wormhole on each player's home planet.","玩家的每个行星上都拥有外星虫洞。"
基础,main.xml,NHeavyDefense1,"The following ship types belong to this category: 
 ","以下单位属于重型防御设施："
基础,main.xml,CountWormholes,"Wm ","虫洞"
基础,main.xml,Intro_credits8,"WITH SIGNIFICANT POST-RELEASE SUGGESTIONS","在游戏发售后给予了建议"
基础,main.xml,TAITBackHacker,"Backdoor Hacker","后门的黑客"
基础,main.xml,DAIType,"The host sets this value, which determines the general behavior and skills of each AI player.
 ","主机可以决定每个人工智能的类型。"
基础,main.xml,DConstructor,"Ships useful for producing other ships.","用于建造其他单位。"
基础,main.xml,TComplexShips,"Complex","复杂"
基础,main.xml,ControlGroup,"Control Group ","编组"
基础,main.xml,ConnectionFailed1,"Server connection was lost or could not be established!","与服务器的连接已中断或者无法确认！"
基础,main.xml,Intro_credits4a,"TECHWRITER","技术编辑"
基础,main.xml,Expansions,"Expansions:","扩展包："
基础,main.xml,1201Warning_Content,"Welcome to version 1.201 of the game!  This is a huge new version of the game, and while we're confident you will love it based on the feedback from our month-long public beta of this new version, there are some things you need to know:

1. The economy has had many overhauls to make things simpler in general.  If you were used to the old way, there may be a few mental adjustments you need to make, though.  The Basic Tutorial2, Building Your Economy, has been updated with the new info you need (or you can just figure it out as you go, if you've played a lot of other RTS games).

2. Energy costs are particularly different.  Be careful not to build too many unneeded structures, or you will be perpetually energy-poor.  Also, be sure to take enough planets to support your energy needs.  If you are loading a savegame from a prior version of the game, that's wonderful, but be aware that you may start out with a very negative energy balance.  That is something that can be quickly resolved in most cases by your turning off unneeded structures and adding some new reactors where neccessary.

3. Be aware that energy reactors now have an per-second ongoing metal and crystal cost.  However, to compensate for this, your metal/crystal harvesters no longer have lowered efficiency as you add more of them.  This makes it so that you can expand out pretty well infinitely, but you can't support an infinite amount of ships with too few planets.

4. Aside from the above, there are also a huge number of other enhancements, improvements, and additions to all aspects of the game, including the AI itself.  Please see the release notes if you want to read more about those, but the rest should not be too startling of an adjustment.

----------------------------------------------------------------------------------------------
Please click Yes if you don't need to see this message again, or No if you would like to see it again the next time you open the main menu.","没有内容。
如果您不想再看到这个对话框，请按“是”，否则请按“不是”。"
基础,main.xml,TutorialVideo,"Online:    Video Tutorials	(See An Expert Play The Early Game)","在线查看：    视频教程               （英文）"
基础,main.xml,NNoWavesMod,"The AI will never send waves against you, but unlike Turtle AI types they will not get more reinforcement points to compensate.","敌人不会对您发动攻势，并且它们也不会获得更多增援。"
基础,main.xml,ShipDisplay,"Ship Display","显示部队"
基础,main.xml,DisableBlending,"Disable Blending of Shot/Explosion Effects","隐藏混合攻击/爆炸效果"
基础,main.xml,Selection_Enemy,"Enemy: ","敌军："
基础,main.xml,BahPitifulHumans,"Bah, pitiful humans.","呸，卑微的人类。"
基础,main.xml,EngAMove,"Attack-Move","移动攻击"
基础,main.xml,DAutoAIProgTime,"The host sets the frequency, in minutes, on which the AI Progress will increase. (5 is recommended, setting the value to 0 will cause no increases to occur.)","主机可以设置每隔多少时间人工智能进度增长。（推荐5，设为0的话人工智能进度将不增长）"
基础,main.xml,Intro_credits4b,"SPECIAL THANKS / ALPHA TEST / DESIGN ASSIST","特别鸣谢 / ALPHA测试 / 设计助理"
基础,main.xml,CoopUnlocked,"unlocked","解锁了"
基础,main.xml,ManagePlayers_DupeColorsText,"Each active player must have a unique color.","每个被启用的玩家颜色必须唯一。"
基础,main.xml,TUpdatesAIWar,"Official Updates","官方更新"
基础,main.xml,1201Warning_Header,"IMPORTANT - About The New 1.201 Version","无用的东西"
基础,main.xml,BFilterMilitary,"Ml","动"
基础,main.xml,Header_find,"Find","查找"
基础,main.xml,CanGift,"Can Be Given: ","可以给予："
基础,main.xml,NAITRandomHardNonTechno,"A random AI type that includes only the higher-difficulty types, but none of the ""technologist"" types.
 ","只包括困难类型且不是专家类型的人工智能。"
基础,main.xml,Exhausted,"Exhausted","耗尽了"
基础,main.xml,NAITTechRaider,"Like the Vicious Raider, except the enemy uses only the highest-technolgies right from the start (these are quite a formidable foe).
 ","基本与凶猛的侵略者相同，但敌人从一开始就使用高等级的部队。"
基础,main.xml,StatNGiven,"# Given","给予单位"
基础,main.xml,MetalStored,"Metal Stored","金属存量"
基础,main.xml,NoMap1,"No Map Selected!  Click ""Generate Map"" to create a new map.""","未选择任何星图！点击生成星图以生成新的星图。"
基础,main.xml,NAITSpecialForces,"Only has special forces guard posts -- no regular guard posts. This makes for a tremendous number of ships patrolling around the map at any given time.
 ","所有据点都是特种部队据点--没有普通的据点。因此敌人将有大量的部队在星图上巡逻。"
基础,main.xml,DNumPlanets,"The host sets how many playable planets there will be.  The more players and planets are in a game, the better CPU everyone needs to have.  Default is 80 planets, but you can choose anywhere from 10 to 120.  Maps smaller than 80 plants tend to be easier as well as shorter, except for the really tiny maps (under 40), which can be much more fast-paced especially right at the start.","主机可以设定星图内一共有几颗行星。一局游戏中玩家越多，行星数越多，则对每位玩家的配置要求越高。默认设为80，您也可以手动更改。少于80个行星的游戏将更容易且耗时更少。小型星图（行星数少于40个）上游戏的节奏将相当的快。"
基础,main.xml,ShotAcid,"Acid","酸性"
基础,main.xml,Pausing,"Pausing...","暂停中……"
基础,main.xml,Updates_btnInstallManuallyDownloadedUpdate,"Install Manually-Downloaded Update","安装已手动下载的更新（不建议）"
基础,main.xml,Fow_Full,"Full Fog Of War: Your team must already have ships on a planet to see enemy ships at it, and you must scout planets to see who owns them.","完全战争迷雾：您的队伍必须有至少1艘飞船在行星上才能看到此行星上敌人的单位，而且必须首先侦察行星才能看到谁拥有它。"
基础,main.xml,Intro_header1,"AI WAR","人工智能战争：舰队司令+天顶残存"
基础,main.xml,NebulaOld,"Old Style","旧风格"
基础,main.xml,TAstroTrains,"Astro Trains","星际列车"
基础,main.xml,AlreadyOpenA,"Two instances of this game are already open on this computer.  Please close one of them before opening a third.","正在同时运行两个游戏程序，请先关闭其中的一个。"
基础,main.xml,Connecting,"Connecting to Server...","连接服务器中……"
基础,main.xml,ShipsLost,"Ships Lost","损失的部队数"
基础,main.xml,EnemyShipLevels,"Enemy Ship Levels","敌方单位级别"
基础,main.xml,DMarkIToIII,"First three tiers of ships for offensive purposes.","前三型号的单位。"
基础,main.xml,TAITRandomAllNonTechno,"Random All Non-Technologist","随机所有 - 非专家"
基础,main.xml,Expansion1NamePart,"1- The Zenith Remnant","1 - 天顶残存"
基础,main.xml,DNSResolutionFailureT,"Invalid Server Name Specified!","服务器名称无效！"
基础,main.xml,NComplexShips,"All bonus ship types will be used.","所有类型的单位都可用。"
基础,main.xml,ShipTotals2,"Allies Have:    ","盟友有："
基础,main.xml,Minimize,"Minimize","最小化"
基础,main.xml,StartingGame4,"Assigning Remaining AI Planets...","放置剩余的人工智能行星……"
基础,main.xml,LoadFailed4,").
Please update to at least version ","）要新。
请更新到版本"
基础,mapstyle.xml,Realistic_Hubs,"Realistic - Hubs","真实 - 复杂"
基础,mapstyle.xml,Realistic,"Realistic","真实 - 简单"
基础,mapstyle.xml,Simple,"Simple","虚拟 - 简单"
基础,mapstyle.xml,Simple_Hubs,"Simple - Hubs","虚拟 - 复杂"
基础,mapstyle.xml,Unknown,"Unknown","未知"
基础,minimapdisplay.xml,EnemyShips,"Enemy Ships (Hold F7)","敌方部队(按下 F7)"
基础,minimapdisplay.xml,Normal,"Normal","正常"
基础,minimapdisplay.xml,Length,"Length","长度"
基础,minimapdisplay.xml,ResourcesAndWormholes,"Resources And Wormholes (Hold F6)","资源和虫洞(按下 F6)"
基础,minimapdisplay.xml,MilitaryShips,"Military Ships (Hold F5)","军事部队(按下 F5)"
基础,minorfactions.xml,HumanMarauders_Desc,"Hostile human vagabonds who live in deep space and will occasionally raid human or AI planets via traditional propulsion methods.  Unlike pretty much any hostile threat, these don't always come through wormholes, in other words.","他们的老巢在外太空，对人类和人工智能都有敌意，偶尔会对人类或人工智能的行星发动袭击，而且不一定从虫洞进入星球。"
基础,minorfactions.xml,HumanColonyRebellions_Desc,"Most human settlements have been destroyed or completely subdued, but every five or so hours one will rise against the machines.  However, these civilians are always outmatched despite their enthusiasm.  If you do not help them take back their planet, they will die and the AI Progress will go up.  Save them, and their unique ship production facilities are yours to use. Only works with galaxy maps with 30+ planets.","大部分曾属于人类的星球都已经被奴役或被毁灭了。然而，哪里有压迫，哪里就有反抗，每过一定时间，将有一个星球的人类起义反抗人工智能。他们虽然非常努力，但与人工智能相比，实在是太弱小了。如果你无法尽快协助他们消灭掉星球附近的人工智能部队，他们将战死，人工智能进度也将上升。如果成功拯救了他们，你就可以获得他们独特的部队生产设施了。只适用于30个或者更多行星的星图。"
基础,minorfactions.xml,HumanResistanceFighters_Desc,"Pockets of human allies still live in deep space around AI planets; when they see you attacking the AI, sometimes they will reveal themselves and join you.","幸存于外太空的人类，他们有可能会现身并帮助你攻击人工智能。"
基础,minorfactions.xml,HumanResistanceFighters,"Human Resistance Fighters","盟军 - 反抗军"
基础,minorfactions.xml,HumanMarauders,"Human Marauders","太空海盗"
基础,minorfactions.xml,Length,"Length","长度"
基础,minorfactions.xml,HumanColonyRebellions,"Human Colony Rebellions","盟军 - 起义组织"
基础,ships.xml,DecoyDroneFabricator_Short,"Fab:","试验工厂"
基础,ships.xml,SpaceTugStar66_Abbr,"S-66","星舰66"
基础,ships.xml,EnergyReactor_Full,"Energy Reactor","能源反应装置"
基础,ships.xml,ScoutStarship_Short,"Star:Scout","星:侦察"
基础,ships.xml,RiotShieldII_Full,"Riot Shield II","防暴盾II"
基础,ships.xml,SpiderTurret_Desc,"Long-range defense for planetary bases -- identical to the base sniper turret, but also inflicts engine damage.
Also useful on offense, since it can fire through force fields.","远程行星基地防御设施--性能与狙击塔相同,但它可以使引擎受损.
进攻上也很有用,因为它的攻击可穿透力场."
基础,ships.xml,OrbitalCommandStationWarpJammer_Desc,"Nerve center of every planetary base.  All other base buildings are created here.
Can only build one per planet (counting all players). Can be built at destroyed planets, but provide no supply there.
Costs significant ongoing resources, but prevents any warps from being initiated against its host planet.","每一个行星基地的核心.所有其他基础建筑都是由它建造的.
每个星球只能建造一个(包括所有玩家).可建造在被摧毁的星球,但无法提供补给.
建造成本高, 但能阻止任何针对此星球的星际跃迁."
基础,ships.xml,SpecialForcesCommandPost_Desc,"Enemy ships assigned to special forces patrol between these posts.
When an AI gets reinforcements to a planet, each guard post also gets reinforcements.","敌方部队将在这些特种部队据点之间来回巡逻.
当人工智能增援一个星球时,所有据点也将获得增援."
基础,ships.xml,HeavyBeamTurretIII_Short,"Heavy Beam III","重型光束III"
基础,ships.xml,EMP_Abbr,"EMP","电"
基础,ships.xml,AIForceField_Short,"AI FF-Gen I","人工智能力场I"
基础,ships.xml,CoreArmorShip_Short,"C:Armor","核:装甲"
基础,ships.xml,LazerTurretIII_Full,"Laser Turret Mark III","镭射塔III型"
基础,ships.xml,BomberIII_Full,"Heavy Bomber Mark III","重型轰炸机III型"
基础,ships.xml,SpiderIV_Full,"Spider Bot Mark IV","蜘蛛IV型"
基础,ships.xml,MissileTurret_Short,"Mssl Tur I","导弹塔I"
基础,ships.xml,RaiderIV_Short,"Raider IV","入侵者IV"
基础,ships.xml,SpaceTankII_Full,"Space Tank Mark II","太空坦克II型"
基础,ships.xml,ArmorShipIII_Short,"Armor III","装甲III"
基础,ships.xml,AstroTrainIII_Full,"Astro Train Mark III","星际列车III型"
基础,ships.xml,ElectricShuttleIV_Full,"Electric Shuttle Mark IV","电气穿梭机IV型"
基础,ships.xml,Ability_ShieldBoost,"Shield Boost For Allied Ships","强化友军护盾"
基础,ships.xml,CoreLeech_Full,"Core Leech","核心水蛭"
基础,ships.xml,HeavyBeamCannonModuleIII_Short,"Heavy Beam III","重型光束III"
基础,ships.xml,InfiltratorIV_Full,"Infiltrator Mark IV","潜入者IV型"
基础,ships.xml,ArmorShipIII_Full,"Armor Ship Mark III","装甲船III型"
基础,ships.xml,Ability_NukeOnDeath,"Emits Nuclear Explosion On Destruction","被破坏时产生核爆"
基础,ships.xml,AutocannonMinipod_Wave,"Autocannons","自动加农炮"
基础,ships.xml,TachyonScout_Short,"Scout IV","侦察机IV"
基础,ships.xml,ControlNodeMRSRepairedShipsStayAtMRS_But,"Stay
MRS","等修"
基础,ships.xml,ControlNode_SinglePlanet_AutoBuildEngineerI_Abbr,"S-Auto
Eng1","工1"
基础,ships.xml,CoreBomber_Full,"Core Bomber","核心轰炸机"
基础,ships.xml,ArmorShipIV_Short,"Armor IV","装甲IV"
基础,ships.xml,OrbitalCommandStation_Short,"Cmd","指挥"
基础,ships.xml,ControlNodeMRSRepairedShipsStayAtMRS_Desc,"Makes ships repaired by your multi-repair ships stay with the MRS unit rather than returning to their previous location.","使您被维修船维修完成的部队留在维修船里,而不是回到他们之前的位置."
基础,ships.xml,OmegaDrive_Short,"Omega Drive","欧米茄驱动器"
基础,ships.xml,Ability_ImmuneToSniper,"Immune To Sniper Shots","狙击免疫"
基础,ships.xml,HarvesterExoShield_Full,"Harvester Exo-Force-Field","采集厂外围力场"
基础,ships.xml,MineLayer_Desc,"Cleans up exploded ship remains and builds replacement ships in their place.
Each ship it rebuilds costs half the normal metal/crystal/time, and it prevents players from having to manually rebuild them.
Unless issued a specific command by its controller, it will automatically rebuild nearby remains.","清理单位的残骸并重建他们.
每个残骸的重建成本为正常建造成本的一半,它避免了玩家多余的手动操作.
除非指挥官下命令,否则它会自动重建附近的残骸."
基础,ships.xml,Decloaker_Full,"Decloaker","反隐形仪"
基础,ships.xml,Raider_Full,"Raider","入侵者"
基础,ships.xml,TeleportBattleStationII_Full,"Teleport Battle Station Mark II","瞬移战役站II型"
基础,ships.xml,EngineerDroneIII_Full,"Engineer Drone Mark III","雄蜂工程师III型"
基础,ships.xml,LazerTurret_Desc,"Fires powerful lasers at very high range.","发射大范围的激光进行攻击."
基础,ships.xml,MunitionsBooster_Full,"Munitions Booster","火力增幅器"
基础,ships.xml,VorticularCutlass_Full,"Vorticular Cutlass","旋转弯刀"
基础,ships.xml,EtherJetIV_Full,"EtherJet Tractor Mark IV","以太喷射牵引机IV型"
基础,ships.xml,RiotControlStarshipI_Desc,"Specializes in disabling and destroying large numbers of weaker disturbances to the peace.
Has four light hardpoints and two medium hardpoints that mount a number of different weapons and modules.","用来对付大量敌人的压制性兵器.
拥有4个轻型炮挂点,2个中型炮挂点来安装许多不同的武器与模块."
基础,ships.xml,FighterIV_Short,"Fighter IV","歼击机IV"
基础,ships.xml,SpaceTank_Short,"Tank I","坦克I型"
基础,ships.xml,MarauderBuzzBomb_Desc,"Hostile human vagabonds who live in deep space will occasionally send these automated bombs
at human and AI settlements to destroy what they can so that they can escape with the resulting scrap.
The buzz bomb explodes on contact with its target, dealing area damage.
They won't attack any AI ships that human players must normally manually target.","居住在外太空的流浪者们有时会使用这些炸弹来摧毁他们所能看到的一切.
蜂鸣炸弹在与目标接触时爆炸,造成范围伤害.
人类玩家如果必须手动操作才能攻击特定的人工智能的部队,那么蜂鸣炸弹不会攻击它们."
基础,ships.xml,BomberStarship_Full,"Bomber Starship","轰炸机星舰"
基础,ships.xml,EnergyReactor_Short,"Energy I","能源I"
基础,ships.xml,FighterIV_Full,"Standard Fighter Mark IV","标准歼击机IV型"
基础,ships.xml,OrbitalCommandStationHomeCoreIII_Full,"Orbital Command Station Home Core Mark III","轨道指挥中心III型核心"
基础,ships.xml,WormholeCommandPost_Full,"Wormhole Guard Post","虫洞据点"
基础,ships.xml,Ability_InstaKillsLower,"Insta Kills &lt;= Mark","一击必杀 &lt;= 型号"
基础,ships.xml,CoreDemonHand_Short,"C:Demon H","核心恶魔手"
基础,ships.xml,WarpGate_Desc,"Destroy these gates to prevent AIs from initiating new warps of raids and reinforcements.
Or, is automatically destroyed when the AI's command station is destroyed.

The ship production facilities of the AIs are somewhere outside the galaxy --
cut off their ability to warp in raids against adjacent planets by destroying these gates.","摧毁这些星门来防止敌人发动入侵和派出增援.
当人工智能的指挥中心被摧毁时它也会自毁.

人工智能的部队生产设施并不在星系以内--
所以最好是摧毁这些星门,切断他们入侵的途径."
基础,ships.xml,ControlNodeMakeFormationOffsetsSticky_Full,"Control Node: Sticky Formation Offsets","控制指令: 密集队型"
基础,ships.xml,NuclearMissile_Abbr,"Nuke","核"
基础,ships.xml,Ability_Grav3,"Range","以内"
基础,ships.xml,ShieldBearerII_Short,"FF-Bearer II","承载器II"
基础,ships.xml,ArmoredScout_Full,"Scout Drone Mark II","雄蜂侦察机II型"
基础,ships.xml,EtherJet_Desc,"Blazing fast cloaked fighter that can grapple an enemy ship and drag it.","速度相当快的隐形战机,能拉住敌方部队并拖动它."
基础,ships.xml,NuclearMissile_Short,"Nuke","核弹"
基础,ships.xml,SpacePlaneIII_Full,"Space Plane Mark III","太空飞机III型"
基础,ships.xml,DreadnoughtIII_Short,"Star:Dread III","星:无畏III"
基础,ships.xml,ForceFieldGenerator_Desc,"Creates a midsize, mobile force field that provides protection for nearby ships.
Ships firing out from under the force field do 75% less damage than normal, so it is best to build defenses around the field.
Bombers have a substantial bonus against these and other hardened targets.
Snipers, Sniper Turrets, Raid/Leech Starships, Infiltrators, EyeBots, Ion Cannons,
and Counter-Spies can move and fire through force fields as if they are not there.","产生一个中型可移动的力场护盾来保护附近的部队.
部队从力场里向外攻击将只造成75%的伤害,所以最好是在力场周围建造防御设施.
轰炸机对力场及其他掩蔽目标有伤害加成.
狙击手,狙击塔,入侵者,突击/吸血星舰,潜入者,监察机,离子加农炮,
以及反间谍塔可以无视力场进行移动和攻击."
基础,ships.xml,EyeBotIII_Short,"Eye Bot III","监察机III"
基础,ships.xml,MicroFighterII_Short,"MicroFight II","微型战斗II"
基础,ships.xml,OrbitalCommandStationHomeCoreIII_Short,"Cmd Home Core III","指挥III核心"
基础,ships.xml,Avenger_Short,"Avenger","复仇者"
基础,ships.xml,EtherJet_Wave,"EtherJets","牵引机"
基础,ships.xml,Ability_Grav2,"Within","在"
基础,ships.xml,SpaceTug33_Desc,"Very fast ship. Grabs allied ships with less than 33% health remaining and brings them to the nearest mobile repair station.","速度非常快.把机能少于33%的舰艇牵引至最近的机动维修中心."
基础,ships.xml,AvengerShield_Desc,"Massive shield generator only mountable on the largest of space stations.","只能装载在最大的空间站上."
基础,ships.xml,ShieldBearerII_Full,"Force Field Bearer Mark II","力场承载器II型"
基础,ships.xml,MLRSIII_Full,"MLRS Mark III","多管火箭炮III型"
基础,ships.xml,ControlNodeMRSRepairedShipsStayAtMRS_Full,"Control Node: Stay at MRS","控制指令: 停留在维修船"
基础,ships.xml,ParasiteIII_Short,"Parasite III","寄生虫III"
基础,ships.xml,ElectricShuttleIV_Short,"Shuttle IV","穿梭机IV"
基础,ships.xml,MercenarySpaceDock_Abbr,"M","雇"
基础,ships.xml,SpaceTugStar66_Short,"Tug Star66","牵引星舰66"
基础,ships.xml,ResistanceFrigate_Desc,"Pockets of human allies who still live in deep space around AI planets will occasionally
send these very long-range frigates to aid you in the fight against the AI at their local planet.
They won't attack any AI ships that human players must normally manually target.","外太空残存在人工智能星球周围的人类有时会派遣这些攻击范围相当大的护卫舰来帮助你对抗人工智能.
人类玩家如果必须手动操作才能攻击特定的人工智能的部队,那么反抗军护卫舰不会攻击它们."
基础,ships.xml,CrystalManufactory_Desc,"Expensive method for generating crystal.  Useful when access to crystal deposits is limited.
Will normally pause and unpause itself to maintain an ideal economy without wasting your resources.
A control node can be built (from the CTRL tab of the build menu) to let you manually control this.","使用昂贵的方法制造水晶.当水晶紧缺时可能会很有用.
自动改变工作状态以保证不会浪费您的资源.也可以通过控制指令手动控制(通过建造菜单--控制选项)."
基础,ships.xml,Ability_AbsorbsEMPs,"Absorbs EMPs","吸收电磁脉冲"
基础,ships.xml,AstroTrainStation_Full,"Astro Train Station","星际列车站"
基础,ships.xml,HeavyBeamCannonModuleIII_Full,"Heavy Beam Cannon Module III","重型光束加农炮组件III"
基础,ships.xml,Avenger_Full,"Avenger","复仇者"
基础,ships.xml,OrbitalCommandStationHome_Abbr,"Home","母星"
基础,ships.xml,RaidStarshipIII_Short,"Star:Raid III","星:突击III"
基础,ships.xml,DeflectorDroneII_Full,"Deflector Drone Mark II","偏导雄蜂II型"
基础,ships.xml,NuclearMissile_Desc,"Causes a nuclear explosion when destroyed by enemy forces or by scrapping.
Destroys all resources and most ships on the planet on which it is set off.  Does not affect core ships or starships.
Also causes supply to be permanently lost for all teams at that planet, meaning you then cannot use science labs, docks, etc.
Be VERY careful not to detonate it on a planet belonging to your team!
AI Progress jumps upward by 50 every time a nuclear warhead is detonated, so make sure to make each warhead count.","被敌人摧毁或被废弃时产生一个核爆炸.
摧毁爆炸点所在星球所有的采集点与大部分舰艇.不影响核心部队和星舰.
任何人永远无法在核爆炸的星球处获得补给,这意味着你将不能使用科学实验室,兵工厂等.
千万小心不要误炸了友军的星球!
每次引爆核弹后人工智能进度将增加50点,因此要保证每枚核弹头用在最紧要的地方."
基础,ships.xml,Ability_MustBeManuallyTargeted,"Must Be Manually Targeted","必须手动操作"
基础,ships.xml,RiotControlStarshipIII_Full,"Riot Control Starship III","防暴星舰III型"
基础,ships.xml,RiotControlTractorII_Desc,"Advanced multiplex tractor beam module for Riot Control Starships.  
Can immobilize up to 40 craft at once.
Requires a heavy hardpoint, but cannot be mounted on a MkII.","防暴星舰上的高级牵引模块.
一次可牵引至多40个敌人.
需要1个重型炮挂点,且不能装配在防暴星舰II型上."
基础,ships.xml,ScoutDrone_Desc,"Crucial for scouting enemy planets and gathering intel data.
Be sure to bring at least one scout with you on every raid, to make sure you can see the full Planetary Summary.","用于侦察敌人的星球与收集情报.
建议每次行动至少携带一架侦察机,以确保您能看到目标星球的概况."
基础,ships.xml,ControlNodeAutoBuildRebuilders_But,"Auto
Rbld","产重"
基础,ships.xml,TachyonDrone_Short,"Tachy Drone","速子雄蜂"
基础,ships.xml,AdvancedFactoryCore_Full,"Advanced Factory Core","高级兵工厂核心"
基础,ships.xml,RiotControlMachineGunII_Short,"RCMG II","防暴机枪II"
基础,ships.xml,TeleportRaider_Short,"Tele-Raid I","瞬移入侵I"
基础,ships.xml,MercenarySpaceDock_Short,"Merc Dock","雇兵工厂"
基础,ships.xml,SpaceTugEngine100_Desc,"Very fast ship. Grabs allied ships with less than 100% engine health remaining and brings them to the nearest mobile repair station.","速度非常快.把引擎机能少于100%的舰艇牵引至最近的机动维修中心."
基础,ships.xml,RiotControlMachineGunI_Desc,"Machine gun module for the Riot Control Starship line.
Fires rapidly, has a respectable range, and damages target engines, but loses effectiveness against large targets or heavy shields.
Cannot reduce engines below 50%.
Requires a light hardpoint.","防暴星舰上的机枪模块.
攻击迅速,拥有不错的攻击范围,并能伤害到目标的引擎.但对付大型目标和重型护盾的效率并不高.
无法将目标的引擎伤害到50%以下.
需要1个轻型炮挂点."
基础,ships.xml,Ability_ImmuneNuke,"Immune To Nuclear Explosions","核爆免疫"
基础,ships.xml,ControlNodeSniperFocusFire_Abbr,"Snipr
Focus","集狙"
基础,ships.xml,AttritionEmitter_Desc,"Emits precisely-tuned pulses to drain the health of any enemy ships in the local system.","发射特定耗损脉冲来攻击星球上的所有敌方部队."
基础,ships.xml,SpaceTugStar100_Abbr,"S-100","星舰100"
基础,ships.xml,Raider_Desc,"Fast ship able to bypass many standard defenses such as mines and tractor beams.","高速的战机,能够躲过许多基本防御设施,如空雷和牵引光束."
基础,ships.xml,TeleportRaider_Desc,"Fast raiders able to traverse space in an instant.  Terrible against turrets.","高速的入侵者,可以进行瞬移.不善于对付炮塔."
基础,ships.xml,Bomber_Short,"Bomber I","轰炸机I"
基础,ships.xml,RaiderIV_Full,"Raider Mark IV","入侵者IV型"
基础,ships.xml,ControlNodeMakeFormationOffsetsSticky_Desc,"Makes formation move offsets ""sticky"" so that a normal move will not clear the offsets (to manually clear offsets, use stop command).","使您的部队能够保持密集队型而不在移动中散开."
基础,ships.xml,AntiArmorShip_Wave,"Anti-Armors","反装甲"
基础,ships.xml,RiotControlTazerI_Short,"RCT I","防暴电气枪"
基础,ships.xml,EtherJetIII_Full,"EtherJet Tractor Mark III","以太喷射牵引机III型"
基础,ships.xml,AutocannonMinipodII_Full,"Autocannon Minipod Mark II","小型自动加农炮II型"
基础,ships.xml,EyeBotIV_Short,"Eye Bot IV","监察机IV"
基础,ships.xml,RiotShieldI_Short,"RS I","防暴盾I"
基础,ships.xml,ControlNodeNoEvadeBehaviorOnFriendlyPlanets_Abbr,"No
FEvd","不友"
基础,ships.xml,OrbitalCommandStationHomeCore_Desc,"This is the core from a destroyed command station.  When a player's
home planet command station is destroyed, and that player still has surviving allies, this core warps to the allied home planet.","这是被摧毁的母星指挥中心的核心.
当一个玩家的母星指挥中心被摧毁,而他拥有仍然生存的盟友时,核心将传送至盟友的母星."
基础,ships.xml,AutocannonMinipod_Desc,"Extremely fast cloaked ship with short-range rapid fire attack.  Becomes significantly stronger when many are at the same planet.","速度非常快,攻击范围短,攻速快.适合集群作战."
基础,ships.xml,Cruiser_Full,"Missile Frigate Mark III","导弹巡洋舰III型"
基础,ships.xml,ControlNodeMakeFormationOffsetsSticky_Short,"CN:Sticky Form","指令:密集队型"
基础,ships.xml,SpaceTug33_Short,"Tug 33","拖船33"
基础,ships.xml,GravitationalTurretIII_Short,"Grav III","重力III"
基础,ships.xml,ZinthStarship_Desc,"Advanced alien technology makes this a mobile fortress.
Very strong large groups of ships, and boosts the strength of nearby smaller ships.","使用先进的外星科技制造的移动要塞.
善于对抗大群敌人,并能提高周围小型舰艇的能力."
基础,ships.xml,AITroopAccelerator_Full,"AI Troop Accelerator","人工智能部队加速器"
基础,ships.xml,ControlNodeAutoBuildEngineerI_Desc,"Each command station you control will automatically maintain one Mark I Engineer
at each planet you control.  Building multiple of this control node causes multiple engineers to be maintained at each planet.
Replacement engineers will only be built if there are fewer than 100 mobile enemy ships on the planet.","每个您控制的指挥中心将自动保持每个星球雄蜂工程师的数量为一个.
建造多个控制指令将使得每个星球上保持的雄蜂工程师的数量为多个.
工程师仅在星球上存在的敌人舰艇数少于100时被重建."
基础,ships.xml,Ability_GlobalAttackBonusAgainstThis,"All Attackers Get Damage Bonus Against This x","得到所有攻击者的奖励 x"
基础,ships.xml,MunitionsBooster_Desc,"Strong fighter in its own right, it also gives a 2x attack bonus to nearby ships on your team.","战斗力强大的战机,能使附近的友军火力增为原来的2倍."
基础,ships.xml,MercenaryCruiser_Wave,"Frigates","巡洋舰"
基础,ships.xml,Ability_AssistanceBoostRate,"Engineering Rate","工作速率"
基础,ships.xml,EyeBotIII_Full,"Eye Bot Mark III","监察机III型"
基础,ships.xml,StarshipConstructor_Desc,"Generates starships over a long period of time.","建造强大的星舰,但耗费时间较长."
基础,ships.xml,Ability_ImmuneParalysis,"Immune To Paralysis Attacks","不会瘫痪"
基础,ships.xml,HarvesterExoShield_Short,"Harvest Exo","采集厂力场"
基础,ships.xml,CrystalHarvester_Full,"Crystal Harvester","水晶采集厂"
基础,ships.xml,Ability_Cloak,"Cloaking","隐形"
基础,ships.xml,SpaceTugStar33_Short,"Tug Star33","牵引星舰33"
基础,ships.xml,CounterSniperTurret_Desc,"Launches flares to dissipate any sniper shots coming within its range.
Particularly useful for setting up 'beachheads' in enemy territory.","发射照明弹以驱散任何在其范围内的狙击手攻击.
可用来对付敌人的据点."
基础,ships.xml,ControlNodeAllowTeamControlOfShips_Full,"Control Node: Allow Team Control Of Ships","控制指令: 允许团队控制部队"
基础,ships.xml,MLRSTurret_Desc,"Multiple Launcher Rocket System turret fires multiple mid-power rockets.","发射许多中等威力的火箭进行攻击."
基础,ships.xml,ArmoredMissile_Full,"Armored Warhead","装甲飞弹"
基础,ships.xml,MobileBuilder_Short,"Mbl Build","机动工厂"
基础,ships.xml,MarauderBuzzBomb_Full,"Marauder Buzz Bomb","海盗蜂鸣炸弹"
基础,ships.xml,SpaceTank_Desc,"Very heavily shielded with low speed and range, but a strong attack.
Excellent against heavily defended targets in the same manner as bombers.","护盾非常强,移动很慢,攻击范围小,但攻击力强.
对重型防御设施造成的伤害如轰炸机造成的一样."
基础,ships.xml,EngineerDroneIII_Desc,"Repairs damaged ships or can accelerate construction done by other ships.
Unless issued a specific command by its controller, it will automatically repair nearby allies.
Identical to the Mark II engineer, except has more armor, a better repair rate, cloaking, and a larger repair range.","修复受损的部队,加快其他部队的建造速度.
除非指挥官下命令,否则它会自动修复附近的友军.
性能与工程师II型类似, 但它是隐形的,装甲更厚,维修范围更大."
基础,ships.xml,Ability_Tachy,"Tachyon Beam Emission","速子发射器"
基础,ships.xml,BomberStarship_Short,"Star:Bomb I","星:轰炸I"
基础,ships.xml,BomberStarshipII_Full,"Bomber Starship Mark II","轰炸星舰II型"
基础,ships.xml,LightStarship_Full,"Light Starship","轻型星舰"
基础,ships.xml,ControlNodeFRDLimitedTo80000_But,"80K
FRD","巡限"
基础,ships.xml,None_Short,"None","没有"
基础,ships.xml,Ability_ClusterBonus2," Max","(最多)"
基础,ships.xml,DataCenter_Short,"Data Center","数据中心"
基础,ships.xml,Ability_AIWillAbandonPost,"AI Will Abandon Post To Pursue","人工智能会舍弃据点追击"
基础,ships.xml,SniperIII_Full,"Sniper Mark III","狙击手III型"
基础,ships.xml,MicroFighterIII_Short,"MicroFight III","微型战斗III"
基础,ships.xml,DecoyDroneFabricator_Desc,"Capturable construction unit that allows human players to build a single type of experimental ship at this one location.
This fabricator allows players to build: ","可占领的工厂,占领后允许您建造某一种试验性部队.
该工厂允许您建造:"
基础,ships.xml,ControlNodeEngineersDoNotAutoAssistAllies_Full,"Control Node: Engineers To Not Auto-Assist Allies","控制指令: 工程师不自动协助友军"
基础,ships.xml,Parasite_Short,"Parasite I","寄生虫I"
基础,ships.xml,StarshipConstructor_Short,"Star Constr","星舰工厂"
基础,ships.xml,ControlNodeMRSRepairedShipsStayAtMRS_Abbr,"Stay
MRS","等修"
基础,ships.xml,ControlNode_SinglePlanet_AutoBuildEngineerI_Desc,"The command station on this planet  will automatically maintain one Mark I Engineer.  Building multiple of this control node causes multiple engineers to be maintained at this planet. Replacement engineers will only be built if there are fewer than 100 mobile enemy ships on the planet.","您控制的这个指挥中心将自动保持这个星球雄蜂工程师的数量为一个.
建造多个控制指令将使得这个星球上保持的雄蜂工程师的数量为多个.
工程师仅在星球上存在的敌人舰艇数少于100时被重建."
基础,ships.xml,EnergyReactorII_Desc,"Generates a large amount of energy at a great cost-to-benefit ratio.
Efficiency goes down by 40% for each new reactor of this type built on the same planet.","以较高的成本与效益比,生成大量能量.
同一星球上每多建一个这个类型的反应装置,新的反应装置效率下降40%,效率下降会累积."
基础,ships.xml,CounterNegativeEnergyTurret_Desc,"Launches flares to dissipate any dark matter ammo coming within its range.
Particularly useful for protecting against Astro Trains and Munitions Boosters.","发射照明弹以驱散任何在其范围内的暗物质攻击.
对付星际列车与火力增幅器有很好的效果."
基础,ships.xml,ArmoredMissile_Desc,"Armored version of the standard Lightning Warhead.  Almost impossible for enemy ships to destroy, so it is highly likely to reach its target.
Emits a powerful explosion of lightning that damages nearby enemy ships on detonation.
Can be given a direct target that it will chase and then explode near, or it will explode on death.","闪雷飞弹的强化版本.几乎不可能被摧毁,因此将更有可能到达预期的目标.
发射出一个强大的闪雷并爆炸,能损伤爆炸点附近的所有敌人.
能给予它一个目标,它会追踪目标并引爆,或在途中被摧毁而爆炸."
基础,ships.xml,AdvancedFactoryCore_Short,"Factory-Core IV","兵工厂IV核心"
基础,ships.xml,ControlNodeAutoFRDMilitary_Abbr,"FRD
Mil","厂巡"
基础,ships.xml,WormholeAI_Short,"AI Wormhole","人工智能虫洞"
基础,ships.xml,ControlNodeAutoBuildEngineerI_Short,"CN:Auto Eng1","指令:自产工程师1"
基础,ships.xml,MobileBuilder_Desc,"Allows you to build economic and defensive ships at planets you don't control.
Cruicial for establishing beachheads in enemy territory, or for helping to reinforce allied planets.","允许你在未控制的行星制造部队.
可用来对付敌人的据点, 或者增援友军的星球."
基础,ships.xml,OrbitalCommandStationIII_Full,"Orbital Command Station Mark III","轨道指挥中心III型"
基础,ships.xml,TeleportRaiderII_Full,"Teleport Raider Mark II","瞬移入侵者II型"
基础,ships.xml,VorticularCutlassII_Full,"Vorticular Cutlass Mark II","旋转弯刀II型"
基础,ships.xml,RiotControlMachineGunII_Desc,"Advanced machine gun module for the Riot Control Starship line.
Fires rapidly, has a respectable range, and damages target engines, but loses effectiveness against large targets or heavy shields.
Cannot reduce engines below 30%.
Requires an advanced light hardpoint.","防暴星舰上的高级机枪模块.
攻击迅速,拥有不错的攻击范围,并能伤害到目标的引擎.但对付大型目标和重型护盾的效率并不高.
无法将目标的引擎伤害到30%以下.
需要1个高级轻型炮挂点."
基础,ships.xml,ArmorShipII_Full,"Armor Ship Mark II","装甲船II型"
基础,ships.xml,Ability_Grav1,"Max Ship Speed","最大速度"
基础,ships.xml,LazerGatling_Wave,"Laser Gatlings","镭射加特林"
基础,ships.xml,ResistanceFighterBomber_Full,"Resistance Fighter/Bomber","反抗军轰炸机"
基础,ships.xml,CoreArmorShip_Full,"Core Armor Ship","核心装甲船"
基础,ships.xml,ControlNodeEngineersDoNotAutoAssistAllies_But,"!Team
Engs","停修"
基础,ships.xml,SpaceTugStar100_But,"S-100","星舰100"
基础,ships.xml,MobileRepairStation_Desc,"Simultaneously repairs all nearby allied ships.
Also able to build space tugs for reeling in more distant ships that become damaged.","同时维修附近所有的友军部队.
也可以建造太空拖船来牵引远处的受损友军部队."
基础,ships.xml,CounterSpy_Full,"Counter Spy","反间谍塔"
基础,ships.xml,ControlNodeAutoBuildEngineerIII_Full,"Control Node: Auto-Build Engineers Mark III","控制指令: 自动生产工程师III型"
基础,ships.xml,MetalHarvester_Full,"Metal Harvester","金属采矿厂"
基础,ships.xml,Ability_ConsumedAfterBuy,"Consumed After Building One Ship","部队建造完成后才扣减所消耗的资源"
基础,ships.xml,OrbitalCommandStationHomeCoreII_Abbr,"C II","核II"
基础,ships.xml,Parasite_Full,"Parasite","寄生虫"
基础,ships.xml,DataCenter_Desc,"Server farm.  Destroy to damage AI Progress by 20.","服务器群.被摧毁时人工智能进度下降20点."
基础,ships.xml,ControlNode_SinglePlanet_AutoBuildEngineerI_Short,"SPCN:Auto Eng1","单星指令:自产工程师1"
基础,ships.xml,DecoyDroneFabricator_Full," Fabricator","试验兵工厂"
基础,ships.xml,RaptorIII_Short,"Raptor III","猛禽III"
基础,ships.xml,AdvancedFactory_Desc,"Capture to build Mark IV versions of any ship types in which you have already attained Mark III.  Never destroy these!","当你拥有前三级的建造技术时可建造第四级别的舰艇.永远不要摧毁它!"
基础,ships.xml,LazerGatling_Desc,"Fires low-power lasers at a high rate.  Best in large groups.","高速地发射低攻击的激光.适合集群作战."
基础,ships.xml,ControlNode_SinglePlanet_AutoBuildEngineerIII_Full,"Single Planet Control Node: Auto-Build Engineers Mark III","单一星球控制指令: 自动生产工程师III型"
基础,ships.xml,CruiserIV_Short,"Frigate IV","巡洋舰IV"
基础,ships.xml,Ability_InstaKillsCloaked,"Insta Kills Cloaked Ships","一击必杀隐形部队"
基础,ships.xml,MissileShip_Full,"Missile Frigate","导弹巡洋舰"
基础,ships.xml,MercenaryFighter_Full,"Mercenary Fighter","雇佣歼击机"
基础,ships.xml,Ability_FireThruShield,"Fires Through Shields","攻击穿透护盾"
基础,ships.xml,CounterSniperTurret_Short,"Cntr-Snipe","反狙"
基础,ships.xml,SpiderII_Full,"Spider Bot Mark II","蜘蛛II型"
基础,ships.xml,EngineerDroneIII_Abbr,"En","工"
基础,ships.xml,SniperTurret_Short,"Sniper Tur","狙击塔"
基础,ships.xml,CoreStarship_Desc,"Advanced alien technology makes this a lightning-fast death machine.
Extremely strong against large groups of ships, and boosts the strength of nearby smaller ships.","先进的外星科技让它成为极度恐怖的杀戮机器.
极善于对抗大群敌人,并能提高周围小型舰艇的能力."
基础,ships.xml,SpaceTankIV_Full,"Space Tank Mark IV","太空坦克IV型"
基础,ships.xml,ControlNodeFRDLimitedTo80000_Abbr,"80K
FRD","巡限"
基础,ships.xml,ArmoredMissile_Short,"Armor Warhead","装甲弹"
基础,ships.xml,LazerGatlingIV_Full,"Laser Gatling Mark IV","镭射加特林IV型"
基础,ships.xml,DreadnoughtIII_Full,"Dreadnought Mark III","无畏舰III型"
基础,ships.xml,ControlNodeDisableAutoManufactoryManagement_Abbr,"!Auto
Manu","禁自"
基础,ships.xml,TeleportBattleStationIV_Short,"Tele-Station IV","瞬移站IV"
基础,ships.xml,ControlNode_SinglePlanet_AutoBuildEngineerI_But,"S-Auto
Eng1","工1"
基础,ships.xml,ControlNodeAutoBuildRebuilders_Abbr,"Auto
Rbld","产重"
基础,ships.xml,CoreStarship_Short,"Star:Core","星:核心"
基础,ships.xml,CounterNegativeEnergyTurret_Full,"Counter-Dark-Matter Turret","反暗物质炮塔"
基础,ships.xml,AdvancedResearchStation_Abbr,"Adv","高"
基础,ships.xml,FlyingFortress_Short,"Fort","要塞"
基础,ships.xml,BomberII_Short,"Bomber II","轰炸机II"
基础,ships.xml,TransportShip_Desc,"Carries up to 200 units from your Space Docks or Advanced Factories.
Heavily armored and defensible, this is ideal for slipping past minefields, ion cannons, or high-level enemy planets.
If the transport is killed, all of the ships inside are ejected safely just before the explosion.","从太空兵工厂或高级兵工厂携带至多200个单位.
拥有强大的防御能力,是通过雷区,离子炮和高威胁敌对行星的理想选择.
如果它被摧毁,它里面运输的所有部队将在爆炸前被弹射出来."
基础,ships.xml,MissileTurret_Desc,"Slow, high-power, high-range defense for planetary bases.","速度慢,威力不俗,能为行星基地提供大范围的防御."
基础,ships.xml,RiotControlTazerI_Desc,"Electric area-of-effect weapon for the Riot Control Starship MkII.  
Fairly short-ranged, does no engine damage, but can temporarily paralyze large numbers of craft in one burst.  
Can only be mounted on the MkII's heavy hardpoint.","防暴星舰II型上的电气范围攻击武器.
攻击范围相当小,对引擎无伤害,但一击可瘫痪很多敌人.
只能装配在防暴星舰II型的重型炮挂点上."
基础,ships.xml,CounterSpy_Wave,"Counter Spies","反间谍塔"
基础,ships.xml,SpacePlaneII_Full,"Space Plane Mark II","太空飞机II型"
基础,ships.xml,DeflectorDrone_Short,"Deflect I","偏导I型"
基础,ships.xml,StealthScout_Short,"Scout III","侦察机III"
基础,ships.xml,DeflectorDrone_Desc,"Very long range electrical attack.  Protects nearby allied ships by reducing the power of incoming lasers to 1/4 their normal power.","发射范围非常远的电气攻击.可以保护周围的友军,使攻击他们的激光的火力降为原来的1/4."
基础,ships.xml,MLRSTurretII_Full,"MLRS Turret Mark II","多管火箭炮塔II型"
基础,ships.xml,RiotControlShotgunI_Full,"Havoc Riot Control Shotgun","防暴霰弹枪"
基础,ships.xml,AstroTrainStation_Short,"Train Station","列车站"
基础,ships.xml,CounterNegativeEnergyTurret_Short,"Cntr-Dark","反暗"
基础,ships.xml,ZinthStarship_Short,"Star:Zenith","星:极限"
基础,ships.xml,MissileShip_Wave,"Frigates","巡洋舰"
基础,ships.xml,MissileShipII_Short,"Frigate II","巡洋舰II"
基础,ships.xml,ControlNodeAutoBuildRebuilders_Short,"CN:Auto Rbld","指令:自产残骸重建机"
基础,ships.xml,IonCannonIII_Desc,"Advanced weapon insta-kills most Mark I and II ships (and many ships with no Mark level at all).  Cannot fire upon ships immune to insta-kill.","可以一击必杀大部分I型和II型部队(和无等级的普通部队).不能对免疫一击必杀的部队开火."
基础,ships.xml,AntiArmorShipII_Short,"Anti-Armor II","反装甲II"
基础,ships.xml,SpaceTank_Wave,"Tanks","坦克"
基础,ships.xml,Ability_SecondaryShots,"x Simultaneous Shots","倍同时攻击"
基础,ships.xml,SpaceTug66_Short,"Tug 66","拖船 66"
基础,ships.xml,StealthTachyonBeamEmitter_Desc,"Cloaked.  Stronger, fixed ship reacts with nearby enemy cloaked ships, making them trackable for a short while.","较强的隐形舰艇.可发现附近的隐形敌舰,使它们在短时间内被追踪."
基础,ships.xml,CoreTurret_Full,"Core Turret","核心炮塔"
基础,ships.xml,ControlNodeAllowTeamControlOfShips_Desc,"Allows all teammates to share control of your ships on any planet.","允许所有盟友在任何星球控制您的部队。"
基础,ships.xml,MercenaryCruiser_Desc,"Fires powerful, long-range missiles, but has a very slow reload time.
Identical to the Missile Frigate Mark II, except 10x more expensive and with no ship cap.","火力强劲,能发射远程导弹进行攻击,但需要很长的时间来重新装填弹药.
机体性能与导弹巡洋舰II型相同,虽然是原价的十倍,但并没有数量限制."
基础,ships.xml,LazerGatlingII_Full,"Laser Gatling Mark II","镭射加特林II型"
基础,ships.xml,TeleportBattleStationIII_Full,"Teleport Battle Station Mark III","瞬移战役站III型"
基础,ships.xml,Ability_ImmuneToMinorElectricAmmo,"Immune To Minor Electric Ammo","电气弹免疫"
基础,ships.xml,CleanupDrone_Desc,"Removes exploded enemy ship remains, to prevent them from being rebuilt
by enemy Remains Rebuilders.  Also able to dismantle enemy mines on allied planets.","清理敌方单位的残骸,防止敌方的残骸重建机重建它们.
也可以发现友军星球上的敌方空雷."
基础,ships.xml,ColonyShip_Desc,"Send to an uninhabited planet to build a new Command Station and capture the planet.","在一个无人的星球上建造新的指挥中心并占领星球."
基础,ships.xml,RiotShieldII_Short,"RS II","防暴盾II"
基础,ships.xml,Ability_AIProgressKillBonus,"AI Progress Kill Bonus","人工智能系统击杀奖励"
基础,ships.xml,ControlNode_SinglePlanet_AutoBuildEngineerII_Full,"Single Planet Control Node: Auto-Build Engineers Mark II","单一星球控制指令: 自动生产工程师II型"
基础,ships.xml,CounterSpy_Short,"Ctr Spy","反间谍"
基础,ships.xml,EMP_Short,"EMP","电磁脉冲弹"
基础,ships.xml,BeamStarshipFabricator_Full," Fabricator","试验星舰兵工厂"
基础,ships.xml,Flagship_Short,"Star:Flag","星:旗"
基础,ships.xml,SpaceTugStar33_Abbr,"S-33","星舰33"
基础,ships.xml,ArmorShip_Full,"Armor Ship","装甲船"
基础,ships.xml,ControlNodeAutoFRDEngineers_Desc,"Automatically places all of your engineers (including secondary engineers such as 
remains rebuilders) into Free-Roaming Defender mode if they are on planets you control. Low-power engineers will not be affected,
and engineers that already are acting on player orders will not be affected.","命令您的所有工程师(包括辅助工程师,如残骸重建机)进入自由巡逻模式,只要他们是在您所控制的星球上就有效.
低能量的工程师将不受影响,已有其他命令的工程师也不受影响."
基础,ships.xml,Ability_RepairCost,"Repair Cost: ","维修成本："
基础,ships.xml,MLRS_Desc,"Multiple Launcher Rocket System fires multiple mid-power rockets.","多管火箭炮发射许多中等威力的火箭进行攻击."
基础,ships.xml,Fighter_Short,"Fighter I","歼击机I"
基础,ships.xml,RiotShieldI_Desc,"Forcefield generator mountable on Riot Control Starships.  
Only of moderate power, but provides additional staying power and protects external weapon modules from enemy fire while it lasts.
Requires a medium hardpoint.","防暴星舰上的力场盾模块.
拥有中等能量,在持续期间保护其他模块免受敌人攻击.
需要1个中型炮挂点."
基础,ships.xml,VampireClaw_Full,"Vampire Claw","吸血爪"
基础,ships.xml,CoreAstroPlane_Short,"C:Plane","核:飞机"
基础,ships.xml,RiotControlStarshipI_Full,"Riot Control Starship","防暴星舰"
基础,ships.xml,OrbitalCommandStationHomeCoreII_Short,"Cmd Home Core II","指挥II核心"
基础,ships.xml,ControlNodeAutoBuildEngineerIII_Desc,"Each command station you control will automatically maintain one Mark III Engineer
at each planet you control.  Building multiple of this control node causes multiple engineers to be maintained at each planet.
Replacement engineers will only be built if there are fewer than 100 mobile enemy ships on the planet.","每个您控制的指挥中心将自动保持每个星球雄蜂工程师III型的数量为一个.
建造多个控制指令将使得每个星球上保持的雄蜂工程师III型的数量为多个.
工程师III型仅在星球上存在的敌人舰艇数少于100时被重建."
基础,ships.xml,ForceFieldGenerator_Full,"Force Field Generator Mark II","力场产生器II型"
基础,ships.xml,MicroFighterIV_Full,"Tachyon MicroFighter Mark IV","速子微型战斗机IV型"
基础,ships.xml,HeavyBeamTurret_Short,"Heavy Beam I","重型光束I"
基础,ships.xml,Ability_InterferesWithSupply,"Interferes With Enemy Supply","干扰敌方补给"
基础,ships.xml,TachyonDrone_Full,"Tachyon Drone","速子雄蜂"
基础,ships.xml,TeleportBattleStationIV_Full,"Teleport Battle Station Mark IV","瞬移战役站IV型"
基础,ships.xml,CoreCommandStation_Short,"Cmd (Core)","指挥(核心)"
基础,ships.xml,ControlNodeNoEvadeBehaviorOnFriendlyPlanets_Full,"Control Node: No Friendly Evade","控制指令: 不撤退到友星"
基础,ships.xml,ControlNodeEngineersPreferNonMilitary_Abbr,"Engr
!Mil","安修"
基础,ships.xml,CoreAIForceField_Short,"Core AI FF-Gen","核心人工智能力场"
基础,ships.xml,CoreRaider_Short,"C:Raider","核心入侵者"
基础,ships.xml,GravitationalTurretII_Short,"Grav II","重力II"
基础,ships.xml,AutocannonMinipodIII_Full,"Autocannon Minipod Mark III","小型自动加农炮III型"
基础,ships.xml,TransportShip_Full,"Transport Ship","运输船"
基础,ships.xml,Ability_AIProgressPlusOneForRepairAmount2,"Health Repaired","机能回复"
基础,ships.xml,WarpGate_Full,"Warp Gate","星际之门"
基础,ships.xml,VorticularCutlassIII_Full,"Vorticular Cutlass Mark III","旋转弯刀III型"
基础,ships.xml,LeechStarshipII_Full,"Leech Starship Mark II","吸血星舰II型"
基础,ships.xml,MobileBuilder_Full,"Mobile Builder","机动兵工厂"
基础,ships.xml,SpaceTug100_Short,"Tug 100","拖船 100"
基础,ships.xml,CoreCommandPostStealth_Short,"Post (S-Core)","据点(核隐)"
基础,ships.xml,ArmorShip_Desc,"Weak firepower but heavily armored.  Excellent against turrets.","火力低下,但装甲厚.善于对付炮塔."
基础,ships.xml,SpacePlaneIII_Short,"Plane III","飞机III"
基础,ships.xml,SpaceTankIII_Short,"Tank III","坦克III"
基础,ships.xml,TeleportRaider_Full,"Teleport Raider","瞬移入侵者"
基础,ships.xml,BulletproofFighterIII_Short,"Bulletproof III","防弹III"
基础,ships.xml,ControlNodeDisableAutoManufactoryManagement_But,"!Auto
Manu","禁自"
基础,ships.xml,PlanetaryCloaker_Desc,"A highly advanced cloaking device.  All team ships on the planet which this resides are utterly invisible,
even while firing, even if they normally would be visible.  They are also immune to tachyon beams and tachyon missiles.","高级的隐形装置.能使这个星球上所有友军的部队完全隐形,即使他们正在攻击敌人或者原本不是隐形的.
隐形仪对速子射线,速子飞弹免疫."
基础,ships.xml,StealthTachyonBeamEmitter_Short,"Tachy II","速子II"
基础,ships.xml,LightningMissile_Full,"Lightning Warhead","闪雷飞弹"
基础,ships.xml,AIForceFieldII_Desc,"Creates a midsize force field that provides protection without reducing attack power of ships underneath.
Attack with several dozen Mark II Bombers (or better) to destroy.
Bombers have a substantial bonus against these and other hardened targets.
Snipers, Sniper Turrets, Raid/Leech Starships, Infiltrators, EyeBots, Ion Cannons,
and Counter-Spies can move and fire through force fields as if they are not there.","产生一个中型可移动的力场护盾来保护附近的部队.从力场里向外攻击伤害不减少.
数十架II型(或更高级)轰炸机一起攻击即可摧毁它.
轰炸机对力场及其他掩蔽目标有伤害加成.
狙击手,狙击塔,入侵者,突击/吸血星舰,潜入者,监察机,离子加农炮,
以及反间谍塔可以无视力场进行移动和攻击."
基础,ships.xml,Avenger_Desc,"A massive, moon-sized space station created by the AI as the final defense against the human onslaught.
If the AI Home Command Station to which it is assigned is destroyed, the Avenger will live up to its name.","人工智能建造的最终要塞,用来作为抵抗人类玩家的最后手段.
如果它布置的星球上人工智能的指挥中心被摧毁了,它将展开强大而恐怖的报复,如它的名字所说的一样."
基础,ships.xml,LeechStarship_Short,"Star:Leech","星:吸血"
基础,ships.xml,CoreBattleCruiser_Short,"C:Frigate","核心巡洋舰"
基础,ships.xml,BomberStarship_Desc,"Fast starship that inflicts high damage on heavy defenses.
Excellent against force fields, heavy defenses, hardened targets, and other starships.","能对重型防御设施造成大量伤害的快速星舰.
很擅长对付力场,重型防御设施,掩蔽目标及其他的星舰."
基础,ships.xml,MercenaryCruiser_Short,"Merc Frigate","雇佣巡洋舰"
基础,ships.xml,MobileRepairStation_Full,"Mobile Repair Station","机动维修中心"
基础,ships.xml,PermaMine_Desc,"Enemy ships coming too close to these deadly traps will incur heavy damage and most likely be destroyed.
Unlike standard mines, PermaMines are not destroyed in the process.  They can only be removed by Cleanup Drones once you own the planet.
To pass, you'll either have to go around, use an EMP, use transports, or use ships that have mine avoidance (Engineers, Mobile Builders, etc).","这些隐形的陷阱将对靠近的敌方部队造成很大的伤害.
不像普通空雷,重复空雷在爆炸后不被摧毁.它们只能在你占领这个星球后由清理雄蜂清理掉.
想要通过它们,你可以绕路,使用EMP攻击,瞬移,或使用能回避空雷的部队(工程师,机动兵工厂等)."
基础,ships.xml,SpacePlane_Wave,"Planes","飞机"
基础,ships.xml,MineLayer_Abbr,"R","造"
基础,ships.xml,Infiltrator_Wave,"Infiltrators","潜入者"
基础,ships.xml,ControlNodeAutoFRDMilitary_Short,"CN:FRD Mil","指令:机动兵工厂自巡"
基础,ships.xml,SpaceTugStar66_But,"S-66","星舰66"
基础,ships.xml,RiotControlShotgunII_Short,"RCS II","防暴霰弹枪II"
基础,ships.xml,Infiltrator_Desc,"Passes through force fields and fires through shields.  Best in huge swarms.","可无视力场.适合集群作战."
基础,ships.xml,ArmorShip_Short,"Armor I","装甲I"
基础,ships.xml,RiotControlShotgunII_Desc,"Advanced multi-shot crowd control weapon.  
Fires at medium range and does engine damage.  Not as effective against strong shields.
Cannot reduce engines below 10%.
Requires a heavy hardpoint.","同时发射多个子弹进行攻击,比I型高级.
攻击范围适中,对引擎有伤害.对付重型护盾效果并不高.
无法将目标的引擎伤害到10%以下.
需要1个重型炮挂点."
基础,ships.xml,CounterSniperTurret_Full,"Counter-Sniper Turret","反狙击塔"
基础,ships.xml,SpaceDock_Full,"Space Dock","太空兵工厂"
基础,ships.xml,Ability_IsUnaffectedByNegativeEnergy,"Unaffected By Negative Energy","不受负能量影响"
基础,ships.xml,PermaMine_Short,"PermaMine","重复空雷"
基础,ships.xml,MLRSIV_Full,"MLRS Mark IV","多管火箭炮IV型"
基础,ships.xml,CoreLeech_Short,"C:Leech","核心水蛭"
基础,ships.xml,GravitationalTurret_Full,"Gravitational Turret","重力塔"
基础,ships.xml,SniperIII_Short,"Sniper III","狙击手III"
基础,ships.xml,RiotControlLaserII_Desc,"Advanced laser cannon module mountable on Riot Control Starships. 
Longer range than the machine gun and effective against larger and more heavily shielded targets, but much less effective against small ships. 
Cannot reduce engines below 10%.
Requires an advanced light hardpoint.","防暴星舰上的高级镭射加农炮模块.
比机枪攻击范围更大,且对付大型目标和重型护盾的效率很高,但对付小型目标的效率不高.
无法将目标的引擎伤害到10%以下.
需要1个高级轻型炮挂点."
基础,ships.xml,AntiStarshipArachnid_Desc,"Extremely effective at destroying starships, especially when massed.","长于破坏敌人的星舰, 特别是集群作战时."
基础,ships.xml,EyeBotII_Full,"Eye Bot Mark II","监察机II型"
基础,ships.xml,MercenaryBomber_Full,"Mercenary Heavy Bomber","雇佣重型轰炸机"
基础,ships.xml,TeleportBattleStation_Desc,"Teleporting battle station fires multiple lightning shots.","瞬移战役站可发射多重的闪雷攻击."
基础,ships.xml,TachyonMissile_Desc,"Causes a tachyon pulse when destroyed by enemy forces or by scrapping.
Reveals for 5 minutes all cloaked ships (enemy and allied alike) on the planet on which it is set off.","被敌人摧毁或被废弃时产生一个速子脉冲.
使爆炸点所在星球5分钟内隐形失效(包括己方和敌方)."
基础,ships.xml,Raider_Short,"Raider I","入侵者I"
基础,ships.xml,LightningTurret_Desc,"Fires electric bolts into ALL nearby enemy ships.","发出电气弹攻击附近的所有敌方部队."
基础,ships.xml,LazerGatlingII_Short,"Laser II","镭射II"
基础,ships.xml,GravitationalTurretIII_Full,"Gravitational Turret Mark III","重力塔III型"
基础,ships.xml,RiotControlTazerI_Full,"Riot Control Tazer","防暴电气枪"
基础,ships.xml,TurretRemains_Short,"Rem:","残骸"
基础,ships.xml,VampireClaw_Short,"Vampire I","吸血I"
基础,ships.xml,ShieldBearer_Short,"FF-Bearer I","力场承载器I"
基础,ships.xml,Parasite_Wave,"Parasites","寄生虫"
基础,ships.xml,VorticularCutlass_Desc,"Spinning blade mass crashes into enemies, damaging itself and them.  Shields offer no protection.
Unless issued a specific command by its controller, it will automatically attack nearby enemies.","使用旋转的刀片攻击敌人,伤人同时伤己.力场无法提供保护.
除非指挥官下命令,否则它会自动攻击附近的敌人."
基础,ships.xml,DreadnoughtII_Short,"Star:Dread II","星:无畏II"
基础,ships.xml,Ability_StrikesAll,"Strikes All Enemies In Range","突击所有范围内的敌军"
基础,ships.xml,VorticularCutlass_Wave,"Cutlasses","弯刀"
基础,ships.xml,BulletproofFighter_Desc,"Standard fighters upgraded with armor that repels all shell-based fire.
Excellent against starships in large numbers.","由标准歼击机升级装甲而来,可抵挡所有实弹攻击.
以群体对付星舰有极佳的效果."
基础,ships.xml,ParasiteII_Full,"Parasite Mark II","寄生虫II型"
基础,ships.xml,TractorBeamTurretII_Full,"Tractor Beam Turret Mark II","牵引光束塔II型"
基础,ships.xml,MicroFighter_Full,"Tachyon MicroFighter","速子微型战斗机"
基础,ships.xml,Ability_TransportP1,"Transports","运输多达"
基础,ships.xml,AIForceField_Desc,"Creates a small force field that provides protection without reducing attack power of ships underneath.
Attack with several dozen Mark I Bombers (or better) to destroy.
Bombers have a substantial bonus against these and other hardened targets.
Snipers, Sniper Turrets, Raid/Leech Starships, Infiltrators, EyeBots, Ion Cannons,
and Counter-Spies can move and fire through force fields as if they are not there.","产生一个小型可移动的力场护盾来保护附近的部队.从力场里向外攻击伤害不减少.
数十架I型(或更高级)轰炸机一起攻击即可摧毁它.
轰炸机对力场及其他掩蔽目标有伤害加成.
狙击手,狙击塔,入侵者,突击/吸血星舰,潜入者,监察机,离子加农炮,
以及反间谍塔可以无视力场进行移动和攻击."
基础,ships.xml,CounterMissileTurret_Desc,"Fires shots to disable any missile ammo coming within its range.","炮弹射击以防止任何在其范围内的导弹攻击."
基础,ships.xml,SpaceTugStar100_Short,"Tug Star100","牵引星舰100"
基础,ships.xml,ParasiteIV_Full,"Parasite Mark IV","寄生虫IV型"
基础,ships.xml,EnergyReactor_Desc,"Generates a moderate amount of energy at a moderate cost-to-benefit ratio.
Efficiency goes down by 20% for each new reactor of this type built on the same planet.","以中等的成本与效益比,生成中等能量.
同一星球上每多建一个这个类型的反应装置,新的反应装置效率下降20%,效率下降会累积."
基础,ships.xml,LightStarship_Desc,"Inexpensive, lightly armored and armed starship.
Strong against force fields and turrets, and boosts the strength of nearby smaller ships.","廉价的轻型装甲武装星舰.
善于对抗力场和炮塔,并能提高周围小型舰艇的能力."
基础,ships.xml,MLRSTurretIII_Full,"MLRS Turret Mark III","多管火箭炮塔III型"
基础,ships.xml,FighterII_Short,"Fighter II","歼击机II"
基础,ships.xml,RaiderIII_Full,"Raider Mark III","入侵者III型"
基础,ships.xml,PermaMine_Wave,"PermaMines","重复空雷"
基础,ships.xml,TachyonMissile_Short,"Tach Warhead","速子弹"
基础,ships.xml,Ability_WarpRein,"Warp Gate (Reinforce Only - AI ONLY)","星际之门(增援- 只有AI可用)"
基础,ships.xml,Ability_TargetSeek,"Target Seek Range","目标搜索范围"
基础,ships.xml,Ability_UnlocksShipOnCapture,"Unlocks Ship Type On Capture","自动解锁已操控单位"
基础,ships.xml,Fighter_Full,"Standard Fighter","标准歼击机"
基础,ships.xml,ControlNode_SinglePlanet_AutoBuildEngineerII_Abbr,"S-Auto
Eng2","工2"
基础,ships.xml,CoreTurret_Desc,"High-power defense for planetary bases.","重火力行星基地防御设施."
基础,ships.xml,Ability_MinRange,"Min Range","最小范围"
基础,ships.xml,SpaceTugStar100_Full,"Space Tug Starship 100","太空牵引星舰100"
基础,ships.xml,VampireClawIV_Full,"Vampire Claw Mark IV","吸血爪IV型"
基础,ships.xml,RiotControlLaserII_Full,"Riot Control Laser II","防暴镭射II型"
基础,ships.xml,CaptiveHumanSettlement_Short,"Captive Settle","俘虏集中营"
基础,ships.xml,Ability_ImmuneFF,"Immune To Force Fields","力场免疫"
基础,ships.xml,MetalManufactory_Abbr,"Me","金"
基础,ships.xml,WormholeCommandPost_Short,"Post (Wormhole)","据点(虫洞)"
基础,ships.xml,MercenarySpaceDock_Desc,"Mercenary ships are more expensive than their normal counterparts, but they have no ship cap.","雇佣兵舰艇比同类正常舰艇昂贵,但他们没有数量限制."
基础,ships.xml,ControlNode_SinglePlanet_AutoBuildEngineerII_Desc,"The command station on this planet will automatically maintain one Mark II Engineer.  Building multiple of this control node causes multiple engineers to be maintained at this planet. Replacement engineers will only be built if there are fewer than 100 mobile enemy ships on the planet.","您控制的这个指挥中心将自动保持这个星球雄蜂工程师II型的数量为一个.
建造多个控制指令将使得这个星球上保持的雄蜂工程师II型的数量为多个.
工程师II型仅在星球上存在的敌人舰艇数少于100时被重建."
基础,ships.xml,AstroTrain_Desc,"Nearly-indestructible robotic courier.  Slightly damages nearby ships, damages constructors, heavy defense, and turrets more heavily.
More importantly, they reveal any cloaked ships that come near, and they tend to disrupt player minefields.
Build Counter-Dark-Matter Turrets to protect against them, or destroy Astro Train Stations to re-route them.","几乎不能被摧毁的装甲先锋.
能轻微地伤害附近的部队,对兵工厂和重型防御设施造成不低的伤害,并能对炮塔造成严重伤害.
更重要的是,它们能显示周围任何隐形单位,并能破坏玩家的空雷.
建造反物质炮塔来对付它们,或者摧毁敌人的星际列车站来改变它的移动路线."
基础,ships.xml,RiotControlLaserI_Full,"Riot Control Laser","防暴镭射"
基础,ships.xml,BomberStarshipIII_Full,"Bomber Starship Mark III","轰炸星舰III型"
基础,ships.xml,RaiderII_Short,"Raider II","入侵者II"
基础,ships.xml,Ability_ImmuneTachy,"Immune To Tachyon Beams","速子射线免疫"
基础,ships.xml,ControlNodeEngineersPreferNonMilitary_Short,"CN:Engr !Mil","指令:安全维修"
基础,ships.xml,MLRSIV_Short,"MLRS IV","多管火箭炮IV"
基础,ships.xml,RallyPost_Full,"Rally Post","召集号"
基础,ships.xml,SpiderIV_Short,"Spider IV","蜘蛛IV"
基础,ships.xml,RebellingHumanColony_Desc,"A formerly captive city filled with living humans.  AI progress will skyrocket by 100 if this is destroyed.
These civilians have decided to rebel, and have erected a temporary invisibility cloak while they call for aid.
When the cloak dissipates, they'll be vulnerable to attacks from the AI, and surely won't last long.
When the rebels have supply, your entire team can use their facilities to build rebel ships.
While you hold the planet on which they are located, their invisibility cloak will remain at full power.","曾是人类俘虏居住的城市.被摧毁时人工智能进度将上升100点!
这些人类已经决心发动反叛,在他们呼叫援助时建造了一个临时的隐形装置.
当隐形装置失效时,他们将面对人工智能的报复,显然,他们撑不久的.
当起义组织获得补给时,您的队伍将可以使用他们的工厂来建造反抗军飞船.
当您获得了起义组织所在星球的控制权时,他们的隐形装置将可以一直工作下去."
基础,ships.xml,LightForceFieldGenerator_Full,"Force Field Generator","力场产生器"
基础,ships.xml,SpecialForcesCommandPost_Short,"Post (Spec)","据点(特种)"
基础,ships.xml,EyeBot_Desc,"Acts as a scout, passes through force fields, and is missile-proof.
Has cloaking and cloaking booster abilities like regular scouts.  Excellent against turrets.","可用于侦察,能通过力场,并能防御导弹.
拥有类似于侦察机的隐形与隐形强化能力.对炮塔效果良好."
基础,ships.xml,Ability_CantBeRepaired,"Can't Be Repaired","不能被修复"
基础,ships.xml,ControlNodeAutoBuildEngineerII_Abbr,"Auto
Eng2","工2"
基础,ships.xml,BulletproofFighterII_Full,"Bulletproof Fighter Mark II","防弹歼击机II型"
基础,ships.xml,SpireStarship_Full,"Spire Starship","螺旋星舰"
基础,ships.xml,ControlNodeEngineersDoNotAutoAssistQueues_But,"!Eng
Qs","停协"
基础,ships.xml,ResistanceFighterBomber_Desc,"Pockets of human allies who still live in deep space around AI planets will occasionally
send these versatile fighter/bomber hybrids to aid you in the fight against the AI at their local planet.
They won't attack any AI ships that human players must normally manually target.","外太空残存在人工智能星球周围的人类有时会派遣这些多功能轰炸机来帮助你对抗人工智能.
人类玩家如果必须手动操作才能攻击特定的人工智能的部队,那么反抗军轰炸机不会攻击它们."
基础,ships.xml,DreadnoughtII_Full,"Dreadnought Mark II","无畏舰II型"
基础,ships.xml,AstroTrain_Short,"Ast Train I","星际列车I"
基础,ships.xml,CoreAIForceField_Desc,"Creates a huge mobile force field that provides protection without reducing attack power of ships underneath.
Attack with many dozen Mark III/IV Bombers (or better) to destroy.
Bombers have a substantial bonus against these and other hardened targets.
Snipers, Sniper Turrets, Raid/Leech Starships, Infiltrators, EyeBots, Ion Cannons,
and Counter-Spies can move and fire through force fields as if they are not there.","产生一个巨型可移动的力场护盾来保护附近的部队.从力场里向外攻击伤害不减少.
数十架III型或IV型(或更高级)轰炸机一起攻击即可摧毁它.
轰炸机对力场及其他掩蔽目标有伤害加成.
狙击手,狙击塔,入侵者,突击/吸血星舰,潜入者,监察机,离子加农炮,
以及反间谍塔可以无视力场进行移动和攻击."
基础,ships.xml,Fighter_Desc,"Inexpensive, with a small attack range. Great against many smaller ships.  Also excellent against starships in numbers.","价格便宜,攻击范围小.对付小型机体有良好的效果.而且以群体对付星舰有极佳的效果."
基础,ships.xml,AdvancedFactory_Short,"Factory IV","兵工厂IV"
基础,ships.xml,LazerTurretIII_Short,"Laser Tur III","镭射塔III"
基础,ships.xml,MineLayer_Full,"Remains Rebuilder","残骸重建机"
基础,ships.xml,MicroFighter_Wave,"Tachyon MicroFighters","速子微型战斗机"
基础,ships.xml,Ability_ImmuneToShellAmmo,"Immune To Shell Ammo","实弹免疫"
基础,ships.xml,ArmoredScout_Short,"Scout II","侦察机II"
基础,ships.xml,Sniper_Desc,"Great for weakening targets at extreme distances.  Able to fire through force fields.","能够在极远的距离攻击目标,其攻击能穿透力场."
基础,ships.xml,StealthScout_Full,"Scout Drone Mark III","雄蜂侦察机III型"
基础,ships.xml,ScienceLabII_Full,"Science Lab Mark II","科学实验室II型"
基础,ships.xml,CounterSpy_Desc,"Advanced weapon insta-kills cloaked ships.","能一击必杀隐形的部队."
基础,ships.xml,Ability_EngineDmg,"Engine Damage ","引擎受损"
基础,ships.xml,ControlNodeNoRallyingToAlliedRallyPost_Short,"CN:NoAlly Rally","指令:不集合到盟友召集号"
基础,ships.xml,Bomber_Desc,"Inflicts high damage on heavy defenses.  Best ship class for hitting force fields and the final AI command stations.","能对防御设施造成可观的伤害.善于对付力场和人工智能指挥中心."
基础,ships.xml,ControlNodeAutoBuildEngineerII_But,"Auto
Eng2","工2"
基础,ships.xml,MarauderBuzzBomb_Short,"Marauder Buzz Bomb","蜂鸣炸弹"
基础,ships.xml,MissileTurretII_Full,"Missile Turret Mark II","导弹塔II型"
基础,ships.xml,DeflectorDroneIII_Full,"Deflector Drone Mark III","偏导雄蜂III型"
基础,ships.xml,ResistanceFrigate_Short,"Resistance Frigate","反抗军护卫舰"
基础,ships.xml,ControlNodeAutoFRDEngineers_Abbr,"FRD
Eng","工巡"
基础,ships.xml,ControlNodeAllowTeamControlOfShips_Abbr,"Team","团队"
基础,ships.xml,CleanupDrone_Short,"Cleanup Drone","清理雄蜂"
基础,ships.xml,SpaceTugEngine66_Abbr,"E-66","引擎66"
基础,ships.xml,Ability_ClusterPenalty2," Min","(最少)"
基础,ships.xml,ControlNodeAutoFRDMilitary_Full,"Control Node: Auto-FRD Mobile Military","控制指令: 机动兵工厂自动巡逻"
基础,ships.xml,Infiltrator_Short,"Infil I","潜入I"
基础,ships.xml,VampireClawII_Short,"Vampire II","吸血II"
基础,ships.xml,RiotControlStarshipII_Short,"Star:Riot II","星:防暴II"
基础,ships.xml,Ability_ReinBonus,"x AI Reinforcement While At Planet","倍人工智能增援，当它在星球中的时候"
基础,ships.xml,GravitationalTurretII_Desc,"Heavily slows the movement of all ships (not just enemy ships) in a larger range.","在大型范围内严重减慢所有部队的移动(包括己方和敌方)."
基础,ships.xml,Cruiser_Short,"Frigate III","巡洋舰III"
基础,ships.xml,MineLayer_Short,"Remains Rebuilder","残骸重建机"
基础,ships.xml,Ability_AIProgressPlusOneForRepairAmount1,"+1 AI Progress For Every","每当人工智能系统+1时，"
基础,ships.xml,PlanetaryCloaker_Full,"Planetary Cloaker","行星隐形仪"
基础,ships.xml,AITroopAccelerator_Short,"Troop Accel","部队加速"
基础,ships.xml,AvengerShield_Short,"Avenger Shield","复仇者力场"
基础,ships.xml,RiotControlLaserI_Short,"RCL I","防暴镭射I"
基础,ships.xml,ElectricShuttle_Wave,"Electric Shuttles","电气穿梭机"
基础,ships.xml,CrystalManufactory_Abbr,"Cr","水"
基础,ships.xml,LightningTurret_Full,"Lightning Turret","闪雷塔"
基础,ships.xml,CoreTurret_Short,"C:Tur","核心炮塔"
基础,ships.xml,StealthCommandPost_Full,"Stealth Guard Post","隐形据点"
基础,ships.xml,Ability_CloakBoostX,"Cloaking Booster x","隐形强化x"
基础,ships.xml,LightningMissile_Desc,"Emits a powerful explosion of lightning that damages nearby enemy ships on detonation.
Can be given a direct target that it will chase and then explode near, or it will explode on death.","发射出一个强大的闪雷并爆炸,能损伤爆炸点附近的所有敌人.
能给予它一个目标,它会追踪目标并引爆,或在途中被摧毁而爆炸."
基础,ships.xml,Ability_ImmuneToMissleAmmo,"Immune To Missile Ammo","导弹免疫"
基础,ships.xml,TeleportBattleStation_Short,"Tele-Station I","瞬移站I"
基础,ships.xml,Sniper_Wave,"Snipers","狙击手"
基础,ships.xml,AntiArmorShipIII_Short,"Anti-Armor III","反装甲III"
基础,ships.xml,Raptor_Short,"Raptor I","猛禽I"
基础,ships.xml,EnergyReactorIII_Short,"Energy III","能源III"
基础,ships.xml,TachyonScout_Wave,"Scouts","侦察机"
基础,ships.xml,AntiArmorShipIII_Full,"Anti-Armor Ship Mark III","反装甲船III型"
基础,ships.xml,HeavyBeamTurretIV_Desc,"Incredibly powerful long-range beam cannon capable of vaporizing fleets of smaller ships at once.
The design is based on the only extant scraps of data from a mad scientist's plans for a doomsday weapon utilizing a sun as a power source.","可以让多个小型目标一下子人间蒸发.
设计方案来自一位疯狂科学家,他残留的计划中提出了这个将恒星作为能源来发动的灭世武器."
基础,ships.xml,ZinthStarship_Full,"Zenith Starship","极限星舰"
基础,ships.xml,CoreRaider_Full,"Core Raider","核心入侵者"
基础,ships.xml,OrbitalCommandStationHomeCore_Full,"Orbital Command Station Home Core","轨道指挥中心核心"
基础,ships.xml,ControlNodeAutoFRDMilitary_Desc,"Automatically places all of your mobile military ships into Free-Roaming Defender mode
if they are on planets you control. Low-power and attack-moving units will not be affected,
and ships that already are acting on player orders will not be affected.","命令您的所有机动兵工厂进入自由巡逻模式,只要他们是在您所控制的星球上就有效.
低能量的,移动攻击中的单位将不受影响,已有其他命令的单位也不受影响."
基础,ships.xml,SpaceTugStar100_Desc,"Very fast ship. Grabs allied starships with less than 100% health remaining and brings them to the nearest mobile repair station.","速度非常快.把机能少于100%的星舰牵引至最近的机动维修中心."
基础,ships.xml,CorePredator_Full,"Core Predator","核心猛兽"
基础,ships.xml,EngineerDrone_Abbr,"En","工"
基础,ships.xml,EngineerDrone_Full,"Engineer Drone","雄蜂工程师"
基础,ships.xml,SuperFortress_Short,"SuperFort","超级要塞"
基础,ships.xml,EtherJetII_Full,"EtherJet Tractor Mark II","以太喷射牵引机II型"
基础,ships.xml,MissileShipII_Full,"Missile Frigate Mark II","导弹巡洋舰II型"
基础,ships.xml,EyeBot_Full,"Eye Bot","监察机"
基础,ships.xml,ControlNodeAutoFRDEngineers_Full,"Control Node: Auto-FRD Engineers","控制指令: 工程师自动巡逻"
基础,ships.xml,CoreArmorShipFabricator_Desc,"Capturable construction unit that allows human players to build a single type of core ship at this one location.
This fabricator allows players to build: ","可占领的工厂,占领后允许您建造某一种核心部队.
该工厂允许您建造:"
基础,ships.xml,ShieldBearer_Wave,"Force Field Bearers","力场承载器"
基础,ships.xml,ControlNodeAutoBuildEngineerIII_Abbr,"Auto
Eng3","工3"
基础,ships.xml,Ability_TachyRange,"Range","范围"
基础,ships.xml,Ability_Blind,"Blind","伪装"
基础,ships.xml,CoreAIForceField_Full,"Core AI Force Field Generator","核心人工智能力场产生器"
基础,ships.xml,RiotControlStarshipIII_Short,"Star:Riot III","星:防暴III"
基础,ships.xml,CaptiveHumanSettlement_Desc,"A captive city filled with living humans.  AI progress will skyrocket by 100 if this is destroyed.
Worse, while your team holds it, the AIs will send 3x stronger waves against this planet.
The city does provide you with a moderate amount of metal/crystal income, but the penalties often outweigh this.","人类俘虏居住的城市.被摧毁时人工智能进度将上升100点!
更糟糕的是,当你拥有它时,人工智能将派出为平时3倍的部队对这个星球进行进攻.
城市可以为你提供不少的金属/水晶收入,但一旦失去城市,你会失去更多."
基础,ships.xml,ControlNode_SinglePlanet_AutoBuildRebuilders_Short,"SPCN:Auto Rbld","单星指令:自产残骸重建机"
基础,ships.xml,RiotControlStarshipII_Full,"Riot Control Starship II","防暴星舰II型"
基础,ships.xml,InfiltratorIII_Full,"Infiltrator Mark III","潜入者III型"
基础,ships.xml,CleanupDrone_Abbr,"C","清"
基础,ships.xml,TachyonBeamEmitter_Short,"Tachy I","速子I"
基础,ships.xml,TractorBeamTurretIII_Desc,"Locks on to up to forty-eight enemy ships, preventing them from moving (but not from firing).","锁定多达48个敌人的部队,使它们不能移动(可以攻击)."
基础,ships.xml,AdvancedResearchStation_Full,"Advanced Research Station","高级研究所"
基础,ships.xml,VorticularCutlassIII_Short,"Cutlass III","弯刀III"
基础,ships.xml,SniperTurret_Full,"Sniper Turret","狙击塔"
基础,ships.xml,Ability_WaveBonus,"x AI Wave Size While Humans Hold","倍人工智能攻势，当人类拥有它的时候"
基础,ships.xml,MarauderDaggerFrigate_Full,"Marauder Dagger Frigate","海盗短刀护卫舰"
基础,ships.xml,EtherJetIII_Short,"EtherJet III","牵引机III"
基础,ships.xml,ControlNodeAutoFRDEngineers_But,"FRD
Eng","工巡"
基础,ships.xml,EnergyReactorIII_Desc,"Generates a huge amount of energy, but at a poor cost-to-benefit ratio.
Efficiency goes down by 80% for each new reactor of this type built on the same planet.","以极高的成本与效益比,生成极多能量.
同一星球上每多建一个这个类型的反应装置,新的反应装置效率下降80%,效率下降会累积."
基础,ships.xml,ShieldBearerIII_Short,"FF-Bearer III","承载器III"
基础,ships.xml,Spider_Desc,"Extremely effective at damaging the engines of enemy ships.","长于破坏敌人部队的引擎."
基础,ships.xml,SpiderII_Short,"Spider II","蜘蛛II"
基础,ships.xml,OmegaDrive_Full,"Omega Drive","欧米茄驱动器"
基础,ships.xml,SpiderTurret_Short,"Spider Tur","蜘蛛狙击塔"
基础,ships.xml,ControlNodeReclaimedShipsRallyToRallyPost_But,"Recl
Rally","重集"
基础,ships.xml,Decloaker_Desc,"Fast mobile ship with moderate attack and the ability to reveal any cloaked enemy ships in a wide arc.","中等攻击,移动速度较快.可以显示较大范围内的隐形战舰."
基础,ships.xml,ShieldBearerIV_Short,"FF-Bearer IV","承载器IV"
基础,ships.xml,OrbitalCommandStationHomeCore_Abbr,"C","核"
基础,ships.xml,ControlNodeNoRallyingToAlliedRallyPost_But,"NoAlly
Rally","不集"
基础,ships.xml,MissileSilo_Full,"Missile Silo","飞弹发射井"
基础,ships.xml,RiotControlStarshipI_Short,"Star:Riot","星:防暴"
基础,ships.xml,Bomber_Wave,"Bombers","轰炸机"
基础,ships.xml,MetalHarvester_Short,"Metal H.","金属厂"
基础,ships.xml,LightningTurretIII_Full,"Lightning Turret Mark III","闪雷塔III型"
基础,ships.xml,ControlNodeAutoFRDEngineers_Short,"CN:FRD Eng","指令:工程师自巡"
基础,ships.xml,MicroFighterII_Full,"Tachyon MicroFighter Mark II","速子微型战斗机II型"
基础,ships.xml,HeavyBeamTurretIII_Full,"Heavy Beam Cannon Mark III","重型光束加农炮III型"
基础,ships.xml,Ability_ImmuneShieldBoost,"Immune To Shield Boosts","护盾强化无效"
基础,ships.xml,EngineerDrone_Desc,"Repairs damaged ships or can accelerate construction done by other ships.
Unless issued a specific command by its controller, it will automatically repair nearby allies.","修复受损的部队,加快其他部队的建造速度.
除非指挥官下命令,否则它会自动修复附近的友军."
基础,ships.xml,OrbitalCommandStationWarpJammer_Full,"Orbital Command Station - Warp Jammer","轨道指挥中心-雷达干扰器"
基础,ships.xml,OrbitalCommandStation_Full,"Orbital Command Station","轨道指挥中心"
基础,ships.xml,WormholeAI_Full,"Exo-Galaxy Wormhole","外星虫洞"
基础,ships.xml,MissileTurret_Full,"Missile Turret","导弹塔"
基础,ships.xml,ControlNodeMRSRepairedShipsStayAtMRS_Short,"CN:Stay at MRS","指令:停留在维修船"
基础,ships.xml,ControlNodeFRDLimitedTo80000_Desc,"Ships that are in FRD mode will not engage targets that are more than 80,000 meters distant.
This can be useful to keep ships from straying after marauders, unless you prefer that they stray (as some do).","处于自由巡逻模式的单位将不会与超过80,000米以外的敌人纠缠.
这可以让您的单位不会一直跟着敌人游荡,除非您喜欢这样."
基础,ships.xml,VampireClawIII_Short,"Vampire III","吸血III"
基础,ships.xml,RallyPost_Desc,"Allied ships that are sent to this planet will gather at this rally post.
If there are multiple allied rally posts on a single planet, entering ships will pick one of them at random.","来到此星球的友军飞船将在召集号处聚集.
如果一个星球上有多个召集号,进入的部队将会随机选择一个."
基础,ships.xml,TachyonMissile_Full,"Tachyon Warhead","速子飞弹"
基础,ships.xml,ScienceLab_Full,"Science Lab","科学实验室"
基础,ships.xml,ControlNodeEngineersDoNotAutoAssistQueues_Full,"Control Node: Engineers To Not Auto-Assist Queues","控制指令: 工程师不会自动协助生产"
基础,ships.xml,ParasiteII_Short,"Parasite II","寄生虫II"
基础,ships.xml,MineRemains_Desc,"Useless remains of an exploded mine.  
Scrap to clear the way for replacement, or leave in place so that a Remains Rebuilder can rebuild it. 
Remains belonging to enemies can be cleared by cleanup drones.","空雷爆炸后的残骸.
可以将它清理掉以布设新的空雷,或者让残骸重建机来重建它.
敌人的空雷残骸可以由清理雄蜂清理掉."
基础,ships.xml,BulletproofFighter_Wave,"Bulletproof Fighters","防弹机"
基础,ships.xml,MobileForceFieldGenerator_Desc,"Creates a large, mobile force field that provides protection for nearby ships.
Ships firing out from under the force field do 75% less damage than normal, so it is best to build defenses around the field.
Bombers have a substantial bonus against these and other hardened targets.
Snipers, Sniper Turrets, Raid/Leech Starships, Infiltrators, EyeBots, Ion Cannons,
and Counter-Spies can move and fire through force fields as if they are not there.","产生一个大型可移动的力场护盾来保护附近的部队.
部队从力场里向外攻击将只造成75%的伤害,所以最好是在力场周围建造防御设施.
轰炸机对力场及其他掩蔽目标有伤害加成.
狙击手,狙击塔,入侵者,突击/吸血星舰,潜入者,监察机,离子加农炮,
以及反间谍塔可以无视力场进行移动和攻击."
基础,ships.xml,OrbitalCommandStationHomeCore_Short,"Cmd Home Core I","指挥I核心"
基础,ships.xml,SpaceTugEngine100_But,"E-100","引擎100"
基础,ships.xml,Ability_Vamp,"Vampirism","吸血"
基础,ships.xml,CoreCommandStation_Desc,"The first team to destroy all their opponents' home planet command stations is the winner.","第一个摧毁所有敌人的母星指挥中心的团队将胜利."
基础,ships.xml,RaidStarship_Full,"Raid Starship","突击星舰"
基础,ships.xml,ControlNodeEngineersPreferNonMilitary_Desc,"Makes engineers prefer to assist non-mobile-military ships so they don't get bogged down repairing your fleets.","使工程师倾向于维修您的非战斗单位,以免他们卷入战争中并被摧毁."
基础,ships.xml,TransportShip_Short,"Transport","运输"
基础,ships.xml,RiotControlTractorI_Desc,"Multiplex tractor beam module for Riot Control Starships.  
Can immobilize up to 10 craft at once.
Requires a medium hardpoint, but cannot be mounted on a MkII.","防暴星舰上的牵引模块.
一次可牵引至多10个敌人.
需要1个中型炮挂点,且不能装配在防暴星舰II型上."
基础,ships.xml,BulletproofFighterIII_Full,"Bulletproof Fighter Mark III","防弹歼击机III型"
基础,ships.xml,Ability_Reclaim,"Reclamator","操控敌方部队"
基础,ships.xml,RiotControlMachineGunII_Full,"Riot Control Machine Gun II","防暴机枪II型"
基础,ships.xml,ShieldBearer_Full,"Force Field Bearer","力场承载器"
基础,ships.xml,Ability_ImmuneToMassDriver,"Immune To Mass Drivers","粒子冲击炮免疫"
基础,ships.xml,ControlNodeEngineersPreferNonMilitary_But,"Engr
!Mil","安修"
基础,ships.xml,SpacePlane_Desc,"Cloaked fighter excellent for bypassing enemy defenses (such as mines and tractor beams).","能绕过敌人防御的隐形战机(如空雷和牵引光束)."
基础,ships.xml,ControlNodeAllowTeamControlOfShips_But,"Team","团队"
基础,ships.xml,Mine_Full,"Mine","空雷"
基础,ships.xml,AntiArmorShip_Desc,"Excellent for attacking enemy armor and other targets at high range.","大范围攻击,用来对付敌人的高装甲目标效果很好."
基础,ships.xml,ControlNode_SinglePlanet_AutoBuildEngineerII_But,"S-Auto
Eng2","工2"
基础,ships.xml,Ability_MunitionsRange,"Range","范围"
基础,ships.xml,HeavyBeamCannonModuleIV_Short,"Heavy Beam IV","重型光束IV"
基础,ships.xml,OrbitalCommandStationWarpJammer_Abbr,"Jmr","指-干"
基础,ships.xml,Mine_Short,"Mine","空雷"
基础,ships.xml,CrystalHarvester_Desc,"Mines crystal found amidst rock deposits.  Build on top of crystal deposits (white dots on minimap).","在岩石中发掘水晶矿.必须建造在水晶采集点上(小地图中的白点)."
基础,ships.xml,Ability_ImmuneInstaKill,"Immune To Being Insta-Killed","无法被一击必杀"
基础,ships.xml,OrbitalCommandStationHomeCoreIII_Abbr,"C III","核III"
基础,ships.xml,OrbitalCommandStationHome_Short,"Cmd (Home)","母星指挥"
基础,ships.xml,SpaceTugEngine66_But,"E-66","引擎66"
基础,ships.xml,EyeBotII_Short,"Eye Bot II","监察机II"
基础,ships.xml,SpaceTankIII_Full,"Space Tank Mark III","太空坦克III型"
基础,ships.xml,BomberIII_Short,"Bomber III","轰炸机III"
基础,ships.xml,SpiderIII_Short,"Spider III","蜘蛛III"
基础,ships.xml,MarauderDaggerFrigate_Desc,"Hostile human vagabonds who live in deep space will occasionally send these extremely long-range frigates
at human and AI settlements to destroy what they can so that they can escape with the resulting scrap.
They won't attack any AI ships that human players must normally manually target.","居住在外太空的流浪者们有时会发送这些攻击范围相当大的护卫舰来摧毁他们所能看到的一切.
人类玩家如果必须手动操作才能攻击特定的人工智能的部队,那么短刀护卫舰不会攻击它们."
基础,ships.xml,ControlNode_SinglePlanet_AutoBuildEngineerIII_Abbr,"S-Auto
Eng3","工3"
基础,ships.xml,MineRemains_Short,"Mine Remains","空雷残骸"
基础,ships.xml,ControlNodeNoEvadeBehaviorOnFriendlyPlanets_Short,"CN:No Frnd Evd","指令:不撤退友星"
基础,ships.xml,ControlNodeReclaimedShipsRallyToRallyPost_Full,"Control Node: Reclaimed Units Rally to Rally Posts","控制指令: 重新集合到我军的召集号"
基础,ships.xml,EnergyReactorII_Short,"Energy II","能源II"
基础,ships.xml,Ability_WarpWave,"Warp Gate (Wave Only - AI ONLY)","星际之门(攻击- 只有AI可用)"
基础,ships.xml,ControlNode_SinglePlanet_AutoBuildEngineerIII_But,"S-Auto
Eng3","工3"
基础,ships.xml,Ability_ImmuneToAOE,"Immune To Area Damage","范围伤害免疫"
基础,ships.xml,BulletproofFighterIV_Full,"Bulletproof Fighter Mark IV","防弹歼击机IV型"
基础,ships.xml,Ability_EMPOnDeath,"Emits EMP On Destruction","被破坏时放射电磁脉冲"
基础,ships.xml,Ability_TractorRange,"Range","范围"
基础,ships.xml,CaptiveHumanSettlement_Full,"Captive Human Settlement","俘虏集中营"
基础,ships.xml,CoreCommandPostStealth_Full,"Core Stealth Guard Post","核心隐形据点"
基础,ships.xml,Ability_InstaKillsWarheads,"Insta Kills Warheads","一击必杀飞弹"
基础,ships.xml,Ability_ImmuneReclaim,"Immune To Reclamation","不会被敌人操控"
基础,ships.xml,Ability_CantUseWormholes,"Can't Use Wormholes","无法通过虫洞"
基础,ships.xml,MunitionsBoosterII_Full,"Munitions Booster Mark II","火力增幅器II型"
基础,ships.xml,MunitionsBooster_Short,"Munitions I","增幅器I型"
基础,ships.xml,ControlNodeAutoBuildRebuilders_Desc,"Each command station you control will automatically maintain one Remains Rebuilder
at each planet you control.  Building multiple of this control node causes multiple rebuilders to be maintained at each planet.
Replacement rebuilders will only be built if there are fewer than 100 mobile enemy ships on the planet.","每个您控制的指挥中心将自动保持每个星球残骸重建机的数量为一个.
建造多个控制指令将使得每个星球上保持的残骸重建机的数量为多个.
残骸重建机仅在星球上存在的敌人舰艇数少于100时被重建."
基础,ships.xml,GravitationalTurret_Desc,"Moderately slows the movement of all ships (not just enemy ships) in a midsized range.","在中型范围内减慢所有部队的移动(包括己方和敌方)."
基础,ships.xml,BomberIV_Short,"Bomber IV","轰炸机IV"
基础,ships.xml,Sensor_Short,"Sensr","探测器"
基础,ships.xml,AntiStarshipArachnid_Short,"Anti-Star","反星舰"
基础,ships.xml,ShieldBearerIII_Full,"Force Field Bearer Mark III","力场承载器III型"
基础,ships.xml,DeflectorDroneIII_Short,"Deflect III","偏导III"
基础,ships.xml,MicroFighterIV_Short,"MicroFight IV","微型战斗IV"
基础,ships.xml,TractorBeamTurret_Desc,"Locks on to up to ten enemy ships, preventing them from moving (but not from firing).","锁定多达10个敌人的部队,使它们不能移动(可以攻击)."
基础,ships.xml,HeavyBeamTurretII_Short,"Heavy Beam II","重型光束II"
基础,ships.xml,ResistanceFighterBomber_Short,"Resistance Fighter/Bomber","反抗军轰炸机"
基础,ships.xml,HeavyBeamTurretII_Full,"Heavy Beam Cannon Mark II","重型光束加农炮II型"
基础,ships.xml,SpireStarship_Desc,"The galaxy's most deadly frigate.
Very strong against large groups of ships, and boosts the strength of nearby smaller ships.","这个星系中最可怕的星舰.
善于对抗大群敌人,并能提高周围小型舰艇的能力."
基础,ships.xml,SpaceTugStar33_But,"Star33","星舰33"
基础,ships.xml,ControlNode_SinglePlanet_AutoBuildRebuilders_Full,"Single Planet Control Node: Auto-Build Remains Rebuilders","单一星球控制指令: 自动生产残骸重建机"
基础,ships.xml,Ability_ImmuneToBlade,"Immune To Blade Attacks","砍击免疫"
基础,ships.xml,ScienceLab_Desc,"Research and unlock new technologies.  Also gathers up to 2,000 knowledge per planet.","研究并解锁新的科技.也可以用于收集知识,每个星球最多2000点."
基础,ships.xml,MicroFighterIII_Full,"Tachyon MicroFighter Mark III","速子微型战斗机III型"
基础,ships.xml,StarshipConstructor_Full,"Starship Constructor","星舰兵工厂"
基础,ships.xml,Ability_WarpFull,"Warp Gate (Full - AI ONLY)","星际之门(所有- 只有AI可用)"
基础,ships.xml,RaiderIII_Short,"Raider III","入侵者III"
基础,ships.xml,TurretRemains_Full," (Remains)","(残骸)"
基础,ships.xml,RebellingHumanColony_Full,"Rebelling Human Colony","起义组织"
基础,ships.xml,RebellingHumanColony_Short,"Rebel Colony","起义组织"
基础,ships.xml,CommandPost_Desc,"Enemy ships will not leave their post unless it is destroyed.
When an AI gets reinforcements to a planet, each guard post also gets reinforcements.","敌方部队不会离开他们的据点,除非据点被摧毁.
当人工智能增援一个星球时,所有据点也将获得增援."
基础,ships.xml,TeleportRaiderIV_Full,"Teleport Raider Mark IV","瞬移入侵者IV型"
基础,ships.xml,VorticularCutlassIV_Full,"Vorticular Cutlass Mark IV","旋转弯刀IV型"
基础,ships.xml,LightStarship_Short,"Star:Light","星:轻型"
基础,ships.xml,SpacePlaneIV_Short,"Plane IV","飞机IV"
基础,ships.xml,AutocannonMinipodIV_Full,"Autocannon Minipod Mark IV","小型自动加农炮IV型"
基础,ships.xml,TurretII_Full,"Basic Turret Mark II","基本炮塔II型"
基础,ships.xml,CoreCommandStation_Full,"Core Command Station","核心指挥中心"
基础,ships.xml,MLRSTurretII_Short,"MLRS Tur II","多管火箭炮塔II"
基础,ships.xml,WormholeCommandPost_Desc,"This invisible guard post is destroyed when the command station is destroyed.","虫洞据点是隐形的.当指挥中心被摧毁时同时被摧毁."
基础,ships.xml,Ability_ReducesLazers,"Reduces Power Of Nearby Incoming Lasers","减弱接近中的镭射攻击"
基础,ships.xml,CoreCommandPost_Short,"Post (Core)","据点(据点)"
基础,ships.xml,Ability_CloakSuperBoostX,"Cloaking SuperBooster x","隐形超级强化x"
基础,ships.xml,BomberIV_Full,"Heavy Bomber Mark IV","重型轰炸机IV型"
基础,ships.xml,TeleportBattleStationIII_Short,"Tele-Station III","瞬移站III"
基础,ships.xml,Ability_Scout,"Gathers Scout Intel","侦测情报"
基础,ships.xml,OrbitalCommandStationIII_Short,"Cmd III","指挥III"
基础,ships.xml,SpaceTugEngine100_Full,"Space Tug Engines 100","太空拖曳引擎100"
基础,ships.xml,AdvancedResearchStation_Desc,"Vault of advanced AI technology.  Capture to gain a new ship type for your team to build at space docks.
Never destroy these, but if it dies sometime after you capture it, you won't lose the technology you gained from it.","高级人工智能技术的研究中心.占领后能获得新型部队的建造技术,可应用于您及您的盟友.
永远不要摧毁它!如果在被占领后它被摧毁了,从中获得的技术也不会丢失."
基础,ships.xml,RaptorIV_Full,"Raptor Mark IV","猛禽IV型"
基础,ships.xml,BomberII_Full,"Heavy Bomber Mark II","重型轰炸机II型"
基础,ships.xml,CoreBomber_Short,"C:Bomber","核心轰炸机"
基础,ships.xml,DeflectorDrone_Full,"Deflector Drone","偏导雄蜂"
基础,ships.xml,TachyonMissile_Abbr,"Tach","速"
基础,ships.xml,Ability_WarpJam,"Warp Jammer","跃迁干扰器"
基础,ships.xml,SpaceTugStar66_Full,"Space Tug Starship 66","太空牵引星舰66"
基础,ships.xml,SpaceTugEngine33_Desc,"Very fast ship. Grabs allied ships with less than 33% engine health remaining and brings them to the nearest mobile repair station.","速度非常快.把引擎机能少于33%的舰艇牵引至最近的机动维修中心."
基础,ships.xml,SpacePlane_Short,"Plane I","飞机I"
基础,ships.xml,MineRemains_Full,"Mine (Remains)","空雷(残骸)"
基础,ships.xml,ControlNodeAutoBuildEngineerIII_Short,"CN:Auto Eng1","指令:自产工程师3"
基础,ships.xml,Flagship_Desc,"Mid-strength starship with high firepower.
Strong against large groups of ships, and boosts the strength of nearby smaller ships.","威力强大的中型星舰.
善于对抗大群敌人,并能提高周围小型舰艇的能力."
基础,ships.xml,CoreDemonHand_Full,"Core Demon Hand","核心恶魔手"
基础,ships.xml,CrystalHarvester_Short,"Crystal H.","水晶厂"
基础,ships.xml,MissileSilo_Desc,"Generates powerful (and expensive) warheads over a long period of time.
Nukes in particular are very dangerous to use, and should only be attempted by advanced players.
Detonating any warhead causes the AI Progress to increase by some amount (the amount varies by the warhead).","能建造强大而昂贵的核弹头,但耗费时间较长.
使用核武器是非常危险的,只建议有经验的玩家使用.
引爆每一个核弹头将会增加一些人工智能进度(数量根据弹头类型而定)."
基础,ships.xml,SpaceTugEngine33_But,"E-33","引擎33"
基础,ships.xml,Turret_Full,"Basic Turret","基本炮塔"
基础,ships.xml,IonCannonII_Full,"Ion Cannon","离子加农炮"
基础,ships.xml,RiotControlShotgunI_Short,"RCS I","防暴霰弹枪I"
基础,ships.xml,ControlNodeNonSniperFocusFire_Full,"Control Node: Non-Sniper Focus Fire","控制指令: 非狙击单位集中火力"
基础,ships.xml,GravitationalTurretIII_Desc,"Very heavily slows the movement of all ships (not just enemy ships) in a large range.","在更大型范围内极强地减慢所有部队的移动(包括己方和敌方)."
基础,ships.xml,LightningTurretII_Full,"Lightning Turret Mark II","闪雷塔II型"
基础,ships.xml,MissileShip_Short,"Frigate I","巡洋舰I"
基础,ships.xml,RallyPost_Abbr,"Rally","召集"
基础,ships.xml,ControlNodeMakeFormationOffsetsSticky_Abbr,"Stck
Form","密集"
基础,ships.xml,OrbitalCommandStationII_Short,"Cmd II","指挥II"
基础,ships.xml,ControlNodeAutoBuildEngineerI_Abbr,"Auto
Eng1","工1"
基础,ships.xml,ControlNodeDisableAutoManufactoryManagement_Desc,"Normally metal and crystal manufactories will automatically enable and disable themselves to keep positive balances.  This control node disables that functionality.","通常金属与水晶制造工厂会自动调节它们的工作状态以保证不会浪费您的资源.
这项控制指令使得这项功能被关闭."
基础,ships.xml,RaptorII_Short,"Raptor II","猛禽II"
基础,ships.xml,Turret_Short,"Tur I","塔I"
基础,ships.xml,SuperFortress_Desc,"Incredibly powerful fortress with a massive range.  Only bombers and tanks have any chance against it.
Able to move around its planet, but too large to pass through wormholes.
Particularly strong against starships, teleporting units, and most units with cloaking.
Also repairs all nearby ships.","火力强劲,攻击范围大得恐怖的大型要塞.只有轰炸机和坦克能对付得了它.
能够在行星上移动,但无法通过虫洞.
对付星舰,瞬移单位,大部分隐形单位效果很显著.
可以修复所有附近的部队."
基础,ships.xml,VampireClawII_Full,"Vampire Claw Mark II","吸血爪II型"
基础,ships.xml,SpaceTug100_Desc,"Very fast ship. Grabs allied ships with less than 100% health remaining and brings them to the nearest mobile repair station.","速度非常快.把机能少于100%的舰艇牵引至最近的机动维修中心."
基础,ships.xml,TeleportRaiderIII_Full,"Teleport Raider Mark III","瞬移入侵者III型"
基础,ships.xml,SpireStarship_Short,"Star:Spire","星:螺旋"
基础,ships.xml,MobileRepairStation_Short,"Mbl Repair","机动维修"
基础,ships.xml,ElectricShuttleII_Short,"Shuttle II","穿梭机II"
基础,ships.xml,ControlNode_SinglePlanet_AutoBuildEngineerIII_Short,"SPCN:Auto Eng1","单星指令:自产工程师3"
基础,ships.xml,AIForceFieldII_Short,"AI FF-Gen II","人工智能力场II"
基础,ships.xml,RiotControlTractorI_Short,"RCTr I","牵引机I"
基础,ships.xml,ControlNodeNoRallyingToAlliedRallyPost_Abbr,"NoAlly
Rally","不集"
基础,ships.xml,MLRSTurret_Short,"MLRS Tur I","多管火箭炮塔I"
基础,ships.xml,Ability_MineAvoid,"Mine Avoidance","回避空雷"
基础,ships.xml,CruiserIV_Full,"Missile Frigate Mark IV","导弹巡洋舰IV型"
基础,ships.xml,ControlNodeNoEvadeBehaviorOnFriendlyPlanets_But,"No
FEvd","不友"
基础,ships.xml,TractorBeamTurretII_Wave,"Turrets","牵引塔"
基础,ships.xml,SpaceTug100_Full,"Space Tug 100","太空拖船100"
基础,ships.xml,Ability_ImmuneToEMPs,"Immune To EMPs","电磁脉冲免疫"
基础,ships.xml,Infiltrator_Full,"Infiltrator","潜入者"
基础,ships.xml,TeleportBattleStation_Wave,"Teleport Battle Stations","瞬移战役站"
基础,ships.xml,Ability_Regen,"Regen","自动恢复"
基础,ships.xml,ControlNodeAutoFRDMilitary_But,"FRD
Mil","厂巡"
基础,ships.xml,ResistanceFrigate_Full,"Resistance Frigate","反抗军护卫舰"
基础,ships.xml,MercenaryBomber_Desc,"Inflicts high damage on heavy defenses.  Best ship class for hitting force fields and the final AI command stations.
Identical to the Bomber Mark II, except 10x more expensive and with no ship cap.","能对防御设施造成可观的伤害.善于对付力场和人工智能指挥中心.
机体性能与轰炸机II型相同,虽然是原价的十倍,但并没有数量限制."
基础,ships.xml,OrbitalCommandStationHome_Desc,"The first team to destroy all their opponents' home planet command stations is the winner.
If one player controls multiple home planet command stations, destroying one will destroy them all.
However, while one player controls multiple home planet command stations, the ship caps of the player will be increased.","第一个摧毁所有敌人的母星指挥中心的团队将胜利.
若一个玩家控制多个母星指挥中心,当其中一个被摧毁时,其他的母星指挥中心也将被摧毁.
但是,若一个玩家控制多个母星指挥中心,他的部队上限将提高."
基础,ships.xml,Ability_ImmuneToBlackHoleMachines,"Immune To Black Hole Machines","黑洞机免疫"
基础,ships.xml,ColonyShip_Short,"Col Shp","殖民舰"
基础,ships.xml,AttritionEmitter_Short,"Attrition","耗损射器"
基础,ships.xml,CoreCommandPost_Full,"Core Guard Post","核心据点"
基础,ships.xml,LightForceFieldGenerator_Short,"FF-Gen I","力场I"
基础,ships.xml,OrbitalCommandStationWarpJammer_Short,"Cmd (Jammer)","指挥(干扰)"
基础,ships.xml,ElectricShuttle_Desc,"Slow moving, but emits lightning into ALL nearby enemy ships.
Stronger than their stats look in midsize-to-large groups.","移动缓慢,但是能发射闪雷同时伤害周围所有敌人.
在中到大规模集群作战时,实际效果比它的数值要好."
基础,ships.xml,NuclearMissile_Full,"Nuclear Warhead","核子飞弹"
基础,ships.xml,SpaceTug33_Full,"Space Tug 33","太空拖船33"
基础,ships.xml,IonCannonII_Desc,"Advanced weapon insta-kills most Mark I ships (and many ships with no Mark level at all).  Cannot fire upon ships immune to insta-kill.","可以一击必杀大部分I型部队(和无等级的普通部队).不能对免疫一击必杀的部队开火."
基础,ships.xml,SpaceTug66_Full,"Space Tug 66","太空拖船66"
基础,ships.xml,DeflectorDroneIV_Short,"Deflect IV","偏导IV"
基础,ships.xml,MLRS_Wave,"MLRS","多管火箭炮"
基础,ships.xml,GravitationalTurretII_Full,"Gravitational Turret Mark II","重力塔II型"
基础,ships.xml,ControlNodeNonSniperFocusFire_Short,"CN:NonSn Focus","指令:集中攻击"
基础,ships.xml,EngineerDroneII_Short,"Engineer II","工程师II"
基础,ships.xml,AttritionEmitter_Full,"Attrition Emitter","耗损脉冲发射器"
基础,ships.xml,LazerTurret_Short,"Laser Tur I","镭射塔I"
基础,ships.xml,Turret_Desc,"Inexpensive, basic defense for planetary bases.","价格便宜,多作为行星基地的基本防御设施."
基础,ships.xml,EtherJetII_Short,"EtherJet II","牵引机II"
基础,ships.xml,MLRS_Full,"MLRS","多管火箭炮"
基础,ships.xml,Ability_CloakBoostRange,"Range","范围"
基础,ships.xml,SpaceTugEngine33_Full,"Space Tug Engines 33","太空拖曳引擎33"
基础,ships.xml,MercenaryBomber_Wave,"Bombers","轰炸机"
基础,ships.xml,MarauderDaggerFrigate_Short,"Marauder Dagger Frigate","短刀护卫舰"
基础,ships.xml,AntiStarshipArachnid_Full,"Anti-Starship Arachnid","反星舰蜘蛛"
基础,ships.xml,TractorBeamTurretIII_Short,"Tractor III","牵引III"
基础,ships.xml,RiotControlMachineGunI_Full,"Riot Control Machine Gun","防暴机枪"
基础,ships.xml,SpaceDock_Desc,"Creates the fighters, bombers, frigates, and other ships that will comprise most of your fleet.","建造歼击机,轰炸机,护卫舰,以及其他舰艇来组建你的舰队."
基础,ships.xml,ControlNodeAutoBuildEngineerII_Short,"CN:Auto Eng1","指令:自产工程师2"
基础,ships.xml,WarpGate_Short,"W. Gate","星门"
基础,ships.xml,Spider_Wave,"Spiders","蜘蛛"
基础,ships.xml,CounterMissileTurret_Short,"Cntr-Mssl","反导"
基础,ships.xml,EngineerDroneII_Abbr,"En","工"
基础,ships.xml,MLRS_Short,"MLRS I","多管火箭炮I"
基础,ships.xml,FighterII_Full,"Standard Fighter Mark II","标准歼击机II型"
基础,ships.xml,Ability_AIReinforcesWhenEntersAIPlanet,"AI Reinforces When This Enters AI Planet x","当它进入人工智能的星球时，人工智能增援 x"
基础,ships.xml,TeleportRaiderIII_Short,"Tele-Raid III","瞬移入侵III"
基础,ships.xml,HeavyBeamCannonModuleIV_Desc,"Massive beam cannon only mountable on the largest of space stations.","只能装载在最大的空间站上."
基础,ships.xml,SpaceTankIV_Short,"Tank IV","坦克IV"
基础,ships.xml,Ability_ImmuneTractor,"Immune To Tractor Beams","牵引光束免疫"
基础,ships.xml,MLRSIII_Short,"MLRS III","多管火箭炮III"
基础,ships.xml,CapturableShip,"

CAPTURABLE SHIP: Your ships will not fire on this, but you can capture it by taking the planet, and either scrap or use it as you wish.","可占领的飞船:您的飞船不会自动对这些目标开火,但一旦您占领了它们所在的行星,它们就是你的了."
基础,ships.xml,Dreadnought_Short,"Star:Dread I","星:无畏I"
基础,ships.xml,MetalManufactory_Full,"Metal Manufactory","金属制造工厂"
基础,ships.xml,MLRSTurretIII_Short,"MLRS Tur III","多管火箭炮塔III"
基础,ships.xml,AstroTrain_Full,"Astro Train","星际列车"
基础,ships.xml,SpaceTugEngine66_Desc,"Very fast ship. Grabs allied ships with less than 66% engine health remaining and brings them to the nearest mobile repair station.","速度非常快.把引擎机能少于66%的舰艇牵引至最近的机动维修中心."
基础,ships.xml,ArmorShipII_Short,"Armor II","装甲II"
基础,ships.xml,ControlNodeDisableAutoManufactoryManagement_Full,"Control Node: Disable Auto-Manufactory Management","控制指令: 禁止制造工厂自动运作"
基础,ships.xml,MunitionsBooster_Wave,"Munitions Boosters","火力增幅器"
基础,ships.xml,ElectricShuttleII_Full,"Electric Shuttle Mark II","电气穿梭机II型"
基础,ships.xml,EnergyReactorIII_Full,"Energy Reactor Mark III","能源反应装置III型"
基础,ships.xml,ScoutDrone_Wave,"Scouts","侦察机"
基础,ships.xml,SpaceTugStar33_Desc,"Very fast ship. Grabs allied starships with less than 33% health remaining and brings them to the nearest mobile repair station.","速度非常快.把机能少于33%的星舰牵引至最近的机动维修中心."
基础,ships.xml,AutocannonMinipod_Full,"Autocannon Minipod","小型自动加农炮"
基础,ships.xml,SpaceTugStar33_Full,"Space Tug Starship 33","太空牵引星舰33"
基础,ships.xml,ControlNode_SinglePlanet_AutoBuildEngineerI_Full,"Single Planet Control Node: Auto-Build Engineers Mark I","单一星球控制指令: 自动生产工程师I型"
基础,ships.xml,MobileForceFieldGenerator_Full,"Force Field Generator Mark III","力场产生器III型"
基础,ships.xml,DataCenter_Full,"Data Center","数据中心"
基础,ships.xml,ShieldBearerIV_Full,"Force Field Bearer Mark IV","力场承载器IV型"
基础,ships.xml,LazerGatlingIII_Short,"Laser III","镭射III"
基础,ships.xml,Ability_ImmuneToDarkMatter,"Immune To Dark Matter Ammo","暗物质免疫"
基础,ships.xml,MissileShip_Desc,"Fires powerful, long-range missiles, but has a very slow reload time.","火力强劲,能发射远程导弹进行攻击,但需要很长的时间来重新装填弹药."
基础,ships.xml,VampireClaw_Desc,"Close-combat ship that repairs itself when it damages enemies.
Unless issued a specific command by its controller, it will automatically attack nearby enemies.","近距离作战机,对敌人造成伤害时能修理机身的损伤.
除非指挥官下命令,否则它会自动攻击附近的敌人."
基础,ships.xml,MunitionsBoosterIII_Full,"Munitions Booster Mark III","火力增幅器III型"
基础,ships.xml,MicroFighter_Short,"MicroFight I","微型战斗I"
基础,ships.xml,OrbitalCommandStationII_Full,"Orbital Command Station Mark II","轨道指挥中心II型"
基础,ships.xml,ControlNodeAllowTeamControlOfShips_Short,"CN:Team","指令:团队"
基础,ships.xml,Flagship_Full,"Flagship","旗舰"
基础,ships.xml,ControlNodeFRDLimitedTo80000_Full,"Control Node: FRD Stance Range Limited To 80,000","控制指令: 巡逻范围限制在80,000米以内。"
基础,ships.xml,LazerGatlingIII_Full,"Laser Gatling Mark III","镭射加特林III型"
基础,ships.xml,SpiderTurret_Abbr,"S","蜘"
基础,ships.xml,DeflectorDroneIV_Full,"Deflector Drone Mark IV","偏导雄蜂IV型"
基础,ships.xml,EngineerDroneII_Desc,"Repairs damaged ships or can accelerate construction done by other ships.
Unless issued a specific command by its controller, it will automatically repair nearby allies.
Identical to the basic engineer, except has faster repair rate and a larger repair range.","修复受损的部队,加快其他部队的建造速度.
除非指挥官下命令,否则它会自动修复附近的友军.
性能与工程师类似,但它修复速度更快,维修范围更大."
基础,ships.xml,Ability_IsSelfDamaging,"Attacks Are Self-Damaging","攻击时会自我损坏"
基础,ships.xml,SpaceTank_Full,"Space Tank","太空坦克"
基础,ships.xml,HeavyBeamCannonModuleIII_Desc,"The largest beam cannon mountable on a normal starship.  Generally said starship is built around the cannon, rather than the cannon being mounted on the starship.","普通舰艇能承载的最大的重型光束加农炮.
与其说加农炮装载在战舰上,不如说战舰是环绕着它而建."
基础,ships.xml,TurretIII_Short,"Tur III","塔III"
基础,ships.xml,DecoyDroneFabricator_Abbr,"E Fab","试厂"
基础,ships.xml,CommandPost_Short,"Post","据点"
基础,ships.xml,EtherJetIV_Short,"EtherJet IV","牵引机IV"
基础,ships.xml,RaidStarshipII_Full,"Raid Starship Mark II","突击星舰II型"
基础,ships.xml,AntiStarshipArachnid_Wave,"Spiders","蜘蛛"
基础,ships.xml,ParasiteIV_Short,"Parasite IV","寄生虫IV"
基础,ships.xml,SniperII_Short,"Sniper II","狙击手II"
基础,ships.xml,RaiderII_Full,"Raider Mark II","入侵者II型"
基础,ships.xml,MercenaryFighter_Wave,"Fighters","歼击机"
基础,ships.xml,TachyonBeamEmitter_Full,"Tachyon Beam Emitter","速子发射器"
基础,ships.xml,BomberStarshipIV_Short,"Star:Bomb IV","星:轰炸IV"
基础,ships.xml,InfiltratorIII_Short,"Infil III","潜入III"
基础,ships.xml,TeleportRaider_Wave,"Teleport Raiders","瞬移入侵者"
基础,ships.xml,ControlNodeEngineersDoNotAutoAssistQueues_Desc,"Prevents your engineers from automatically assisting build queues
(keeping them on repair duty only, unless they are given explicit orders to accelerate a queue).","使您的工程师们不会自动协助建造单位.
这使他们可以集中精力进行维修工作,除非他们被给予了准确的指令来协助建造."
基础,ships.xml,TurretII_Short,"Tur II","塔II"
基础,ships.xml,AstroTrainII_Full,"Astro Train Mark II","星际列车II型"
基础,ships.xml,CrystalManufactory_Full,"Crystal Manufactory","水晶制造工厂"
基础,ships.xml,Ability_ReplicatesAtPointCount2," Build Points","生成点"
基础,ships.xml,Dreadnought_Full,"Dreadnought","无畏舰"
基础,ships.xml,ControlNode_SinglePlanet_AutoBuildEngineerII_Short,"SPCN:Auto Eng1","单星指令:自产工程师2"
基础,ships.xml,HeavyBeamCannonModuleIV_Full,"Heavy Beam Cannon Module IV","重型光束加农炮组件IV"
基础,ships.xml,EMP_Full,"EMP","电磁脉冲飞弹"
基础,ships.xml,VorticularCutlassII_Short,"Cutlass II","弯刀II"
基础,ships.xml,TurretRemains_Desc,"Useless remains.  
Scrap to clear the way for replacement, or leave in place so that a Remains Rebuilder can rebuild it. 
Remains belonging to enemies can be cleared by cleanup drones.
Remains are of:  ","无用的残骸.
可以将它清理掉,或者让残骸重建机来重建它.
敌人的残骸可以由清理雄蜂清理掉.
残骸属于:"
基础,ships.xml,Ability_CapturedOnPlanet,"Captured On Planet Ownership Change","控制权归于占领星球的一方"
基础,ships.xml,SpaceTugStar66_Desc,"Very fast ship. Grabs allied starships with less than 66% health remaining and brings them to the nearest mobile repair station.","速度非常快.把机能少于66%的星舰牵引至最近的机动维修中心."
基础,ships.xml,SniperII_Full,"Sniper Mark II","狙击手II型"
基础,ships.xml,Spider_Full,"Spider Bot","蜘蛛"
基础,ships.xml,RallyPost_Short,"Rally Post","召集号"
基础,ships.xml,MissileSilo_Short,"M. Silo","飞弹井"
基础,ships.xml,AutocannonMinipodII_Short,"Autocan II","自动炮II"
基础,ships.xml,SpaceTugEngine66_Full,"Space Tug Engines 66","太空拖曳引擎66"
基础,ships.xml,Ability_TractorX,"x Tractor Beam","倍牵引光束"
基础,ships.xml,ControlNodeEngineersDoNotAutoAssistAllies_Abbr,"!Team
Engs","停修"
基础,ships.xml,ArmoredMissile_Abbr,"Arm","装"
基础,ships.xml,CoreArmorShipFabricator_Full," Fabricator","核心兵工厂"
基础,ships.xml,ControlNodeEngineersPreferNonMilitary_Full,"Control Node: Engineers Prefer Non-Military","控制指令: 工程师不会参与战争"
基础,ships.xml,SniperIV_Full,"Sniper Mark IV","狙击手IV型"
基础,ships.xml,EMP_Desc,"Causes a electromagnetic explosion when destroyed by enemy forces or by scrapping.
Temporarily paralyzes most ships, disables cloaking, and disables force fields and mines on the planet on which it is set off.
EMP effects last for 30 seconds, and affect your ships as well as enemy ships.  Does not affect core ships or starships.","被敌人摧毁或被废弃时产生一个电磁脉冲.
使爆炸点所在星球大部分舰艇瘫痪,隐形,力场,空雷失效.
电磁脉冲持续30秒,影响所有部队,但不包括核心部队和星舰."
基础,ships.xml,VampireClawIII_Full,"Vampire Claw Mark III","吸血爪III型"
基础,ships.xml,SpaceTug66_Desc,"Very fast ship. Grabs allied ships with less than 66% health remaining and brings them to the nearest mobile repair station.","速度非常快.把机能少于66%的舰艇牵引至最近的机动维修中心."
基础,ships.xml,SpaceTugEngine100_Abbr,"E-100","引擎100"
基础,ships.xml,FlyingFortress_Desc,"Extremely large, powerful, and expensive mobile defensive structure.
Particularly strong against starships, teleporting units, and most units with cloaking.
Can store up to 500 units inside itself to protect them during attacks.
Also acts as a Rally Post for incoming allied ships, and repairs all nearby ships.","强大而昂贵的巨型防御设施.
擅长对付其他星舰,瞬移单位及大部分隐形单位.
其内部可以容纳至多500个单位.
可以作为召集号,并可以修复周围所有部队."
基础,ships.xml,CoreBattleCruiser_Full,"Core Battle Frigate","核心战斗巡洋舰"
基础,ships.xml,Parasite_Desc,"Reclaims enemy ships it kills (reclaimed ships have health = half damage inflicted by reclamator).","能够操控它摧毁的战舰(被操控的战舰机能为寄生虫造成的伤害的一半)."
基础,ships.xml,MobileForceFieldGenerator_Short,"FF-Gen III","力场III"
基础,ships.xml,CorePredator_Short,"C:Pred","核心猛兽"
基础,ships.xml,RaptorIII_Full,"Raptor Mark III","猛禽III型"
基础,ships.xml,None_Full,"None","没有"
基础,ships.xml,RiotShieldII_Desc,"Advanced forcefield generator mountable on Riot Control Starships.  
Only of moderate power, but provides additional staying power and protects external weapon modules from enemy fire while it lasts.
Requires a heavy hardpoint.","防暴星舰上的高级力场盾模块.
拥有中等能量,在持续期间保护其他模块免受敌人攻击.
需要1个重型炮挂点."
基础,ships.xml,Ability_ClusterPenalty1,"Cluster Attack Penalty x","群体攻击惩罚 x"
基础,ships.xml,ControlNodeReclaimedShipsRallyToRallyPost_Short,"CN:Recl Rally","指令:重新集合"
基础,ships.xml,MercenaryFighter_Short,"Merc Fighter","雇佣歼击机"
基础,ships.xml,ElectricShuttleIII_Full,"Electric Shuttle Mark III","电气穿梭机III型"
基础,ships.xml,AstroTrainII_Short,"Ast Train II","星际列车II"
基础,ships.xml,RiotControlLaserII_Short,"RCL II","防暴镭射II"
基础,ships.xml,EngineerDrone_Short,"Engineer","工程师I"
基础,ships.xml,Mine_Wave,"Mines","空雷"
基础,ships.xml,RaptorIV_Short,"Raptor IV","猛禽IV"
基础,ships.xml,TeleportRaiderIV_Short,"Tele-Raid IV","瞬移入侵IV"
基础,ships.xml,Ability_AttractsAllIncomingShots,"Attracts All Incoming Shots","吸引所有接近中的炮弹"
基础,ships.xml,ControlNode_SinglePlanet_AutoBuildRebuilders_But,"S-Auto
Rbld","产重"
基础,ships.xml,ControlNode_SinglePlanet_AutoBuildRebuilders_Abbr,"S-Auto
Rbld","产重"
基础,ships.xml,Raptor_Desc,"Large, blazing-fast cloaked fighter good against infrastructure and many smaller ships.","大型隐形战斗机,行动迅速,对付基础设施与小型舰艇有良好的效果."
基础,ships.xml,CoreArmorShipFabricator_Short,"Fab:","核心工厂"
基础,ships.xml,TractorBeamTurretII_Desc,"Locks on to up to twenty-four enemy ships, preventing them from moving (but not from firing).","锁定多达24个敌人的部队,使它们不能移动(可以攻击)."
基础,ships.xml,ControlNodeEngineersDoNotAutoAssistQueues_Short,"CN:No Eng Queues","指令:暂停协助生产"
基础,ships.xml,EtherJet_Full,"EtherJet Tractor","以太喷射牵引机"
基础,ships.xml,TeleportRaiderII_Short,"Tele-Raid II","瞬移入侵II"
基础,ships.xml,ArmorShipIV_Full,"Armor Ship Mark IV","装甲船IV型"
基础,ships.xml,AntiArmorShipIV_Full,"Anti-Armor Ship Mark IV","反装甲船IV型"
基础,ships.xml,Ability_AIProgressKillPenalty,"AI Progress If Killed Or Scrapped","人工智能系统击杀惩罚"
基础,ships.xml,BulletproofFighter_Full,"Bulletproof Fighter","防弹歼击机"
基础,ships.xml,ControlNodeNoEvadeBehaviorOnFriendlyPlanets_Desc,"Prevents scout evasion behavior when exiting a wormhole onto a friendly planet.","使侦察机离开虫洞进入一个友军星球时不会逃离一段距离."
基础,ships.xml,SpaceTankII_Short,"Tank II","坦克II"
基础,ships.xml,CoreDrone_Short,"C:Drone","核:雄蜂"
基础,ships.xml,VorticularCutlassIV_Short,"Cutlass IV","弯刀IV"
基础,ships.xml,CoreAstroPlane_Full,"Core Astro Plane","核心星际飞机"
基础,ships.xml,Raider_Wave,"Raiders","入侵者"
基础,ships.xml,ScoutDrone_Short,"Scout I","侦察机I"
基础,ships.xml,MLRSII_Short,"MLRS II","多管火箭炮II"
基础,ships.xml,ArmorShip_Wave,"Armors","装甲"
基础,ships.xml,ForceFieldGenerator_Short,"FF-Gen II","力场II"
基础,ships.xml,GravitationalTurret_Short,"Grav I","重力I"
基础,ships.xml,BomberStarshipII_Short,"Star:Bomb II","星:轰炸II"
基础,ships.xml,DeflectorDroneII_Short,"Deflect II","偏导II"
基础,ships.xml,AdvancedResearchStation_Short,"Adv Research","高研所"
基础,ships.xml,CrystalManufactory_Short,"Cryst M.","水晶工厂"
基础,ships.xml,Ability_AttackMultipliedByTargetShields,"Attack Multiplied By Target Shields","攻击护盾伤害加成"
基础,ships.xml,MissileTurretII_Short,"Mssl Tur II","导弹塔II"
基础,ships.xml,LazerTurretII_Short,"Laser Tur II","镭射塔II"
基础,ships.xml,MunitionsBoosterIV_Full,"Munitions Booster Mark IV","火力增幅器IV型"
基础,ships.xml,InfiltratorIV_Short,"Infil IV","潜入IV"
基础,ships.xml,SpacePlaneIV_Full,"Space Plane Mark IV","太空飞机IV型"
基础,ships.xml,EtherJet_Short,"EtherJet I","牵引机I"
基础,ships.xml,AutocannonMinipodIV_Short,"Autocan IV","自动炮IV"
基础,ships.xml,Ability_Tele,"Teleports","瞬移"
基础,ships.xml,InfiltratorII_Full,"Infiltrator Mark II","潜入者II型"
基础,ships.xml,Fighter_Wave,"Fighters","歼击机"
基础,ships.xml,LazerGatlingIV_Short,"Laser IV","镭射IV"
基础,ships.xml,BomberStarshipIII_Short,"Star:Bomb III","星:轰炸III"
基础,ships.xml,OrbitalCommandStationHomeCoreII_Full,"Orbital Command Station Home Core Mark II","轨道指挥中心II型核心"
基础,ships.xml,RiotControlTractorI_Full,"Riot Control Tractor","防暴牵引机"
基础,ships.xml,Ability_Munitions,"Attack Power Boost For Allied Ships","火力增幅"
基础,ships.xml,HeavyBeamTurretIV_Short,"Heavy Beam IV","重型光束IV"
基础,ships.xml,SpiderIII_Full,"Spider Bot Mark III","蜘蛛III型"
基础,ships.xml,RiotControlLaserI_Desc,"Laser cannon module mountable on Riot Control Starships. 
Longer range than the machine gun and effective against larger and more heavily shielded targets, but much less effective against small ships. 
Cannot reduce engines below 25%.
Requires a light hardpoint.","防暴星舰上的镭射加农炮模块.
比机枪攻击范围更大,且对付大型目标和重型护盾的效率很高,但对付小型目标的效率不高.
无法将目标的引擎伤害到25%以下.
需要1个轻型炮挂点."
基础,ships.xml,BulletproofFighter_Short,"Bulletproof I","防弹I"
基础,ships.xml,VorticularCutlass_Short,"Cutlass I","弯刀I"
基础,ships.xml,ControlNodeSniperFocusFire_But,"Snipr
Focus","集狙"
基础,ships.xml,ControlNode_SinglePlanet_AutoBuildRebuilders_Desc,"The command station on this planet will automatically maintain one Remains Rebuilder.  Building multiple of this control node causes multiple rebuilders to be maintained at this planet. Replacement rebuilders will only be built if there are fewer than 100 mobile enemy ships on the planet.","您控制的这个指挥中心将自动保持这个星球残骸重建机的数量为一个.
建造多个控制指令将使得这个星球上保持的残骸重建机的数量为多个.
残骸重建机仅在星球上存在的敌人舰艇数少于100时被重建."
基础,ships.xml,ColonyShip_Full,"Colony Ship","殖民舰"
基础,ships.xml,ElectricShuttle_Short,"Shuttle I","穿梭机I"
基础,ships.xml,AntiArmorShipIV_Short,"Anti-Armor IV","反装甲IV"
基础,ships.xml,TractorBeamTurretIII_Full,"Tractor Beam Turret Mark III","牵引光束塔III型"
基础,ships.xml,MercenarySpaceDock_Full,"Mercenary Space Dock","雇佣兵太空兵工厂"
基础,ships.xml,TachyonScout_Desc,"The ultimate scout, firing its own tachyon beams while immune to the tachyon beams of enemies.
This makes the scout completely undetectable, but the tradeoff is that it is only able to move very slowly.","终级侦察机,发射其特有的速子射线以避开敌人的速子射线.
它完全无法被察觉到,但行动非常缓慢."
基础,ships.xml,HeavyBeamTurret_Desc,"Stationary defense platform mounting a massive long-range beam cannon.
The beam can vaporize multiple smaller craft in one blast, or do heavy damage to a larger target.","可以让多个小型目标一下子人间蒸发,也可以对一个大型目标造成可怕的伤害."
基础,ships.xml,ControlNodeSniperFocusFire_Short,"CN:Snipr Focus","指令:集中狙击"
基础,ships.xml,ControlNodeMakeFormationOffsetsSticky_But,"Stck
Form","密集"
基础,ships.xml,Ability_ReplicatesAtPointCount1,"Replicates Every ","复制每"
基础,ships.xml,AutocannonMinipodIII_Short,"Autocan III","自动炮III"
基础,ships.xml,FighterIII_Short,"Fighter III","歼击机III"
基础,ships.xml,MercenaryFighter_Desc,"Inexpensive, with a small attack range. Great against many smaller ships.  Also excellent against starships in numbers.
Identical to the Standard Fighter Mark II, except 10x more expensive and with no ship cap.","价格便宜,攻击范围小.对付小型机体有良好的效果.而且以群体对付星舰有极佳的效果.
机体性能与标准歼击机II型相同,虽然是原价的十倍,但并没有数量限制."
基础,ships.xml,ControlNodeNonSniperFocusFire_Desc,"Makes non-sniper units use an alternate autotargetting behavior to focus on maximizing rapid enemy casualties.  This behavior was developed for sniper units, so use with caution.","使非狙击部队集中力量尽可能地造成敌人的伤亡.
这个指令最适用于狙击单位,应用于非狙击单位前请三思."
基础,ships.xml,RaptorII_Full,"Raptor Mark II","猛禽II型"
基础,ships.xml,LightningTurret_Short,"Lightning Tur","闪雷塔I"
基础,ships.xml,ControlNodeReclaimedShipsRallyToRallyPost_Abbr,"Recl
Rally","重集"
基础,ships.xml,LazerGatling_Short,"Laser I","镭射I"
基础,ships.xml,ControlNode_SinglePlanet_AutoBuildEngineerIII_Desc,"The command station on this planet will automatically maintain one Mark III Engineer.  Building multiple of this control node causes multiple engineers to be maintained at this planet. Replacement engineers will only be built if there are fewer than 100 mobile enemy ships on the planet.","您控制的这个指挥中心将自动保持这个星球雄蜂工程师III型的数量为一个.
建造多个控制指令将使得这个星球上保持的雄蜂工程师III型数量为多个.
工程师III型仅在星球上存在的敌人舰艇数少于100时被重建."
基础,ships.xml,WormholeAI_Desc,"This one-way wormhole leads to somewhere outside the galaxy.
A mysterious force prevents your ships from going through.
This wormhole cannot be destroyed, and it will continue letting 
enemy ships into the galaxy until you finish off both AIs and win the war.","这个单行的虫洞通往星系外.
一股神秘的力量阻止了您进入虫洞.
外星虫洞永远不能被摧毁.除非您干掉了人工智能并赢得了游戏,否则它将源源不断地传送部队进入星系."
基础,ships.xml,TachyonDrone_Desc,"Weak, mobile ship reacts with nearby enemy cloaked ships, making them trackable for a short while.","弱小的舰艇.可发现附近的隐形敌舰,使它们在短时间内被追踪."
基础,ships.xml,SpecialForcesCommandPost_Full,"Special Forces Guard Post","特种部队据点"
基础,ships.xml,FighterIII_Full,"Standard Fighter Mark III","标准歼击机III型"
基础,ships.xml,ScienceLab_Short,"Science","科学"
基础,ships.xml,AIForceFieldIII_Short,"AI FF-Gen III","人工智能力场III"
基础,ships.xml,Sensor_Desc,"Provides better warning of incoming enemy warps to a planet.
Wormholes through which a warp will arrive will flash on the minimap, and will turn orange in the main view.","可以提前对敌人的入侵发出预警.
当敌人要通过虫洞跃迁时,小地图上虫洞图标将闪烁,并且在主界面中变成橙色."
基础,ships.xml,Dreadnought_Desc,"Slow artillery-style starship with very high range.
Excellent against starships, munitions boosters, fighters of all sorts, heavy defenses, and command stations.","装备攻击范围极大的慢射速火炮.
很擅长对付其他星舰,火力增幅器,所有战斗机与歼击机,重型防御设施及指挥中心."
基础,ships.xml,MissileTurretIII_Full,"Missile Turret Mark III","导弹塔III型"
基础,ships.xml,MicroFighter_Desc,"Tiny fighters best in swarms.  Reveals any cloaked enemy ships they come near.","微型战斗机最好是随舰队作战而不是单独行动.能发现附近隐形的敌人."
基础,ships.xml,TeleportBattleStation_Full,"Teleport Battle Station","瞬移战役站"
基础,ships.xml,IonCannonIII_Short,"Ion II","离子炮II"
基础,ships.xml,AdvancedFactory_Full,"Advanced Factory","高级兵工厂"
基础,ships.xml,BulletproofFighterII_Short,"Bulletproof II","防弹II"
基础,ships.xml,FlyingFortress_Full,"Fortress","机动要塞"
基础,ships.xml,AntiArmorShip_Short,"Anti-Armor I","反装甲I"
基础,ships.xml,PermaMine_Abbr,"P","重"
基础,ships.xml,HeavyBeamTurret_Full,"Heavy Beam Cannon","重型光束加农炮"
基础,ships.xml,IonCannonII_Wave,"Ion Cannons","离子加农炮"
基础,ships.xml,ShieldBearer_Desc,"Does relatively low damage, but has high health and provides a mini force field to protect allied ships.
Its force field does not reduce the attack power of protected ships.","攻击威力并不高,但机能很高且能在周围制造一个小型的力场护盾来保护附近的友军.
该力场护盾并不减少被保护的部队的火力."
基础,ships.xml,RiotControlStarshipII_Desc,"Specializes in disabling and destroying large numbers of weaker disturbances to the peace.
Redesigned to support an advanced electrical discharge weapon, but unable to sustain a tractor beam.
Has two light hardpoints, one advanced light hardpoint, two medium hardpoints, and one heavy hardpoint.","用来对付大量敌人的压制性兵器.
重新设计用来安装防暴电气枪,但因此不能再安装防暴牵引机.
拥有2个轻型炮挂点,1个高级轻型炮挂点,2个中型炮挂点,1个重型炮挂点."
基础,ships.xml,ControlNodeNonSniperFocusFire_Abbr,"NonSn
Focus","集攻"
基础,ships.xml,LightningMissile_Abbr,"Lit","闪"
基础,ships.xml,TractorBeamTurret_Full,"Tractor Beam Turret","牵引光束塔"
基础,ships.xml,Sniper_Short,"Sniper I","狙击手I"
基础,ships.xml,MissileTurretIII_Short,"Mssl Tur III","导弹塔III"
基础,ships.xml,Ability_ImmuneMunitions,"Immune To Attack Power Boosts","火力增幅无效"
基础,ships.xml,BeamStarshipFabricator_Desc,"Capturable construction unit that allows human players to build a single type of experimental starship at this one location.
This fabricator allows players to build: ","可占领的星舰工厂,占领后允许您建造某一种试验性星舰.
该工厂允许您建造:"
基础,ships.xml,EyeBot_Short,"Eye Bot I","监察机I"
基础,ships.xml,OmegaDrive_Desc,"Generates an incredible amount of resources, but also causes an incredible increase in AI Progress if lost.","产生多得令人难以置信的资源,但一旦被摧毁人工智能进度将大大提升."
基础,ships.xml,AutocannonMinipod_Short,"Autocan I","自动炮I"
基础,ships.xml,MetalHarvester_Desc,"Mines metal found amidst wreckage.  Build on top of energy capsules (white dots on minimap).","在残骸中发掘金属矿.必须建造在金属采集点上(小地图中的白点)."
基础,ships.xml,Ability_TransportP2,"Ships","部队"
基础,ships.xml,TractorBeamTurret_Short,"Tractor I","牵引I"
基础,ships.xml,ControlNodeAutoBuildRebuilders_Full,"Control Node: Auto-Build Remains Rebuilders","控制指令: 自动生产残骸重建机"
基础,ships.xml,Ability_AIProgressKillPenaltyAIOnly,"AI Progress If Killed (AI ONLY)","人工智能系统击杀惩罚(只适用于人工智能)"
基础,ships.xml,LeechStarshipIII_Full,"Leech Starship Mark III","吸血星舰III型"
基础,ships.xml,LeechStarship_Desc,"Reclaims enemy ships it kills (reclaimed ships have health = half damage inflicted by reclamator).
Very low main attack, but strikes huge numbers of ships at once (marking them for reclamation if any ship kills them).","能够操控它摧毁的战舰(被操控的战舰机能为吸血星舰造成的伤害的一半).
伤害很低,但是可以一次攻击大量的部队(被攻击的战舰被任意部队摧毁时也将被操控)."
基础,ships.xml,EngineerDroneII_Full,"Engineer Drone Mark II","雄蜂工程师II型"
基础,ships.xml,RiotControlTractorII_Full,"Riot Control Tractor II","防暴牵引机II型"
基础,ships.xml,TachyonScout_Full,"Scout Drone Mark IV","雄蜂侦察机IV型"
基础,ships.xml,AntiStarshipArachnid_Abbr,"A","反舰"
基础,ships.xml,CoreArmorShipFabricator_Abbr,"C Fab","核厂"
基础,ships.xml,RaidStarship_Short,"Star:Raid","星:突击I"
基础,ships.xml,Ability_Warp,"Warp Detection","星际跃迁探测器"
基础,ships.xml,OrbitalCommandStation_Desc,"Nerve center of every planetary base.  All other base buildings are created here.
Can only build one per planet (counting all players). Can be built at destroyed planets, but provide no supply there.","每一个行星基地的核心.所有其他基础建筑都是由它建造的.
每个星球只能建造一个(包括所有玩家).可建造在被摧毁的星球,但无法提供补给."
基础,ships.xml,InfiltratorII_Short,"Infil II","潜入I"
基础,ships.xml,AdvancedFactoryCore_Desc,"Manufacturing core spawned from an Advanced Factory.  
Allows human players other than the one capturing the system to construct Mark IV ships.  
Invulnerable but will be removed if the parent factory is destroyed.","从高级兵工厂制造的核心.
允许除了控制高级兵工厂外的人类玩家制造4型部队.
仅当母工厂被摧毁时被摧毁."
基础,ships.xml,AIForceFieldIII_Desc,"Creates a large mobile force field that provides protection without reducing attack power of ships underneath.
Attack with several dozen Mark III Bombers (or better) to destroy.
Bombers have a substantial bonus against these and other hardened targets.
Snipers, Sniper Turrets, Raid/Leech Starships, Infiltrators, EyeBots, Ion Cannons,
and Counter-Spies can move and fire through force fields as if they are not there.","产生一个大型可移动的力场护盾来保护附近的部队.从力场里向外攻击伤害不减少.
数十架III型(或更高级)轰炸机一起攻击即可摧毁它.
轰炸机对力场及其他掩蔽目标有伤害加成.
狙击手,狙击塔,入侵者,突击/吸血星舰,潜入者,监察机,离子加农炮,
以及反间谍塔可以无视力场进行移动和攻击."
基础,ships.xml,LightningTurretIII_Short,"Lightning Tur III","闪雷塔III"
基础,ships.xml,RiotControlStarshipIII_Desc,"Specializes in disabling and destroying large numbers of weaker disturbances to the peace.
Has three advanced light hardpoints, two medium hardpoints, and two heavy hardpoints.","用来对付大量敌人的压制性兵器.
拥有3个高级轻型炮挂点,2个中型炮挂点,2个重型炮挂点."
基础,ships.xml,ControlNodeNoRallyingToAlliedRallyPost_Desc,"Prevents your ships from rallying to allied rally posts; they will still rally to rally posts specifically owned by you.","使您的部队不自动集合到盟友的召集号处,但仍然会集合到您的召集号处."
基础,ships.xml,MunitionsBoosterIV_Short,"Munitions IV","增幅器IV"
基础,ships.xml,LazerTurret_Full,"Laser Turret","镭射塔"
基础,ships.xml,MercenaryBomber_Short,"Merc Bomber","雇佣轰炸机"
基础,ships.xml,MunitionsBoosterII_Short,"Munitions II","增幅器II"
基础,ships.xml,TurretIII_Full,"Basic Turret Mark III","基本炮塔III型"
基础,ships.xml,AITroopAccelerator_Desc,"Advanced AI technology allows the AI to add reinforcements to this planet at double the normal rate.
Destroying this causes the AI Progress to increase by 10.","高级人工智能技术使人工智能的增援速度为通常速度的2倍.
被摧毁时人工智能进度上升10点."
基础,ships.xml,SpaceDock_Short,"Dock","兵工厂"
基础,ships.xml,ControlNodeFRDLimitedTo80000_Short,"CN:FRD Mil","指令:巡逻限制8万米"
基础,ships.xml,TeleportBattleStationII_Short,"Tele-Station II","瞬移站II"
基础,ships.xml,ElectricShuttle_Full,"Electric Shuttle","电气穿梭机"
基础,ships.xml,CleanupDrone_Full,"Cleanup Drone","清理雄蜂"
基础,ships.xml,StealthCommandPost_Short,"Post (Stlth)","据点(隐形)"
基础,ships.xml,LightForceFieldGenerator_Desc,"Creates a small, mobile force field that provides protection for nearby ships.
Ships firing out from under the force field do 75% less damage than normal, so it is best to build defenses around the field.
Bombers have a substantial bonus against these and other hardened targets.
Snipers, Sniper Turrets, Raid/Leech Starships, Infiltrators, EyeBots, Ion Cannons,
and Counter-Spies can move and fire through force fields as if they are not there.","产生一个小型可移动的力场护盾来保护附近的部队.
部队从力场里向外攻击将只造成75%的伤害,所以最好是在力场周围建造防御设施.
轰炸机对力场及其他掩蔽目标有伤害加成.
狙击手,狙击塔,入侵者,突击/吸血星舰,潜入者,监察机,离子加农炮,
以及反间谍塔可以无视力场进行移动和攻击."
基础,ships.xml,Ability_CountersNegEnergy,"Counters Dark Matter","反暗物质"
基础,ships.xml,Ability_ClusterBonus1,"Cluster Attack Bonus x","群体攻击奖励 x"
基础,ships.xml,Ability_AdvWarp,"Advanced Warp Detection","高级星际跃迁探测器"
基础,ships.xml,CounterMissileTurret_Full,"Counter-Missile Turret","反导弹塔"
基础,ships.xml,LightningTurretII_Short,"Lightning Tur II","闪雷塔II"
基础,ships.xml,AvengerShield_Full,"Avenger Shield","复仇者力场"
基础,ships.xml,AstroTrainStation_Desc,"Waypoint for astro trains.  Destroy to re-route trains.","星际列车的车站.摧毁它将改变星际列车的移动路线."
基础,ships.xml,MLRSII_Full,"MLRS Mark II","多管火箭炮II型"
基础,ships.xml,ControlNodeEngineersDoNotAutoAssistAllies_Desc,"Prevents your engineers from automatically assisting any allied ships
(though you can still manually assign them to assist specific allied ships).","使您的工程师们不会自动协助维修友军单位
当然您可以手动控制他们进行维修工作."
基础,ships.xml,AntiArmorShip_Full,"Anti-Armor Ship","反装甲船"
基础,ships.xml,AstroTrainIII_Short,"Ast Train III","星际列车III"
基础,ships.xml,BomberStarshipIV_Full,"Bomber Starship Mark IV","轰炸星舰IV型"
基础,ships.xml,StealthTachyonBeamEmitter_Full,"Stealth Tachyon Beam Emitter","隐形速子发射器"
基础,ships.xml,TachyonBeamEmitter_Desc,"Stronger, fixed ship reacts with nearby enemy cloaked ships, making them trackable for a short while.","较强的舰艇.可发现附近的隐形敌舰,使它们在短时间内被追踪."
基础,ships.xml,MetalManufactory_Desc,"Expensive method for generating metal.  Useful when access to junk piles is limited.
Will normally pause and unpause itself to maintain an ideal economy without wasting your resources.
A control node can be built (from the CTRL tab of the build menu) to let you manually control this.","使用昂贵的方法制造金属.当金属紧缺时可能会很有用.
自动改变工作状态以保证不会浪费您的资源.也可以通过控制指令手动控制(通过建造菜单--控制选项)."
基础,ships.xml,Spider_Short,"Spider I","蜘蛛I"
基础,ships.xml,VampireClawIV_Short,"Vampire IV","吸血IV"
基础,ships.xml,ControlNodeDisableAutoManufactoryManagement_Short,"CN:!Auto Manu","指令:禁制作工厂自动"
基础,ships.xml,CommandPost_Full,"Guard Post","据点"
基础,ships.xml,SpacePlaneII_Short,"Plane II","飞机II"
基础,ships.xml,SniperTurret_Desc,"Long-range defense for planetary bases.
Also useful on offense, since it can fire through force fields.","远程行星基地防御设施.
进攻上也很有用,因为它的攻击可穿透力场."
基础,ships.xml,SpaceTugEngine33_Abbr,"E-33","引擎33"
基础,ships.xml,ParasiteIII_Full,"Parasite Mark III","寄生虫III型"
基础,ships.xml,ElectricShuttleIII_Short,"Shuttle III","穿梭机III"
基础,ships.xml,Ability_ReflectsIncomingAttacks,"Reflects Incoming Attacks","反弹来袭的攻击"
基础,ships.xml,SuperFortress_Full,"SuperFortress","超级要塞"
基础,ships.xml,Decloaker_Short,"Decloaker","反隐形仪"
基础,ships.xml,Sensor_Full,"Advanced Warp Sensor","高级星际跃迁探测器"
基础,ships.xml,ControlNodeAutoBuildEngineerI_Full,"Control Node: Auto-Build Engineers Mark I","控制指令: 自动生产工程师I型"
基础,ships.xml,SpacePlane_Full,"Space Plane","太空飞机"
基础,ships.xml,RiotControlShotgunII_Full,"""'Ave It!"" Riot Control Shotgun","防暴霰弹枪II型"
基础,ships.xml,ControlNodeAutoBuildEngineerII_Full,"Control Node: Auto-Build Engineers Mark II","控制指令: 自动生产工程师II型"
基础,ships.xml,CoreDrone_Full,"Core Drone","核心雄蜂"
基础,ships.xml,HarvesterExoShield_Desc,"Place on metal or crystal harvesters to create a tiny force field around them.
Attack with several dozen Mark I Bombers (or better) to destroy.
Bombers have a substantial bonus against these and other hardened targets.
Snipers, Sniper Turrets, Raid/Leech Starships, Infiltrators, EyeBots, Ion Cannons,
and Counter-Spies can move and fire through force fields as if they are not there.","为金属采矿厂或水晶采集厂创造一个微小的力场.
数十架I型(或更高级)轰炸机一起攻击即可摧毁它.
轰炸机对力场及其他掩蔽目标有伤害加成.
狙击手,狙击塔,入侵者,突击/吸血星舰,潜入者,监察机,离子加农炮,
以及反间谍塔可以无视力场进行移动和攻击."
基础,ships.xml,MunitionsBoosterIII_Short,"Munitions III","增幅器III"
基础,ships.xml,Ability_RequiresSupply,"Requires Supply","需要补给"
基础,ships.xml,RiotControlTractorII_Short,"RCTr II","牵引机II"
基础,ships.xml,RiotControlMachineGunI_Short,"RCMG I","防暴机枪I"
基础,ships.xml,BulletproofFighterIV_Short,"Bulletproof IV","防弹IV"
基础,ships.xml,BeamStarshipFabricator_Short,"Fab:","试验星舰工厂"
基础,ships.xml,Ability_ShieldBoostRange,"Range","范围"
基础,ships.xml,BeamStarshipFabricator_Abbr,"S Fab","试星"
基础,ships.xml,ScienceLabII_Desc,"Research and unlock new technologies.  Also gathers up to 2,000 knowledge per planet.
Costs much more than a regular lab, but is heavily armored to aid gathering in enemy territory.","研究并解锁新的科技.也可以用于收集知识,每个星球最多2000点.
比普通实验室建造成本高,但其重型装甲可帮助它到敌人的领地内收集知识."
基础,ships.xml,ControlNodeSniperFocusFire_Desc,"Makes units with infinite range (sniper turrets, snipers, etc) use an alternate autotargetting behavior to focus on maximizing rapid enemy casualties.","使攻击范围无限的部队(狙击手,狙击塔等)集中力量尽可能地造成敌人的伤亡."
基础,ships.xml,ScoutStarship_Desc,"Relatively low combat value, but is cloaked, emits tachyon beams, fires counter-sniper flares, and acts as a scout.","实战价值不高,但它是隐形的,并且能发射速子束,反狙击照明弹,也可进行侦察."
基础,ships.xml,ScoutDrone_Full,"Scout Drone","雄蜂侦察机"
基础,ships.xml,PermaMine_Full,"PermaMine","重复空雷"
基础,ships.xml,ControlNodeAutoBuildEngineerII_Desc,"Each command station you control will automatically maintain one Mark II Engineer
at each planet you control.  Building multiple of this control node causes multiple engineers to be maintained at each planet.
Replacement engineers will only be built if there are fewer than 100 mobile enemy ships on the planet.","每个您控制的指挥中心将自动保持每个星球雄蜂工程师II型的数量为一个.
建造多个控制指令将使得每个星球上保持的雄蜂工程师II型的数量为多个.
工程师II型仅在星球上存在的敌人舰艇数少于100时被重建."
基础,ships.xml,IonCannonIII_Wave,"Ion Cannons","离子加农炮"
基础,ships.xml,DeflectorDrone_Wave,"Deflector Drones","偏导雄蜂"
基础,ships.xml,RaidStarshipIII_Full,"Raid Starship Mark III","突击星舰III型"
基础,ships.xml,TractorBeamTurretII_Short,"Tractor II","牵引II"
基础,ships.xml,Raptor_Full,"Raptor","猛禽"
基础,ships.xml,ControlNodeAutoBuildEngineerIII_But,"Auto
Eng3","工3"
基础,ships.xml,SpiderTurret_Full,"Spider Turret","蜘蛛狙击塔"
基础,ships.xml,AIForceFieldIII_Full,"AI Force Field Generator Mark III","人工智能力场产生器III型"
基础,ships.xml,ControlNodeEngineersDoNotAutoAssistQueues_Abbr,"!Eng
Qs","停协"
基础,ships.xml,ControlNodeReclaimedShipsRallyToRallyPost_Desc,"Makes ships reclaimed by you automatically rally to one of your rally posts in the system (if any).","使您的部队重新集合到我军的召集号上,只要星系内有我们的召集号就有效."
基础,ships.xml,OrbitalCommandStationHome_Full,"Orbital Command Station - Home Planet","轨道指挥中心-母星"
基础,ships.xml,PlanetaryCloaker_Short,"Planet Cloak","隐形仪"
基础,ships.xml,Ability_AttackParalysisTime,"Attack Paralyzes x","攻击瘫痪时间 x"
基础,ships.xml,LazerTurretII_Full,"Laser Turret Mark II","镭射塔II型"
基础,ships.xml,LeechStarship_Full,"Leech Starship","吸血星舰"
基础,ships.xml,Raptor_Wave,"Raptors","猛禽"
基础,ships.xml,Mine_Desc,"Enemy ships coming too close to these invisible traps will incur heavy damage.
The mine is also destroyed in the process.","这些隐形的陷阱将对靠近的敌方部队造成很大的伤害.
爆炸后自身也被摧毁."
基础,ships.xml,HeavyBeamTurretIV_Full,"Heavy Beam Cannon Mark IV","重型光束加农炮IV型"
基础,ships.xml,SpaceTugEngine100_Short,"Tug Engine100","拖曳引擎100"
基础,ships.xml,AIForceFieldII_Full,"AI Force Field Generator Mark II","人工智能力场产生器II型"
基础,ships.xml,RaidStarship_Desc,"Small, lightning-fast starship with powerful lasers.  Excellent for long-range raiding.
Can pass/shoot through force fields, and is exceptional at destroying force fields.","快如闪电的星舰,装备强大的激光武器.适合对敌军进行远程打击.
它可以通过力场,它的攻击可以穿透力场,而且善于破坏力场."
基础,ships.xml,IonCannonII_Short,"Ion I","离子炮I型"
基础,ships.xml,SniperIV_Short,"Sniper IV","狙击手IV"
基础,ships.xml,EyeBot_Wave,"Eye Bots","监察机"
基础,ships.xml,ControlNodeNoRallyingToAlliedRallyPost_Full,"Control Node: No Rallying to allied Rally Posts","控制指令: 不集合到盟友的召集号"
基础,ships.xml,Bomber_Full,"Heavy Bomber","重型轰炸机"
基础,ships.xml,CoreStarship_Full,"Core Starship","核心星舰"
基础,ships.xml,IonCannonIII_Full,"Ion Cannon Mark II","离子加农炮II型"
基础,ships.xml,ControlNodeAutoBuildEngineerI_But,"Auto
Eng1","工1"
基础,ships.xml,StarshipConstructor_Abbr,"Star","星"
基础,ships.xml,LazerGatling_Full,"Laser Gatling","镭射加特林"
基础,ships.xml,LeechStarshipIII_Short,"Star:Leech III","星:吸血III"
基础,ships.xml,ScienceLabII_Short,"Science II","科学II"
基础,ships.xml,MercenaryCruiser_Full,"Mercenary Missile Frigate","雇佣导弹巡洋舰"
基础,ships.xml,EyeBotIV_Full,"Eye Bot Mark IV","监察机IV型"
基础,ships.xml,Sniper_Full,"Sniper","狙击手"
基础,ships.xml,MetalManufactory_Short,"Metal M.","金属工厂"
基础,ships.xml,RiotShieldI_Full,"Riot Shield","防暴盾"
基础,ships.xml,ControlNodeSniperFocusFire_Full,"Control Node: Sniper Focus Fire","控制指令: 狙击单位集中火力"
基础,ships.xml,RiotControlShotgunI_Desc,"Multi-shot crowd-control weapon.  
Fires at medium range and does engine damage.  Not as effective against strong shields.
Cannot reduce engines below 25%.
Requires a medium hardpoint.","同时发射多个子弹进行攻击.
攻击范围适中,对引擎有伤害.对付重型护盾效果并不高.
无法将目标的引擎伤害到25%以下.
需要1个中型炮挂点."
基础,ships.xml,AntiArmorShipII_Full,"Anti-Armor Ship Mark II","反装甲船II型"
基础,ships.xml,LeechStarshipII_Short,"Star:Leech II","星:吸血II"
基础,ships.xml,RaidStarshipII_Short,"Star:Raid II","星:突击II"
基础,ships.xml,ControlNodeNonSniperFocusFire_But,"NonSn
Focus","集攻"
基础,ships.xml,ControlNodeEngineersDoNotAutoAssistAllies_Short,"CN:No-Team Engs","指令:暂停修理友军"
基础,ships.xml,MLRSTurret_Full,"MLRS Turret","多管火箭炮塔"
基础,ships.xml,EngineerDroneIII_Short,"Engineer III","工程师III"
基础,ships.xml,ScoutStarship_Full,"Scout Starship","侦察星舰"
基础,ships.xml,AIForceField_Full,"AI Force Field Generator","人工智能力场产生器"
基础,ships.xml,LightningMissile_Short,"Lit Warhead","闪雷弹"
基础,ships.xml,EnergyReactorII_Full,"Energy Reactor Mark II","能源反应装置II型"
基础,ships.xml,VampireClaw_Wave,"Vampire Claws","吸血爪"
基础,shiptypes.xml,Counter_Turret,"Counter Turret","反塔"
基础,shiptypes.xml,Force_Field,"Force Field","力场"
基础,shiptypes.xml,Electric_Shuttle,"Electric Shuttle","电气穿梭机"
基础,shiptypes.xml,Cutlass,"Cutlass","弯刀"
基础,shiptypes.xml,ControlNode,"Control Node","控制指令"
基础,shiptypes.xml,Bomber_Starship,"Bomber Starship","轰炸星舰"
基础,shiptypes.xml,None,"None","没有"
基础,shiptypes.xml,Energy,"Energy","能量"
基础,shiptypes.xml,Constructor,"Constructor","兵工厂"
基础,shiptypes.xml,Eye_Bot,"Eye Bot","监察机"
基础,shiptypes.xml,Anti_Armor,"Anti Armor","反装甲"
基础,shiptypes.xml,Bomber,"Bomber","轰炸机"
基础,shiptypes.xml,FabricatorCore,"Fabricator - Core","兵工厂核心"
基础,shiptypes.xml,Raptor,"Raptor","猛禽"
基础,shiptypes.xml,Command_Post,"Guard Post","据点"
基础,shiptypes.xml,Mine,"Mine","空雷"
基础,shiptypes.xml,Colony_Ship,"Colony Ship","殖民舰"
基础,shiptypes.xml,Grav_Turret,"Grav Turret","重力塔"
基础,shiptypes.xml,Sniper,"Sniper","狙击手"
基础,shiptypes.xml,Fleet_Starship,"Fleet Starship","指挥星舰"
基础,shiptypes.xml,Basic_Turret,"Basic Turret","基本炮塔"
基础,shiptypes.xml,Armored,"Armored","装甲"
基础,shiptypes.xml,Tank,"Tank","坦克"
基础,shiptypes.xml,Parasite,"Parasite","寄生虫"
基础,shiptypes.xml,Sniper_Turret,"Sniper Turret","狙击塔"
基础,shiptypes.xml,Doomsday,"Doomsday","灭世武器"
基础,shiptypes.xml,Planetary_Cloaker,"Planetary Cloaker","行星隐形仪"
基础,shiptypes.xml,Experimental,"Experimental","试验性部队"
基础,shiptypes.xml,Train_Station,"Train Station","星际列车站"
基础,shiptypes.xml,Infiltrator,"Infiltrator","潜入者"
基础,shiptypes.xml,Science,"Science","科技"
基础,shiptypes.xml,EtherJet,"EtherJet","以太喷射牵引机"
基础,shiptypes.xml,Attrition_Emitter,"Attrition Emitter","耗损脉冲发射器"
基础,shiptypes.xml,Bulletproof,"Bulletproof","防弹"
基础,shiptypes.xml,Vampire,"Vampire","吸血爪"
基础,shiptypes.xml,Engineer,"Engineer","工程师"
基础,shiptypes.xml,Missile_Turret,"Missile Turret","导弹塔"
基础,shiptypes.xml,Length,"Length","长度"
基础,shiptypes.xml,FabricatorExperimentalStarship,"Fabricator - Exp Starships","试验星舰兵工厂"
基础,shiptypes.xml,Advanced_Factory,"Advanced Factory","高级兵工厂"
基础,shiptypes.xml,Fighter,"Fighter","歼击机"
基础,shiptypes.xml,FabricatorExperimental,"Fabricator - Experiment","试验兵工厂"
基础,shiptypes.xml,HeavyBeamTurret,"Heavy Beam Cannon","重型光束加农炮"
基础,shiptypes.xml,MLRS_Turret,"MLRS Turret","多管火箭炮塔"
基础,shiptypes.xml,Lightning_Turret,"Lightning Turret","闪雷塔"
基础,shiptypes.xml,Manufactory,"Manufactory","制造工厂"
基础,shiptypes.xml,Raider,"Raider","入侵者"
基础,shiptypes.xml,Advanced_Research,"Advanced Research","高级研究所"
基础,shiptypes.xml,ShipModule,"Ship Module","部队模块"
基础,shiptypes.xml,Teleport_Station,"Teleport Station","瞬移战役站"
基础,shiptypes.xml,Astro_Train,"Astro Train","星际列车"
基础,shiptypes.xml,Ion_Cannon,"Ion Cannon","离子加农炮"
基础,shiptypes.xml,Tractor_Beam,"Tractor Beam","牵引光束"
基础,shiptypes.xml,Cloaked,"Cloaked","隐形"
基础,shiptypes.xml,Heavy_Defense,"Heavy Defense","重型防御设施"
基础,shiptypes.xml,MLRS,"MLRS","多管火箭炮"
基础,shiptypes.xml,Gate,"Gate","星门"
基础,shiptypes.xml,Remains,"Remains","残骸"
基础,shiptypes.xml,Launched_Missile,"Warhead","弹头"
基础,shiptypes.xml,Teleport_Raider,"Teleport Raider","瞬移入侵者"
基础,shiptypes.xml,Sensor,"Sensor","探测器"
基础,shiptypes.xml,Leech_Starship,"Leech Starship","吸血星舰"
基础,shiptypes.xml,Crystal,"Crystal","水晶"
基础,shiptypes.xml,Scout_Starship,"Scout Starship","侦察星舰"
基础,shiptypes.xml,ExperimentalStarship,"Exp Starship","试验性星舰"
基础,shiptypes.xml,Deflector,"Deflector","偏导雄蜂"
基础,shiptypes.xml,Lazer_Gatling,"Laser Gatling","镭射加特林"
基础,shiptypes.xml,Captive_Settlement,"Captive Settlement","俘虏集中营"
基础,shiptypes.xml,Marauder,"Marauder","海盗"
基础,shiptypes.xml,Starship_All,"Starship All","全部星舰"
基础,shiptypes.xml,SuperFortress,"SuperFortress","超级要塞"
基础,shiptypes.xml,Autocannon,"Autocannon","自动加农炮"
基础,shiptypes.xml,Cruiser,"Frigate","巡洋舰"
基础,shiptypes.xml,Turret_All,"Turret All","全部炮塔"
基础,shiptypes.xml,Command_Station_Core,"Command Station Core","指挥中心核心"
基础,shiptypes.xml,MicroFighter,"MicroFighter","微型战斗机"
基础,shiptypes.xml,Spider,"Spider","蜘蛛"
基础,shiptypes.xml,Transport,"Transport","运输"
基础,shiptypes.xml,Alien_Starship,"Alien Starship","外星星舰"
基础,shiptypes.xml,PermaCloaked,"Perma-Cloaked","重复隐形"
基础,shiptypes.xml,Resource,"Resource","资源"
基础,shiptypes.xml,Troop_Accelerator,"Troop Accelerator","部队加速器"
基础,shiptypes.xml,Plane,"Plane","飞机"
基础,shiptypes.xml,Counter_Spy,"Counter Spy","反间谍塔"
基础,shiptypes.xml,Raid_Starship,"Raid Starship","突击星舰"
基础,shiptypes.xml,RallyPost,"Rally Post","召集号"
基础,shiptypes.xml,Data_Center,"Data Center","数据中心"
基础,shiptypes.xml,Avenger,"Avenger","复仇者"
基础,shiptypes.xml,Munitions,"Munitions","火力增幅器"
基础,shiptypes.xml,ResistanceFighter,"Resistance Fighter","盟军-反抗军"
基础,shiptypes.xml,Shield,"FF Bearer","力场承载器"
基础,shiptypes.xml,Scout,"Scout","侦察机"
基础,shiptypes.xml,Metal,"Metal","金属"
基础,shiptypes.xml,Laser_Turret,"Laser Turret","镭射塔"
基础,shiptypes.xml,Dreadnought,"Dreadnought","无畏舰"
基础,shiptypes.xml,Command_Station,"Command Station","指挥中心"
基础,techs.xml,CategoryIIthruIII_Description,"Second and third tier of technologies for upgrading offensive capabilities.","升级此技术能提高您的部队战斗能力。"
基础,techs.xml,CategoryControlNodes_Description,"Technologies for unlocking new ways of altering how your civilization works.","升级此技术能获得新的部队指挥命令。"
基础,techs.xml,CategoryDefense_Button,"DEF","防御"
基础,techs.xml,CategoryTurret_Name,"Turret Technologies","炮塔技术"
基础,techs.xml,CategoryStarship_Name,"Starship Technologies","星舰技术"
基础,techs.xml,CategoryTurret_Button,"TUR","炮塔"
基础,techs.xml,CategoryStarship_Button,"STAR","星舰"
基础,techs.xml,CategoryDefense_Description,"Technologies for upgrading your non-turret defensive capabilities.","升级此技术能增强您的非炮塔防御设施。"
基础,techs.xml,None,"None","没有"
基础,techs.xml,CategoryDefense_Name,"Defense Technologies","防御技术"
基础,techs.xml,Unlock,"Unlock","解锁"
基础,techs.xml,CategoryEconomy_Name,"Economic Technologies","经济技术"
基础,techs.xml,CategoryStarship_Description,"Technologies for unlocking new kinds of starships.","升级此技术能取得新型星舰。"
基础,techs.xml,CategoryControlNodes_Button,"CTRL","控制"
基础,techs.xml,CategoryEconomy_Button,"ECON","经济"
基础,techs.xml,CategoryIIthruIII_Button,"I-III","开发"
基础,techs.xml,CategoryTurret_Description,"Technologies for upgrading your turrets.","升级此技术能加强您的炮塔。"
基础,techs.xml,CategoryEconomy_Description,"Technologies for upgrading your economic capabilities.","升级此技术能增快您的经济发展。"
基础,techs.xml,CategoryIIthruIII_Name,"Mark II-III Offensive Technologies","取得II-III型的机体"
基础,techs.xml,CategoryControlNodes_Name,"Control Nodes","控制技术"
基础,tutorialsteps.xml,Int_Attack4_4a,"COLONY-HOPPING:  Once you have destroyed the command station on ","跃迁突袭：一旦您摧毁了"
基础,tutorialsteps.xml,Bas_BuildEng_4,"     1. Left-click your Command Station (or press the B key) and go to the ECON tab.
     2. Left-click the button labeled Engineer.
     3. Hold Ctrl and Left-click to place 5 new Engineers somewhere near your in-progress Lab.","1、左键单击您的指挥中心（或按下B键）并切换到经济选项卡。
     2、左键单击工程师的按钮（第三排从左数第一个）。
     3、按下Ctrl键并用左键单击放置可以一次性开始建造5个工程师（建议放置在实验室附近）。"
基础,tutorialsteps.xml,Bas_RIndicate_1,"First, take a look at your resource indicators:","首先，看一看您的资源指示器："
基础,tutorialsteps.xml,Int_IncWaves49_2,"1. Double-waves occur every so often in regular campaigns.  They have twice as many ships as usual.
2. The AI Progress has reached a point where waves are now Mark II.","1、双倍攻势在正常游戏里是相当经常发生的。此攻势敌人的部队数将是通常的两倍。
2、人工智能进度已经增加到使人工智能开始使用II型部队了。"
基础,tutorialsteps.xml,Bas_BuildMili_3,"Assign your Engineer to double construction speed at your Dock.","[必选任务1]让您的工程师加速部队建造。"
基础,tutorialsteps.xml,Bas_Capture_2,"     Find your Colony Ship and use it to build a new Command Station anywhere you like on this planet.
     That's all there is to it, now that the enemy Command Station is gone!","找到您的殖民舰，使用它在当前行星建造一个新的指挥中心。
     一旦敌人的指挥中心被摧毁了，您就可以开始建造您的指挥中心了！"
基础,tutorialsteps.xml,Int_Start_6,"     Often this works best for distant planets when sending them in pairs or larger groups.","通常派遣大群侦察机来侦察远处的行星效果更好。"
基础,tutorialsteps.xml,Int_Attack4_4c," and sneak it over.","行星，并悄悄地占领它。"
基础,tutorialsteps.xml,Int_Intel2_2d," is blocking our path forward, so that must be our next target.","行星挡住了我们的前进路线，我们的下一个目标就是它了。"
基础,tutorialsteps.xml,Bas_GoToEnemy_2,"     TIP:  While in the main planetary view, you can also hold Ctrl while left-clicking a wormhole to go through it.","提示：在行星视图下，您也可以按住Ctrl键并用左键单击一个虫洞来切换到虫洞对面行星的视图。"
基础,tutorialsteps.xml,Int_Rules_5,"     This means that you will never be rushed for time unless we first give you warning.","这意味着除非我们警告了您，否则大部分时间内您都不会被打扰。"
基础,tutorialsteps.xml,Int_IncWaves49_1c,".  Prepare and defend!","行星。准备防御！"
基础,tutorialsteps.xml,Bas_Beachhead_2c," (both are under the CONST tab).","行星上建造一个星舰兵工厂和一个太空兵工厂（都在工厂选项卡下，从左数第四个与第二个）。"
基础,tutorialsteps.xml,Int_Attack4_2a,"We want to bypass ","我们想要跳过"
基础,tutorialsteps.xml,Int_Scout9_2,"- Gate-raids can be very difficult to pull off, depending on the level of the planet, but they are often an invaluable strategy.
- Destroying the gate will NOT prevent the AI from reinforcing itself at a given planet, nor will it prevent the small number of ships
  which wander into your planets from adjacent enemy planets (normally you destroy Special Forces Guard Posts for that).","-星门突击通常需要付出很大的代价，但回报是很值得的。
-摧毁敌人的星门既不会阻止敌人对特定行星的增援，也不会阻止相邻行星敌人的骚扰。"
基础,tutorialsteps.xml,Bas_MoveLabs_1,"Excellent!  Your crystal income will be much better in a few moments.
Remember how we said Knowledge was finite, though?","棒极了！您的水晶收入将显著增加。
我们前面提到，知识是游戏中唯一一种有限的资源，还记得吧？"
基础,tutorialsteps.xml,Int_Closing_2,"Real campaigns work pretty much like this, except the AI is a lot more tenacious and you never know what you'll find on the galaxy map.
There's a lot out there to discover, but you should be able to cope if you use the techniques you've learned here.
Try different AI types and use more complex ship types for even MORE variety.  There are nearly a trillion possible campaigns.
Good luck!","正常游戏与中级教程差不多，除了敌人会有更多类型，而且您永远也不知道您会在星系视图上发现什么。
游戏中有很多需要探索的，依靠在这里学到的技巧您应该可以应对得了它们。
您可以尝试不同的人工智能类型，不同类型的部队。可能有成千上万个不同的关卡。
祝您好运！"
基础,tutorialsteps.xml,Bas_Capture_1,"Time To Capture This Planet!","[必选任务]占领这个行星！"
基础,tutorialsteps.xml,Bas_DockLoop_4,"     1. While the Space Dock is selected, click the little arrow button on the topmost row of buttons.
     This will cause the Space Dock to repeatedly build whatever you put in its queue.","选中兵工厂，用左键单击单位列表左上角的向左箭头的按钮。
     这样兵工厂将重复建造队列里的部队。"
基础,tutorialsteps.xml,Bas_BuildCrys_1,"Excellent!  Your metal income will be much better in a few moments.","做得好！您的金属收入将显著增加。"
基础,tutorialsteps.xml,Bas_ARSInfo_1,"You've captured an Advanced Research Station!","占领行星的同时，您也占领了这个行星上的高级研究所。"
基础,tutorialsteps.xml,Bas_BackToGalMap_2,"While we wait for it to arrive, let's go back to the Galaxy View (TAB).","[必选任务]让我们先回到星系视图（按TAB键）。"
基础,tutorialsteps.xml,Int_Intel2_5c,".","行星。"
基础,tutorialsteps.xml,Bas_Attack_4,"     - Your ships won't attack those sorts of capturable ships unless you tell them to.
     - Similarly, they will not attack command stations or warp gates unless you tell them to.","-您的部队除非得到命令，否则不会自动攻击这些可占领的单位。（实际上您无法攻击它们）
     -同样地，他们也不会自动攻击指挥中心和星门。"
基础,tutorialsteps.xml,Bas_PlanetSum_3,"     Sometimes the enemy will have a kind of ship you've never seen before, and this is how you find out what to do about it.","有时敌人拥有一些您之前未见过的单位，通过行星总结您可以发现对付它们的方法。"
基础,tutorialsteps.xml,Bas_BuildEng_3,"Science Labs take a while to build.  Let's speed that up by building five more engineers.","[必选任务]科学实验室的建造需要不少时间。让我们建造5个工程师来加速它的建造。"
基础,tutorialsteps.xml,Int_Attack10_2,"     1. Send a strike group with at least 10-20 each of fighters, bombers, and frigates for maximum effect.
     2. Also send scouts so that the planetary summary (on the right of your screen) will include enemy ships on planets you don't control.","1、派遣一支至少由10~20艘歼击机、轰炸机和巡洋舰组成的舰队以达到最好的效果。
     2、先派遣侦察机进行侦察，这样在行星总结里您就能看到敌人的单位了。"
基础,tutorialsteps.xml,Int_Attack10_5b," after capturing it.","行星之后，不要忘记采集上面的各种资源。"
基础,tutorialsteps.xml,Bas_MetalPoor_3,"     - Metal is an important construction resource -- it's used in building most ships.
TIP: Often at the start of games its good to wait before adding more Science Labs, since they're so expensive.","-金属是一种重要的资源--大部分单位的建造都需要金属。
提示：游戏一开始最好不要建造太多科学实验室，因为它们相当昂贵。"
基础,tutorialsteps.xml,Int_Attack9_1a,"Excellent!  If you look at the intel summary on the galaxy map, you will see that ","很好！如果您查看星系视图的话，您会发现"
基础,tutorialsteps.xml,Bas_BuildMetl_2,"     1. Go to the ECON tab of your Command Station.
     2. Hold Ctrl and Left-click the button labeled Metal Harvester.","1、选择指挥中心，并选中经济选项卡。
     2、按下Ctrl键并用左键单击金属采矿厂的按钮（第三排从左数第二个）。"
基础,tutorialsteps.xml,Int_Wel_3,"You'll also learn important techniques such as wormhole defense, gate-raiding, colony-hopping,
  scout/bomber covering, deep striking, ion-smashing, and knowledge stealing.","您将学到很多重要技巧，例如虫洞防御，星门突击，跃迁突袭，掩护侦察机/轰炸机，
  深入打击，离子炮强袭与强行收集知识。"
基础,tutorialsteps.xml,Int_ScoutRem_3d," -- bombers would be best here.","行星上开始建造--在这里轰炸机最适合。"
基础,tutorialsteps.xml,Bas_BuildMili_4,"     1. Select the Engineer, then right-click the Dock (the Engineer must first be finished building itself).","选择工程师，然后右键单击兵工厂。
     工程师在未被给予命令时，将自动加速建造或进行修理。"
基础,tutorialsteps.xml,Int_Intel2_4b,".","行星上做的一样。"
基础,tutorialsteps.xml,Int_Scout9_3,"We HAVE just assured that the AI will never again be able to warp an attack directly into our home planet, though.","但敌人将永远不会直接对您的相邻行星发动攻势了。"
基础,tutorialsteps.xml,Int_Scout6_1,"Assuming that you have been building ships this entire time at a space dock or two, you should now have 300-600 ships.","如果您一直在建造舰艇的话，您现在应该有300~600艘舰艇了。"
基础,tutorialsteps.xml,Int_Attack5_1c," has an advanced factory!
We can win the game by destroying the AI home planet command station, but that will be easier if we have an Advanced Factory.","行星有一个高级兵工厂！
您可以摧毁敌人的母星指挥中心而胜利，但如果拥有一个高级兵工厂，您会更加轻松！"
基础,tutorialsteps.xml,Bas_2Wel_3,"     Resources And Costs
     There isn't any money in this game.  ""Costs"" refer to how much of the above resources are required.","资源与支出
     游戏里并没有所谓的“钱”。“支出”指的是对各种资源的需求量。"
基础,tutorialsteps.xml,Bas_BuildClny_1,"To save time, we've made 90 Bombers and Frigates, a Light Starship, and a Mark II Reactor for you.","为了节约时间，我们直接给您90艘轰炸机和巡洋舰，1艘轻型星舰，1个能源反应装置II型。"
基础,tutorialsteps.xml,Bas_MovScout_3a,"Send your scout over to the ","[必选任务]让您的侦察机向"
基础,tutorialsteps.xml,Bas_Mission_3,"Mission Summary","任务目标"
基础,tutorialsteps.xml,Bas_SelLab_2,"Let's take a moment to unlock a new technology.","[必选任务]让我们解锁一个新技术。"
基础,tutorialsteps.xml,Bas_Beachhead_3,"TIP: For the purposes of this tutorial, enemy ships won't attack you unless provoked.
       In a real game, you'd need to bring some sort of military support along with your constructor.","提示：在这个教程中人工智能的部队不会主动攻击您。
     在正常游戏中，您需要派遣部队来保护机动兵工厂。"
基础,tutorialsteps.xml,Bas_Scouting_1b,".","行星的信息吧。"
基础,tutorialsteps.xml,Bas_BuildExo_3,"TIP:  If you ever build a ship that you later don't want, you can select it and hit the Delete key to scrap it.","提示：如果您不需要某个单位了，您可以选中它并按下Delete键来将它废弃。"
基础,tutorialsteps.xml,Int_Attack4_3a,"     1. Send any ships not guarding your science labs on ","1、让所有在"
基础,tutorialsteps.xml,Bas_SwitchView_1,"Let's go back to our scout.","让我们切回到行星视图吧。"
基础,tutorialsteps.xml,Int_Defense_4,"In case some enemy ships do break through your wormhole defenses, you might want to build some turrets near your command station.","为了防止敌人部队突破您的虫洞防御，您最好能在指挥中心附近也建造一些炮塔。"
基础,tutorialsteps.xml,Int_About_6,"     - If you have conserved knowledge throughout this tutorial, this should give you enough to unlock one more Mark III tech.","-如果您在教程中没有浪费知识解锁其他科技，您应该有足够的知识来解锁更多III型部队了。"
基础,tutorialsteps.xml,Int_AttackH_2a,"If you attack the Command Station then the other ships on the planet will come to help it.
You may want to pick off the surrounding guard posts before taking on the final command station.
DEEP STRIKING: You really have no reason to take ","如果您攻击了敌人的指挥中心，行星上其他所有敌人都会出动来护卫它。
在攻击敌人的母星指挥中心前，让我们先把行星上的据点逐一摧毁吧。
深入打击：您没有占领"
基础,tutorialsteps.xml,Bas_BuildMili_5,"Build one each of Mark I Fighter, Bomber, and Frigate.","[必选任务2]建造歼击机、轰炸机、巡洋舰各1艘。"
基础,tutorialsteps.xml,Int_Knowl3_3d,".
     - If you have fewer than 3-4 labs, you might want to build more in order to steal the knowledge more quickly.
     - In a real game, you would have to contend with wandering ships and AI reinforcements while stealing knowledge
       (so guarding the labs in enemy territory is key), but we'll skip that in this tutorial.","行星。
     -如果您的实验室数少于3到4个，您可能需要建造更多来加快收集速度。
     -正常游戏中，当强行收集知识时，您需要对付敌人游荡的部队和增援。但在这个教程中我们跳过了它。"
基础,tutorialsteps.xml,Bas_RIndicate_4,"     1. The top row shows you how much of each resource you've accumulated (and can now spend).
     2. The bottom row shows you your per-second income of each resource, as well as how many
          gather points are going unused for each (more on that later).","1、第一行显示您目前积累（并且可以使用）的某种资源总量。
     2、第二行显示了某种资源每秒的产量。
     3、在右边可能会出现带括号的数字，这代表了您有多少未使用的采集点。"
基础,tutorialsteps.xml,Bas_BuildLab_2,"     Knowledge is used for unlocking new technologies, which we'll get to later.","知识是用来解锁新的技术的，之后我们会尝试解锁技术。"
基础,tutorialsteps.xml,Int_GateRaid1_3b," insta-kills low-level ships, but it fires slowly and so bringing extra ships gives our bombers cover.","行星上的离子炮能一击必杀低级部队，但它攻击缓慢，所以派遣其他部队以掩护轰炸机。"
基础,tutorialsteps.xml,Bas_2Wel_2,"Welcome!  Here you'll learn some useful skills on how to manage your inflows and outflows
of Metal, Crystal, Knowledge, and Energy.","欢迎您！在这里您将学到如何管理您的资源。"
基础,tutorialsteps.xml,Int_Attack10_1b,".","行星。"
基础,tutorialsteps.xml,Int_Intel2_2a,"You'll notice that neither ","您可以看到"
基础,tutorialsteps.xml,Bas_MovScout_2b,".","行星的虫洞。"
基础,tutorialsteps.xml,Bas_Mission_2,"     You can hover over the elements we're about to discuss to get more info on them.","您可以将鼠标指针停在我们提到的项目上来获取更多信息。"
基础,tutorialsteps.xml,Bas_MovScout_2a,"That's a wormhole leading to the enemy planet ","那就是通向敌人"
基础,tutorialsteps.xml,Bas_1Wel_1,"Basic Tutorial 1: Exploring The Galaxy","基础教程1：探索星系"
基础,tutorialsteps.xml,Bas_MoveLabs_2a,"     - Your Science Labs have now extracted all the Knowledge they can from this one planet,
       and will need to be moved to another planet in order for you to have any Knowledge income.
     - No matter how many labs you build, you can only gather ","-您的科学实验室已经收集了当前行星所有知识，需要到其他行星上收集知识。
     -不管建造了多少个科学实验室，您在每个行星上只能收集总计"
基础,tutorialsteps.xml,Int_ScoutRem_3a,"2. If your science labs are exhausted on ","2、如果您位于"
基础,tutorialsteps.xml,Bas_DataCntr_1,"If you have not already done so, destroy the Data Center on this planet.","[必选任务]如果您还没有这么做，那么请摧毁这个行星上敌人的数据中心。"
基础,tutorialsteps.xml,Int_Attack4_4b,", build a colony ship on ","行星上的指挥中心，派1艘殖民舰到"
基础,tutorialsteps.xml,Bas_BuildMobl_1,"To build ships on a planet you don't own, you'll need to use a Mobile Builder.","想要在不属于您的行星建造单位，您需要使用机动兵工厂。"
基础,tutorialsteps.xml,Bas_ARSInfo_2a,"     - By doing so you've now unlocked the ","-由于占领了高级研究所，您现在解锁了"
基础,tutorialsteps.xml,Int_GateRaid1_2,"1. Gather at least 50 bombers and 200 other ships on your home planet, taking them from your other planets if need be.","1、在母星上集结至少50艘轰炸机与200艘其他类型的部队，如果有必要，可以从其他行星派部队过去。"
基础,tutorialsteps.xml,Int_Scout6_3c,", where there are hostile wormholes.","行星上建立虫洞防御，以防御敌人的骚扰。"
基础,tutorialsteps.xml,Int_Attack4_3d," to build space dock(s) and turrets as a beachhead.","建造太空兵工厂和炮塔来作为根据地。"
基础,tutorialsteps.xml,Int_AttackH_1a,"This is it! It's time to go destroy ","是时候做个了断了！让我们向"
基础,tutorialsteps.xml,Int_Intel1_3a,"At the moment, ","目前来看，"
基础,tutorialsteps.xml,Int_Knowl3_3b," near the ","行星"
基础,tutorialsteps.xml,Bas_1Wel_4,"TIP:  If at any point you want to pause, press P.  This works in regular games, too.","提示：任何时候，您都可以按P键来暂停。
这个快捷键在正常游戏中也有效。"
基础,tutorialsteps.xml,Int_Rules_6,"3.  You have full control over every action you take, but we suggest that you don't unlock new Tech except when we advise it.","3、您可以自由下达指令，但我们建议您仅在我们要求时才解锁新的技术。"
基础,tutorialsteps.xml,Bas_2Closing_3,"TIP: We didn't talk about Metal/Crystal Manufactories, but don't overlook them.  If you have too much
        of one resource and not enough of another, you can use these to adjust your income (at a cost).
TIP: We also didn't touch on ship caps.  Basically, you have a limited number of each type of ship you can build,
        so you'll want to unlock new ship types to increase the overall size of your fleet.
        Choosing where to use your weaker versus your stronger ship types -- since you will need to build them all -- is a big part of the strategy.","提示1：我们并没有提到金属/水晶制造工厂，但请不要忽视它们。
如果您非常缺乏某种资源，另一种资源又太多了，您可以使用它们来进行调节资源。
提示2：我们也没有提到单位上限。
一般来说，每一种单位都有各自的数量上限，所以您需要解锁新的技术来扩大舰队规模。
选择性地使用各种不同类型的单位，并尝试将它们的作用最大化是这个游戏的重要战略组成部分。"
基础,tutorialsteps.xml,Int_Attack10_5a,"     4. Be sure to take any resources on ","4、在占领了"
基础,tutorialsteps.xml,Bas_Attack_1a,"Time to Attack!  Destroy the enemy Command Station and Warp Gate on ","[必选任务]是时候吹响进攻号角了！摧毁"
基础,tutorialsteps.xml,Bas_1Wel_2,"Welcome!  Here you'll learn some useful skills on how to explore.","欢迎您！在这里您将学到如何探索星系。"
基础,tutorialsteps.xml,Bas_DockPause_3,"Set Your Space Dock To Pause Building.","[必选任务]将您的兵工厂设为暂停建造。"
基础,tutorialsteps.xml,Int_Wel_5,"You can lose in this tutorial!
     In this tutorial, it is possible for you to get a game over.
     If that happens, you can simply try again or just go straight to real campaigns on a low difficulty.
     You can also save your game at any time, so if you find yourself losing you can go back to an older save.","请注意，在这个教程中您是有可能输掉的！
     这个教程中，您有可能被人工智能击败。
     如果您被击败了，您可以再次尝试这个教程或者直接开始低难度的正常游戏。
     您可以在任何时候保存游戏，如果您不幸输掉了，您可以读取之前的存档。"
基础,tutorialsteps.xml,Bas_SelLab_4,"     TIP #1:  You can quickly select a Lab on the current planet by pressing the S key.
     TIP #2:  You can quickly select a Lab on any planet by using the teal Science Labs button at the bottom of the screen.","提示1：您可以按下S键快速选中当前行星上的一个科学实验室。
     提示2：您也可以使用屏幕底部从左数第八个按钮来快速选中任意一个行星上的一个科学实验室。"
基础,tutorialsteps.xml,Bas_AIProg_1,"About AI Progress","关于人工智能进度"
基础,tutorialsteps.xml,Bas_BuildMili_1,"Now let's build your first military ships.","让我们开始建造您的第一个军事单位吧。"
基础,tutorialsteps.xml,Bas_BuildExo_2,"     - These exo-force-fields have a cost in metal and crystal every second, however, so don't build them unless you need them.
     - Some other ships, most notably energy reactors, also have ongoing metal/crystal costs to operate.  Be careful of that!","-采集厂外围力场每秒都在消耗金属和水晶，在正常游戏中，除非您很需要它们，否则请不要建造它们。
     -其他一些单位，通常是能源反应装置，也需要消耗金属和水晶来维持运转。请注意这一点。"
基础,tutorialsteps.xml,Bas_3Wel_2,"Welcome!  Here you'll learn some useful skills on how to manage
your military, how to capture planets, and more.","欢迎您！在这里您将学到如何管理您的部队，如何攻击行星。"
基础,tutorialsteps.xml,Int_Knowl3_3c," wormhole, bring all of your exhausted science labs to ","虫洞附近的部队原地不动，把您所有收集完知识的实验室送到"
基础,tutorialsteps.xml,Int_Attack3IC_5c,".
     NOTE:  If you capture a planet without destroying the ion cannon, you can take it for your own use.
                    We don't have ships of a high enough level to attempt that, however.","行星。
     注意：如果您在没有摧毁离子炮的情况下占领了行星，您将同时占领离子炮。
     不过目前我们并没有那么强的部队来做到它。"
基础,tutorialsteps.xml,Int_Rules_11,"     If things ever therefore feel too slow, you can use the + key to speed up time, and the - key to return it back to normal.","如果因此您感觉游戏速度过慢，可以使用+键来加速，-键来减速回到正常。"
基础,tutorialsteps.xml,Bas_ZoomOut_1,"Great work!  Now that you've selected your scout, let's move it across the map.
The area of the map is quite vast, however -- if you try to scroll while zoomed all the way in, you'll never make it.","做得不错！您已选中了侦察机，但是在侦察之前，您还需要了解一些东西。
在游戏中，星图是很大的--如果不进行缩放的话，您恐怕无法完成很多基本操作。"
基础,tutorialsteps.xml,Bas_BuildExo_5,"     1. Go back to your Command Station and switch to the DEF category.
     2. Build the Harvester Exo-Force-Field right next to (or on) one of your Metal or Crystal Harvesters.","1、返回到您的指挥中心，并切换到防御选项卡。
     2、在您的一个金属采矿厂或水晶采集厂附近建造采集厂外围力场（第三排从左数第五个），您可能需要进行缩放。"
基础,tutorialsteps.xml,Bas_2Closing_2,"These techniques are central to your ability to create and maintain a fleet.","这些技巧对于建造和维持一个舰队来说是很重要的。"
基础,tutorialsteps.xml,Bas_ZoomOut_4,"     TIP #1: The wheel mouse is easiest to use, because it's more precise.","提示1：建议您使用鼠标滚轮，既快捷又精准。"
基础,tutorialsteps.xml,Int_IncWaves6H_2,"1. Bombers are particularly apt at taking out tanks, and cruisers are good against fighters.
2. If you don't yet have Mark II bombers, this will be more difficult -- unlock them if you can.
3. If you have idle bombers elsewhere, you should split them between the two planets you have to defend.
4. Keep building as many ships as you can, both for this defensive effort and for use in our next attack.","1、轰炸机很擅长对付太空坦克，巡洋舰可以很好地对付歼击机。
2、如果您还没有轰炸机II型，难度可能不小--如果可能请解锁它。
3、如果您有待命的轰炸机，您可以将它们分配到两个需要防御的行星上。
4、尽可能多地建造部队，在这次攻势中和我们的下一次进攻中都会有用的。"
基础,tutorialsteps.xml,Int_Attack4_2c," on the other side (don't forget a scout).","行星吧（别忘了先进行侦察）。"
基础,tutorialsteps.xml,Int_Attack4_1c," is not.","行星却不是这样。"
基础,tutorialsteps.xml,Bas_RIndicate_2,"     Along the top of the screen, from left to right, you can see info for Metal, Crystal, Knowledge, and Energy.","在屏幕顶端，从左到右分别是您的金属、水晶、知识和能量的信息。"
基础,tutorialsteps.xml,Int_Attack3IC_5a,"     Once the enemy ion cannon is destroyed, return to near the ","一旦敌人离子炮被摧毁，返回"
基础,tutorialsteps.xml,Bas_Attack_2,"     - Use the minimap to help find the enemy, then zoom in and hover over enemy ships to see what they are.
     - To make your ships attack, just move them within range of the enemy ships and they will fire on their own.
     - To target specific enemy ships, select your ships and right-click the enemy.
     - To see the range of your selected ships, or ships that you have the cursor over, hold the Z key.
     - Remember: To select many ships, drag a selection box around them (this is easiest when zoomed out).","-使用迷你星图来帮助您寻找敌人，使用缩放并且将鼠标指针停在敌人的单位上以查看它们的能力。
     -要命令您的部队进行攻击，只要移动他们，使敌人进入攻击范围，他们就会自动开始攻击了。
     -要攻击特定类型的目标，只需选择您的部队并用右键单击敌人此类型单位，您选中的部队将优先攻击这类目标。
     -要查看选中单位或是鼠标指针下单位的攻击范围，只需按住Z键。
     -请记住：要选择多的单位，只需按住左键，用鼠标拖出一个方框并框住要选择的单位（最简单的方法）。"
基础,tutorialsteps.xml,Int_Intel1_2b," looks really nasty, while the other two that border you are not as bad.","行星看起来相当难对付，而其他两个相邻行星则没有这么糟糕。"
基础,tutorialsteps.xml,Int_Intel1_2a,"Check the Intel Summaries on the galaxy map.  You'll notice that ","在星系视图中查看行星信息。您会发现"
基础,tutorialsteps.xml,Int_About_1a,"Excellent! ","非常好！"
基础,tutorialsteps.xml,Int_Rules_2,"1.  The AI will act with full tactical ability (of a difficulty 1 AI, anyway).","1、人工智能的行为类似于一个1难度的正常人工智能。"
基础,tutorialsteps.xml,Int_Rules_10,"5.  In a real campaign, you have to do many things at once.  Here you will mostly be able to focus on one thing at a time.","5、在正常游戏中，您必须在同一时间做很多事情。这个教程中您差不多一次只需要集中精力做一件事情。"
基础,tutorialsteps.xml,Bas_CommStn_2,"     The enemy Command Station on this planet is just a regular one, not a Home one.
     The regular Command Stations are built by both players and AIs, and don't
     count toward the victory requirements for killing all enemy HOME Command Stations.
     They just capture planets.","这个行星上敌人的指挥中心并不是母星指挥中心。
     普通指挥中心可由人类玩家和人工智能建造。
     摧毁敌人的指挥中心（非母星）并不是您的任务目标，只是让您能占领这个行星。"
基础,tutorialsteps.xml,Bas_ZoomOut_6,"     TIP #2: During gameplay, don't forget about zoom.
                   You'll often want to zoom in to see details, or out to see the big picture.","提示2：在正常游戏中，请切记缩放的重要性。
     您通常可以缩放到近处来查看单位细节，缩放到远处来获得更大的视野。"
基础,tutorialsteps.xml,Int_GateRaid1_4c,", and target them on the enemy gate, ignoring all else.","行星派遣至少50艘轰炸机与200艘其他类型的部队，只攻击敌人星门，无视其他所有单位。"
基础,tutorialsteps.xml,Int_Wel_1,"Intermediate Tutorial: Campaign Simulation","中级教程：模拟战斗"
基础,tutorialsteps.xml,Int_IncWaves6H_1b,".  Prepare and defend!","行星。准备防御！"
基础,tutorialsteps.xml,Int_About_2b," by destroying the warp gate on ","行星变得同样安全，只要摧毁"
基础,tutorialsteps.xml,Bas_BuildEng_1,"Excellent!  Now your second Science Lab is being built.","太棒了！现在您的第二个科学实验室已经在建造中了。"
基础,tutorialsteps.xml,Bas_GalMap_1,"While your scout is on the way, let's take a look at the galaxy map.","您的侦察机正在移动，让我们看一看星系视图吧。"
基础,tutorialsteps.xml,Bas_BuildClny_3,"     1. Select your Mobile Builder, look under the CONST tab, and choose Colony Ship.","选择您的机动兵工厂，选择工厂选项卡，然后用左键单击殖民舰的按钮（从左数第一个）。"
基础,tutorialsteps.xml,Bas_DockLoop_5,"Set the Space Dock to build 5 Bombers and 1 Fighter","[必选任务2]让兵工厂建造5艘轰炸机和1艘歼击机。"
基础,tutorialsteps.xml,Int_Knowl3_2,"Let's steal the knowledge instead.","让我们强行收集知识吧。"
基础,tutorialsteps.xml,Bas_BuildReac_1,"Great!  Now let's talk about the last resource, Energy.","完成得很好！那么现在让我们来看看最后一种资源，能量。"
基础,tutorialsteps.xml,Int_Attack3IC_2b,", taking them from your other planets if need be.","行星上集结至少100艘轰炸机和400艘其他类型的部队，如果有必要，可以从其他行星派部队过去。"
基础,tutorialsteps.xml,Int_Attack10_1a,"Now that you are adequately defended at your own planet, build a strike group and go take ","您的行星上已经有充分的防御力量了，建造一支突击队，拿下"
基础,tutorialsteps.xml,Bas_PlanetSum_2,"     Now that you'll be fighting enemies and moving between multiple planets, keeping track of what is where becomes harder.
     The Planetary Summary shows you how many ships of each type you and your allies have on the current planet.
     It also gives you information about the strengths and weaknesses and abilities of each ship type.","当您与人工智能战斗，在多个行星间移动时，想要知道单位在哪里将变得很困难。
     行星总结显示了当前行星上您和盟友拥有的单位类型及数量。
     将鼠标指针停在某个单位的方框上将显示该单位的信息。"
基础,tutorialsteps.xml,Bas_BuildExo_1,"Excellent!  Now you can build little force fields to protect your harvesters.","相当好！现在您可以为您的采集厂提供力场保护了。"
基础,tutorialsteps.xml,Int_GateRaid1_4b,", and then quickly switch to that planet and locate the warp gate.  Remember that location.
3. Send at least 50 bombers and 200 other ships into ","行星发送5到6艘侦察机，快速切换到此行星并记住敌人星门的位置。
3、向"
基础,tutorialsteps.xml,Bas_Scouting_4,"2. Issue a wormhole command to your scout.","[必选任务2]让侦察机通过虫洞。"
基础,tutorialsteps.xml,Bas_MetalPoor_2,"Hmm, now we're getting poorer in Metal.","唔，看起来我们的金属有一点不足了。"
基础,tutorialsteps.xml,Int_Attack10_4a,"     3. Don't forget:  Once you destroy the enemy command station and warp gate on ","3、别忘记了：一旦您摧毁了"
基础,tutorialsteps.xml,Bas_BuildMetl_1,"Let's gather some metal.  To do this, build Metal Harvesters at this planet:","[必选任务]让我们采集一些金属吧。在行星上建造金属采矿厂："
基础,tutorialsteps.xml,Int_Attack3IC_1a,"ION-SMASHING:  We could probably take ","离子炮强袭：我们本来可以轻松占领"
基础,tutorialsteps.xml,Bas_BuildClny_4a,"     We can't use this ship yet -- ","现在我们还不能使用殖民舰--"
基础,tutorialsteps.xml,Int_Attack5_1a,"Let's look at the Intel Summaries for the planets we've explored: ","让我们看看星系视图中已探索行星的信息："
基础,tutorialsteps.xml,Bas_Scouting_5c," while your scout is selected.","行星来让它进行移动。"
基础,tutorialsteps.xml,Int_Defense_3,"     Defending against the few enemy ships that wander into your planet is a snap with 5-15 turrets and 1-2 tractor beams at each wormhole.","您可以在每个虫洞旁建造5~15个炮塔和1~2个牵引光束塔来对付敌人零星的骚扰部队。"
基础,tutorialsteps.xml,Int_GateRaid1_1b,"'s warp gate is what lets enemies keep warping into our home planet.  We want to stop that!
GATE-RAIDING:  The planet is too strong for us to take over completely, at least at this stage of the campaign, so let's just target its warp gate.","行星上的星门让敌人不停地对我们的母星发动攻势，必须阻止它！
星门突击：这个行星上的敌人对于现在的我们来说太强大了，要占领它很不现实，我们最好只集中注意力在敌人的星门上。"
基础,tutorialsteps.xml,Int_Intel2_2c," have much to offer.
However, ","行星都没什么占领价值。
但是，"
基础,tutorialsteps.xml,Int_Start_4,"     TIP:  Ctrl-click the harvester icons to quickly auto-place all the harvesters at once.","提示：按住Ctrl键并用左键单击采集厂图标可以一次性完成放置采集厂。"
基础,tutorialsteps.xml,Bas_Scouting_2,"1. Select your scout, if it isn't still selected.","[必选任务1]选择您的侦察机，如果您还未选择它。"
基础,tutorialsteps.xml,Bas_GalInfo_2,"Hover over both your planet and the enemy planet to see the Intel Summary for each.","将鼠标指针停在您的行星和敌人的行星上以看到它们的行星信息。"
基础,tutorialsteps.xml,Int_Attack10_3,"     TIP:  To have all your ships move together at the same speed, hold G while giving them orders.","提示：要让您的所有选中的单位以相同速度移动，请在命令他们移动的同时按住G键。"
基础,tutorialsteps.xml,Bas_1Closing_1,"You've made it to the enemy home planet!  This concludes Tutorial 1.","您已经切换到了敌人的母星！教程1结束了。"
基础,tutorialsteps.xml,Bas_Scouting_5b," wormhole.
       (In the main view, pan over to the wormhole and then zoom in some to see it well.)
     - Alternatively, return to the Galaxy Map and right-click ","虫洞。
     （滚屏找到那个虫洞，并缩放得近一些来将它看得更清楚。）
     -当您选中侦察机时，您也可以进入星系视图并右键单击"
基础,tutorialsteps.xml,Bas_Priority_1,"See the P0 through P9 buttons on the left?  Those are the priority buttons.
They don't affect gameplay, but are essentially a way for you to take notes.
In a galaxy with 80+ planets, most of which belong to enemies, it can be hard to remember where to go.
As you explore each planet, you can mark its priority so that you remember how important each planet is to you.","看到左方的P0到P9的按钮了吗？这些是优先级按钮。
它们不会对游戏造成其他影响，只是起标记的作用，可以帮助您更好地进行游戏。
在多于80个行星的星系里，大部分行星属于敌人，而您可能很难记住要去哪儿。
这时，您就可以标记一个行星的优先级，以让您知道它有多么重要。"
基础,tutorialsteps.xml,Bas_DockLoop_1,"Let's build more Bombers and Frigates.","让我们继续建造更多的部队吧。"
基础,tutorialsteps.xml,Int_GateRaid1_5,"     Once the enemy warp gate is destroyed, if you have any surviving ships, get them out through the nearest friendly wormhole!
     WARNING:  Do NOT destroy the enemy command station, or you might provoke the guards into abandoning their posts.
     If you accidentally do provoke the guards on such a high-level planet, they are likely to wipe you out.  Save your game now!","一旦敌人星门被摧毁，把您幸存的部队（如果还有的话）移回最近的友方行星！
     警告：千万不要想摧毁敌人指挥中心这种傻事，敌人的据点护卫部队将放弃据点出击，使得您难以完成任务。
     如果您不小心在如此高等级的行星上惹到了敌人的据点护卫部队，等待您的很有可能是全灭。现在最好是存个档！"
基础,tutorialsteps.xml,Int_Defense_5,"     It's often a good idea to put your energy reactors near your command station, so the same turrets can defend all of them at once.","最好把能源反应装置建造在指挥中心附近，这样炮塔也能防御它们了。"
基础,tutorialsteps.xml,Bas_BuildClny_4b," still belongs to the enemy right now -- but this
     way our Colony Ship will be ready and waiting once we've destroyed the enemy Command Station.","行星目前仍是属于敌人的。
     但这样做我们的殖民舰可以在敌人的指挥中心被摧毁后立刻投入使用。"
基础,tutorialsteps.xml,Int_Scout6_6b,".","行星相邻的行星。"
基础,tutorialsteps.xml,Bas_BuildCrys_5,"Once again, just hold Ctrl and left-click the Crystal Harvester icon.","要进行建造，同样地只需要按下Ctrl键并用左键单击水晶采集厂的按钮（第三排从左数第三个）。"
基础,tutorialsteps.xml,Int_Rules_4,"2.  The AI will NOT issue strategic commands (such as sending waves or reinforcements).  Those are scripted as part of the campaign.","2、人工智能不会下达战略性指令（例如发动攻势和进行支援）。"
基础,tutorialsteps.xml,Int_Attack5_2a,"To better prepare for the AI Home Planet, first capture ","为了更好地准备与人工智能的决战，请先占领"
基础,tutorialsteps.xml,Bas_BuildLab_3b,"/s Knowledge.  To increase that income rate, we need to build a new science lab:","点/秒。为了加快收入，我们需要建造一个新的科学实验室："
基础,tutorialsteps.xml,Bas_3Closing_1,"That's it!  You've got all the basics down.","就这样，您已经学会了游戏的所有基础操作。"
基础,tutorialsteps.xml,Int_Attack4_3b," to capture ","行星上未护卫您的实验室的部队占领"
基础,tutorialsteps.xml,Int_ScoutRem_1,"1. If you have not done so already, scout all the remaining planets.","1、如果您还没有这么做，派侦察机来侦察所有剩余未探索的行星。"
基础,tutorialsteps.xml,Bas_AdvFactory_1,"You've captured an Advanced Factory!","占领行星的同时，您也占领了这个行星上的高级兵工厂。"
基础,tutorialsteps.xml,Int_Attack5_3,"     1. Send a large strike group, and don't forget to include a scout.
     2. Make sure that you have secured the area around the Advanced Factory before capturing the planet with a Colony Ship.
        If you forget, and the Advanced Factory is destroyed, you won't be able to build another one.  You get only what you find with those.","1、派遣一个大型突击部队来进攻，当然，不要忘记带上侦察机。
     2、确保您在占领行星之前高级兵工厂附近没有敌人的单位了。
     如果您忘记了，我们就提醒您一下：高级兵工厂一旦被摧毁就不能重建。您只能通过占领得到它。"
基础,tutorialsteps.xml,Int_Scout6_3b," isn't a bad idea in any case.
     It is also usually wise to set up wormhole defenses on new planets like ","行星上建造至少一个兵工厂是一个好主意。
     最好在新占领的行星，如"
基础,tutorialsteps.xml,Bas_AIProg_2,"     When you killed the Command Station and the Warp Gate, the AI Progress indicator (next to your net energy display)
     went up by a total of twenty. The AI Progress level indicates how strong the AI players are.  As that number
     goes up, they send increasing numbers of ships, new kinds of ships, and higher level ships.","当您摧毁了敌人的指挥中心和星门后，人工智能进度（在能量储备右边）将增加20点。
     人工智能进度显示了人工智能的强度。当人工智能进度上升时，人工智能将使用更大量、更多种类、更高级的部队。"
基础,tutorialsteps.xml,Bas_3Closing_2,"- This is the end of the basic tutorials, but you can still stay and play if you'd like.
  There are planets of varying difficulties, all enemy-controlled, surrounding the two you now control.
- There is also an intermediate tutorial, which guides you through more advanced tactics in a simulated campaign.
- Or you can just dive into the real game!","-这是基础教程的结尾，但您仍然可以继续接着玩下去。
 敌人拥有不同难度等级的行星，分布在您已有的行星周围。
-接下来还有一个中级教程，通过一场模拟战斗您能学到更多东西。
-如果您迫不及待的话，也可以尝试开始正常游戏了！"
基础,tutorialsteps.xml,Int_Attack9_2b,"has both a Data Center and an Advanced Research Station.
     2. Capture the Advanced Research Station for your own use, and destroy the Data Center.
     3. ","行星拥有1个数据中心和1个高级研究所。
     2、占领高级研究所，摧毁数据中心。
     3、"
基础,tutorialsteps.xml,Bas_ZoomInfo_4,"     Selecting multiple units and issuing ""move"" orders is much easier when zoomed at least partially out.
     Clicking a specific unit, or placing a new unit precisely, is much easier when zoomed in.","当缩放较远时，选择多个单位，命令它们移动将会更容易。
     当缩放较近时，选择一个单位，或者精确地放置一个新单位将会更容易。"
基础,tutorialsteps.xml,Bas_SelScout_3,"By dragging a selection box around ships, you can select many at once -- we'll
remind you of that later.","拖出方框可一次选中多个单位--这个操作相当有用。"
基础,tutorialsteps.xml,Bas_BuildReac_4,"     1. Go back to your Command Station and switch to the ECON category.
     2. Build the Mark I Energy Reactor anywhere you want.","1、返回到您的指挥中心，并切换到经济选项卡。
     2、在任意地点建造一个能源反应装置（第三排从左数第五个）。"
基础,tutorialsteps.xml,Bas_BuildLab_3a,"Right now you have +","[必选任务]现在，您的知识收入为+"
基础,tutorialsteps.xml,Bas_BuildCrys_4,"     The process for this is identical to that for building Metal Harvesters, except you'll select a
     different button on the ECON tab, and you'll build at the little Crystal icons instead of the Metal ones.","操作过程与建造金属采矿厂差不多，区别在于您需要单击水晶采集厂的按钮，并且它是在水晶采集点上建造。"
基础,tutorialsteps.xml,Int_About_3b,", you can now build Mark IV ships.","行星上的高级兵工厂，您现在就可以建造IV型部队了。"
基础,tutorialsteps.xml,Int_Rules_7,"     If you must unlock new Tech on your own, stick to Mark II and Mark III ships -- not Defensive ships, Starships, or turrets.","如果您一定要解锁技术，请只解锁开发选项卡中的技术。"
基础,tutorialsteps.xml,Int_Attack6_1b,".","行星吧。"
基础,tutorialsteps.xml,Int_Intel2_2b," or ","行星与"
基础,tutorialsteps.xml,Int_Defense_2,"If you don't already have turrets and tractor beams around each wormhole, now is the time to do so.","如果您还没有任何的炮塔和牵引光束塔的话，现在就是建造它们的时机了。"
基础,tutorialsteps.xml,Bas_BuildReac_2,"     - Almost all ships use energy, usually between 50 and 200 per ship.
     - Some ships, like engineers or space docks, cost 10,000 or more energy -- don't build more of those than you can support!
     - Energy isn't collected -- what you see at the top of the screen is your current net balance,
       based on how much energy you are currently producing versus how much energy your ships are consuming.
     - Unlike other resources, you don't harvest energy from a specific place; just build Reactors anywhere.
     - When your ships die, your net energy increases, when you build new ships, it decreases.","-几乎所有单位都消耗能量，通常每个单位消耗50到200点。
     -部分单位，如工程师和太空兵工厂，消耗2,000点或更多的能量--不要过多建造这类单位！
     -能量并不是每秒增长的--您在屏幕顶端看到的就是您当前的能量储备。
     -与其他的资源不同的是，您并不需要从某个特定地点收集能量，您只需要建造反应装置即可获得能量。
     -当您的单位被摧毁时，能量储备将上升；当您建造新的单位时，能量储备将下降。"
基础,tutorialsteps.xml,Int_Attack9_2c," is a Mark II planet, which is stronger than the ones you have captured thus far, so be sure
          to bring a large enough strike group (600+ ships will ensure fewer losses -- and don't forget a scout).","行星是一个II级行星，比您之前遇到的行星要强，所以最好确保有大量部队再开始进攻
     （600艘以上的部队将有好效果--不要忘记先派侦察机侦察它）。"
基础,tutorialsteps.xml,Bas_MoveLabs_3,"Send both of your Science Labs to another planet to gather more Knowledge.","[必选任务]将您的两个实验室送到另一个行星以收集知识。"
基础,tutorialsteps.xml,Int_Knowl3_3a,"     - With your fleet still on ","-让您在"
基础,tutorialsteps.xml,Bas_ZoomInfo_2,"     Put the mouse cursor at the edge of the screen to pan, or use the arrow keys.","将鼠标指针置于屏幕边缘以开始滚屏，或是使用方向键。
     您也可以在右上角的迷你星图上单击左键来滚屏至指定的区域。"
基础,tutorialsteps.xml,Int_Start_1,"Okay, let's get started!  You can do the following in whichever order is most comfortable to you (our suggested order is shown):","好了，让我们开始吧！您可以按任意顺序完成以下任务（我们建议的顺序如下）："
基础,tutorialsteps.xml,Int_Scout9_5a,"Required: If you have not done so already, send scouts to all planets adjacent to ","必选：如果您还没有这么做，派侦察机来侦察与"
基础,tutorialsteps.xml,Bas_Research_3,"Let's unlock the Harvester Exo-Force-Field.","[必选任务]让我们解锁采集厂外围力场吧。"
基础,tutorialsteps.xml,Int_Attack4_1b," is very high level, but ","行星的等级相当高，但"
基础,tutorialsteps.xml,Bas_1Closing_2,"You can switch back to your planet using the Galaxy Map or by Ctrl-clicking a wormhole.
- During the course of a typical game, your team will capture dozens of planets and you'll
need to get used to switching between them.
- You'll also need to get used to routing ships between planets, and sending scouts out to get updated intel.","您可以用星系视图或按住Ctrl键并用左键单击虫洞来切换回您的行星。
-在正常游戏中，您的团队拥有更多的行星，您必须非常熟悉切换视图的操作。
-您也需要熟悉在行星间移动单位和进行侦察的操作。"
基础,tutorialsteps.xml,Bas_MovScout_1,"Let's move your scout.  See that spinning red thing on the minimap?","让我们移动侦察机吧。看到了右上角迷你星图上的红色旋转物体吗？"
基础,tutorialsteps.xml,Bas_Beachhead_1b,", an enemy planet.","进行建造。"
基础,tutorialsteps.xml,Int_About_5b," to capture its knowledge.","行星来收集知识。"
基础,tutorialsteps.xml,Int_IncWaveH_1,"A wave of enemy bombers is heading for your home planet.  Prepare and defend!","敌人对您的母星发动了一波攻势，准备防御！"
基础,tutorialsteps.xml,Bas_ARSInfo_4,"     - Not only do you get another type of ship, you also get MORE ships to build, since the ship caps are per-type.
     - Your first priority during most games should be to find these Research Stations to prepare you for the
       Home Planets of the AIs, which are extremely powerful and dangerous.","-您不仅获得了新型部队，由于单位上限的缘故，实际上您的部队规模也扩大了。
     -通常您首先最该做的事就是占领这些研究所，它们在一局游戏的最后对付敌方母星时将起到很大的作用。"
基础,tutorialsteps.xml,Bas_RIndicate_3,"You have two rows for Metal, Crystal, and Knowledge:","金属、水晶、知识的信息有两行："
基础,tutorialsteps.xml,Int_About_5a,"Bring any exhausted science labs to ","将所有收集了全部可收集知识的实验室送到"
基础,tutorialsteps.xml,Bas_BuildMetl_3,"That will automatically fill all of the harvester spots on this planet!
You can also place them individually, but that takes longer and is not usually needed.","这样就可以直接在行星上所有的金属采集点建造金属采矿厂。
当然，您也可以手动放置它们，但这一般来说没有必要。"
基础,tutorialsteps.xml,Bas_Attack_3,"Make sure NEVER to destroy Advanced Research Stations or Factories -- we want to capture those!","切记，永远不要摧毁高级研究所或兵工厂--我们可以占领它们的！（实际上您无法摧毁它们）"
基础,tutorialsteps.xml,Bas_Research_4,"     1. Switch to the DEF category.
     2. Left-click the button labeled Harvester Exo-Force-Field.","1、切换到防御选项卡。
     2、左键单击采集厂外围力场的按钮（第二排从左数第四个）。"
基础,tutorialsteps.xml,Bas_MovScout_4,"      - Right-click to issue a move command to your selected units.
      - You can right-click on the minimap or pan over and then click in the main view.","-右键单击视图中任意一点来移动您选中的单位。
      -您可以通过在迷你星图上用右键单击虫洞，或是滚屏后用右键单击视图中的虫洞来完成任务。"
基础,tutorialsteps.xml,Int_Rules_3,"     This means that if you go onto one of their planets, they will act as they do in the real game.","这意味着如果您侵入了它的1个行星，它的反应与正常游戏无异。"
基础,tutorialsteps.xml,Int_Intel2_3b,", let's find out what's on the other side of it.","之前，让我们先看看它上面有什么。"
基础,tutorialsteps.xml,Bas_CommStn_1,"About Command Stations","关于指挥中心"
基础,tutorialsteps.xml,Int_Intel2_4a,"     - An ion cannon on that planet is currently insta-killing all scouts that we send through, however.
     - We could unlock higher-level scouts, but right now we don't really have the knowledge to spare, so instead
       let's flood the ion cannon like we did on ","-那个行星上有一个离子炮，它会一击必杀我们的低级侦察机。
     -我们本来可以解锁高级侦察机，但现在我们没有那么多知识，
     所以让我们使用人海战术吧，就像我们在"
基础,tutorialsteps.xml,Int_Attack6_2a,"     1. Send a strike group with at least 30-40 each of fighters, bombers, and frigates for maximum effect (and don't forget to bring a scout).
     2. Take at least 60 bombers against their force field to slowly destroy it (bombers have a substantial bonus against force fields).
     3. Take at least 60 frigates against their special forces guard post to destroy it, while holding your other ships at a distance.
     4. When you use a Colony Ship to build a Command Station on ","1、派遣一支至少由30~40艘歼击机、轰炸机和巡洋舰组成的舰队以达到最好的效果（别忘了先派侦察机侦察）。
     2、派遣至少60艘轰炸机来对付敌人的力场（轰炸机对力场有很大的伤害）。
     3、派遣至少60艘巡洋舰来远程打击敌人的特种部队据点，不要用其他部队来对付它。
     4、当您占领了"
基础,tutorialsteps.xml,Int_Scout9_1,"Congratulations!  You've just completed your first gate-raid!","好极了！您已经完成了您的第一次星门突击！"
基础,tutorialsteps.xml,All_Cmplt,"[...Press Enter Key To Continue...]","[请按回车键以继续……]"
基础,tutorialsteps.xml,Int_IncWaves6_1,"Two enemy waves are coming for your new planet.  Prepare and defend!","敌人对您刚占领的行星发动了两波攻势，准备防御！"
基础,tutorialsteps.xml,Int_Scout6_4,"Optional: If you have enough knowledge, it would also be a good idea to unlock at least one Mark II ship type.","可选：如果您有足够的知识，现在最好能解锁一种II型单位。"
基础,tutorialsteps.xml,Int_Attack5_2b,".","行星。"
基础,tutorialsteps.xml,Int_Attack3IC_1b,", but the Ion Cannon makes it vastly more difficult.  We need to destroy it first.","行星，但它上面的离子炮使得占领难度大大增加。我们需要先将它摧毁。"
基础,tutorialsteps.xml,Bas_BuildClny_2,"We're almost ready to attack, but first let's get a Colony Ship building.","[必选任务]我们已经可以开始攻击了，但首先让我们建造一艘殖民舰。"
基础,tutorialsteps.xml,Int_Intel1_3b," looks like the easiest to take.  We'll attack it in a minute.","行星似乎是最容易拿下的。我们马上准备进攻它。"
基础,tutorialsteps.xml,Bas_GoToEnemy_1,"Excellent -- looks like your scout has reached the enemy planet.
1. You can now hover over the enemy planet to see a full intel summary.
2. You can also now left-click on the enemy planet in the Galaxy Map to go view it.","非常好--看起来您的侦察机已经到达敌人的母星了。
1、您可以将鼠标指针停在敌人的行星上来查看它的信息。
2、您可以在星系视图里左键单击行星来切换到它的视图。"
基础,tutorialsteps.xml,Bas_BuildMobl_3b," wormhole.","虫洞附近建造机动兵工厂。"
基础,tutorialsteps.xml,Int_Attack3IC_5b," wormhole but stay on ","虫洞附近，但不要离开"
基础,tutorialsteps.xml,Int_ScoutRem_3c,".
3. If you have enough knowledge stored up, you should unlock a Mark III ship and start building it on ","行星吧。
3、如果您有足够的知识，您应当解锁一种III型部队并在"
基础,tutorialsteps.xml,Bas_MetalPoor_1,"Excellent!  Your Engineer will finish relatively quickly, and then will help build the Lab.","非常好！一旦工程师完成建造，他们就将开始帮助您加速建造实验室。"
基础,tutorialsteps.xml,Int_About_4,"     - This only applies to ships for which you have unlocked the Mark III tech.
     - Note that you can never build Mark V/Core ships -- only the AIs know the secret of these.","-您只有先解锁了III型部队才能建造IV型部队。
     -V型/核心部队要通过其他方式才能建造，这个教程里并没有建造它的任何方法！"
基础,tutorialsteps.xml,Bas_Beachhead_2a,"     1.  Send your Mobile Builder through the wormhole to ","[必选任务1]让您的机动兵工厂通过"
基础,tutorialsteps.xml,Int_Scout6_2,"Optional: If you have fewer than 600 ships, you might want to build more space docks and set them to loop-building.","可选：如果您的部队数少于600，您可能需要建造更多的太空兵工厂，并将它们设为循环建造。"
基础,tutorialsteps.xml,Bas_BuildLab_1,"Let's start with Knowledge, the only FINITE resource in the game.","让我们先从收集知识开始吧，知识是游戏中唯一一种有限的资源。"
基础,tutorialsteps.xml,Bas_Mission_4,"     Your primary mission is always the same: Eliminate the AI Home Command Stations.
     Your secondary objectives will vary based on the map and what kinds of AIs you choose to fight.","您的主要任务目标总是一样的：摧毁人工智能的母星指挥中心。
     您的次要任务目标会基于星图和人工智能类型而变化。"
基础,tutorialsteps.xml,Bas_SelLab_1,"Excellent!  Your science labs move slowly, but when they reach their destination your income will improve.","干得漂亮！科学实验室到达目的地后将开始收集知识，不过它们移动得很慢。"
基础,tutorialsteps.xml,Bas_Mission_1,"While those are being created, take a look at the right side of the screen.","当建造完成以后，注意屏幕右端。"
基础,tutorialsteps.xml,Int_ScoutRem_3b,", make sure to bring them to ","的实验室收集了全部可收集的知识，那么将它们送到"
基础,tutorialsteps.xml,Int_About_3a,"If you succeeded in capturing the Advanced Factory on ","如果您成功地占领了"
基础,tutorialsteps.xml,Int_Attack3IC_4a,"2. Send 5 or 6 scouts to ","2、向"
基础,tutorialsteps.xml,Bas_DataCntr_2,"     The AI Progress will return to 10 once you do so.","一旦您这么做了，人工智能进度将降为10。"
基础,tutorialsteps.xml,Bas_SwitchView_2,"To exit Galaxy View, use the TAB key to return to your current planet.","[必选任务]退出星系视图，按TAB键以返回您当前的行星。"
基础,tutorialsteps.xml,Bas_AIProg_3,"TIP #1: To keep this number low, try not to just take every planet on the map without thinking -- the AI will
          get too ""angry"" and kill you.  Instead, choose high-value targets and go for those.
TIP #2: Another way to keep the number of ships the enemy sends against you low (and their technology levels
          low) is to destroy enemy Data Centers.","提示1：想要降低进度，就不要占领星系内所有行星--在占领前想想它的战略价值，想想它是否值得占领。
否则若人工智能进度过高，战斗将十分困难！
提示2：另一种降低进度的方法是摧毁敌人的数据中心。"
基础,tutorialsteps.xml,Bas_BuildMobl_2,"     - You can use Mobile Builders to build on allied or enemy planets (it builds anything your Command Station builds),
       but you can't build harvesters except on your team's planets.
     - Sometimes it pays to have production facilities closer to the action.","-您可以使用机动兵工厂在友军或敌军的行星进行建造（它所能建造的单位与您的指挥中心相同），
     但您只能在友军行星建造采集厂。
     -有时在行动地点附近建造生产设施会收到奇效。"
基础,tutorialsteps.xml,Bas_SwitchView_4,"You'll notice that you currently don't have visibility into any planets but your own.  That's what we're about to fix.","您可能已经发现了，除了您自己的行星以外，您无法获得任何其他行星的信息，这就是接下来我们要解决的。"
基础,tutorialsteps.xml,Bas_Home_1,"We've started you off with a scout in addition to your home command station.","一开始您拥有一艘侦察机和母星指挥中心。"
基础,tutorialsteps.xml,Int_Knowl3_1b,", but we wouldn't get much out of it.
We don't need the metal and crystal from ","行星，但它并不能提供什么有价值的资源。
目前我们并不需要"
基础,tutorialsteps.xml,Int_Defense_6,"1.  Build at least 20 turrets (standard, MLRS, or sniper) and 3 tractor beam turrets.","1、建造至少20个炮塔（基本炮塔，火箭炮塔或者狙击塔）与3个牵引光束塔。"
基础,tutorialsteps.xml,All_Incmplt,"[...Complete The Above Steps To Continue...]","[完成以上的步骤以继续……]"
基础,tutorialsteps.xml,Bas_DockPause_1,"Excellent!  Now you're on your way to having a modest fleet.","很好！您已经拥有了一支小型舰队了。"
基础,tutorialsteps.xml,Int_Attack4_3c,".","行星。"
基础,tutorialsteps.xml,Bas_BuildReac_3,"Build an Energy Reactor.","[必选任务]建造一个能源反应装置。"
基础,tutorialsteps.xml,Int_Intel1_4,"     You normally won't want to take every low-value planet you find on the galaxy map,
     but any planet that borders your home planet is a high-value target simply because it threatens your home planet.","您一般并不用占领每个行星，但与您的母星相邻的行星还是占领为妙。"
基础,tutorialsteps.xml,Int_Knowl3_1c," at this time, so it's not worth increasing the AI Progress to take it.","行星上的金属和水晶，所以并不需要以增加人工智能进度为代价来占领它。"
基础,tutorialsteps.xml,Int_Start_3,"     If enemy ships are hurting them, either build turrets near the harvesters or with tractor beam turrets around the wormholes.
     You may also opt to build some mobile military ships that you can then position as needed.","如果敌人的部队伤害到了它们，请在它们附近建造炮塔或在虫洞附近放置牵引光束塔。
     您也可以选择建造一些机动兵工厂。"
基础,tutorialsteps.xml,Int_Attack4_2b,", so to do that let's take ","行星，为此让我们占领"
基础,tutorialsteps.xml,Int_Attack9_1b," is a great target.  Take it!","行星是一个很不错的目标。占领它！"
基础,tutorialsteps.xml,Int_Intel2_3a,"Before we attack ","在我们开始进攻"
基础,tutorialsteps.xml,Bas_SelScout_2,"     - Left-click the scout.
     - Alternatively, Left-click and drag a box around the scout.","-您可以用左键单击侦察机。
     -或者按住左键，用鼠标拖出方框来进行选择。"
基础,tutorialsteps.xml,Bas_Research_1,"There are many technologies to unlock.","实验室中有许多技术可以解锁。"
基础,tutorialsteps.xml,Bas_ZoomOut_2,"Zoom all the way out.","[必选任务]请将视图缩放到最远。"
基础,tutorialsteps.xml,Bas_2Closing_1,"You've now managed your income for all four resources!  This concludes Tutorial 2.","您已经学会管理所有4种资源了！教程2结束了。"
基础,tutorialsteps.xml,Int_Intel1_1,"Now you've got your home planet off to a good start, so let's look around at what our scouts learned.","现在我们已经有了一个良好的开始，让我们看看侦察机发回的报告。"
基础,tutorialsteps.xml,Int_Attack6_2b,", all captuable ships like the Science Lab will become yours.
           Make sure that you have killed all enemies near the capturable ships before you take over the planet (or the enemies will fire on them).","行星之后，所有可占领的单位，如科学实验室就都是您的了。
     确保您在占领行星前干掉了可占领单位附近的所有敌人（否则敌人将向它们开火）。"
基础,tutorialsteps.xml,Bas_BuildMobl_4,"     - The Mobile Builder is on the CONST (Construction) tab of your Command Station.","-机动兵工厂位于指挥中心的工厂选项卡上（从左数最后一个）。"
基础,tutorialsteps.xml,Int_IncWaves49_3,"     This happens slower in real campaigns, but we've accelerated it since there are only 10 planets here.","在正常游戏里这并不会如此快地发生，但在这个教程里我们加速了这个过程，因为星系只有10个行星。"
基础,tutorialsteps.xml,Bas_AdvFactory_4,"     - There are a limited number of Advanced Factories in the Galaxy, and if all of them get destroyed then you won't
       be able to build Mark IV ships anymore -- but your enemies still will!","-星系中高级兵工厂的数量是有限的，一旦它们全部被摧毁，
     您就永远无法建造IV型部队了--但您的敌人却仍然可以！"
基础,tutorialsteps.xml,Int_Scout9_4,"- This means that we can shift many of our ships from our home planet out to other planets where they are more needed.
- It might also be a good idea to shift production from your dock(s) on your home planet to docks nearer the action,
  if you have not already done so.","-这意味着我们可以把母星上的防御部队投入到其他行星上。
-最好能在行动目标附近的兵工厂建造部队，这比从母星的兵工厂建造完再移动的效率要高。"
基础,tutorialsteps.xml,Bas_GalInfo_3,"     - In this tutorial, your planet is the yellow one and the enemy planet is the red one.","-在这个教程中，您的行星是黄色的，敌人的行星是红色的。"
基础,tutorialsteps.xml,Bas_BuildMobl_5,"2. Build an engineer back near your Command Station (we'll use this in a bit).","[必选任务2]在指挥中心附近建造一个工程师（教程中我们会经常需要用到它）。"
基础,tutorialsteps.xml,Int_Start_5,"2.  Send scouts to as many unexplored planets as possible (at least explore all of the three planets adjacent to your home planet).","[必选任务2]派遣侦察机来侦察尽可能多的未探索行星（至少侦察母星附近的3个行星）。"
基础,tutorialsteps.xml,Bas_3Wel_1,"Basic Tutorial 3: Military Operations","基础教程3：军事行动"
基础,tutorialsteps.xml,Bas_BuildLab_4,"     1. Left-click your Command Station (or press the B key)
     2. Make sure you are still on the ECON tab (where you start).
     3. Left-click the button labeled Science Lab.
     4. Left-click to place the new Lab somewhere near your existing one.","1、左键单击您的指挥中心（或按下B键）
     2、确认您目前选择了经济选项卡（默认选择此选项卡）。
     3、左键单击科学实验室的按钮（第三排从左数第四个）。
     4、在您已有的科学实验室附近放置这个新的科学实验室。"
基础,tutorialsteps.xml,Bas_ZoomInfo_3,"During the game, you'll often want to adjust your zoom to get the ideal view of the map.","游戏中您可能经常需要改变缩放级别以获得较理想的视野。"
基础,tutorialsteps.xml,Int_Start_2,"1.  Build harvesters on all of the metal and crystal harvest points on this planet.","[必选任务1]在此行星所有的采集点建造采集厂。"
基础,tutorialsteps.xml,Bas_GoToEnemy_3,"Switch your view to the enemy planet.","[必选任务]将您的视图切换到敌人的母星。"
基础,tutorialsteps.xml,Int_Attack6_1a,"Now that the bomber wave has been taken care of, let's go take ","现在我们已经击退了敌人的攻势，让我们占领"
基础,tutorialsteps.xml,Int_IncWaves6H_1a,"Two enemy waves are coming, one for your home planet and another for ","敌人发动了两波攻势，一波袭向您的母星，另一波袭向"
基础,tutorialsteps.xml,Int_Rules_1,"First, an explanation of the ground rules for this tutorial:","首先，让我们解释一下这个教程的基础规则："
基础,tutorialsteps.xml,Bas_SelScout_1,"Let's do a little scouting.  First, select your scout.","[必选任务]让我们进行侦察吧，首先，请选择您的侦察机。"
基础,tutorialsteps.xml,Int_IncWaves49_1a,"Two enemy double-waves are coming, one for ","敌人的两波双倍攻势来了，一波袭向"
基础,tutorialsteps.xml,Int_IncWaves49_1b," and another for ","行星，另一波袭向"
基础,tutorialsteps.xml,Int_Intel2_1,"Let's look at the Intel Summaries (on the galaxy map) for the planets we've explored.","让我们看看星系视图中已探索行星的信息。"
基础,tutorialsteps.xml,Bas_Beachhead_2b,".
     2.  Build a Starship Constructor and a Space Dock on ","虫洞。
[必选任务2]在"
基础,tutorialsteps.xml,Bas_BuildEng_2,"     - Note that your income won't increase until it's done.
     - You can hover over the science lab to see how much longer it will take.","-注意，在建造中的单位是不会提供资源的，直到建造完成。
     -您可以将鼠标指针停在那个科学实验室上来看它离建造完成还有多少时间。"
基础,tutorialsteps.xml,Bas_GalMap_2,"Press the TAB key to switch between the view of a single planet and a view of the entire galaxy.","[必选任务]切换到星系视图。"
基础,tutorialsteps.xml,Int_Intel2_5a,"Build 10 scouts, place them all near each other, and then send 5 to ","建造10艘侦察机，让它们互相靠近，将其中5艘送到"
基础,tutorialsteps.xml,Int_Scout9_5b,".","行星相邻的行星。"
基础,tutorialsteps.xml,Int_IncWaveH_2,"1. Fighters are particularly apt at taking out bombers, so you'll want to specialize in those.
2. If you want to know where the wave will arrive, unlock Advanced Warp Sensors at the Def tab of your Science Lab.
3. Very Important:  Don't forget to send your science labs to the new planets after they become exhausted!
4. Once you kill all enemies on your new planet, bring your military back home from there.
     The planet is safe from direct attack since it does not border any enemy planets with warp gates.","1、歼击机比较适合对付轰炸机，您可能应该多造一些。
2、如果您想要知道攻势从哪个虫洞发动，请解锁科学实验室中防御选项卡下的高级星际跃迁探测器。
3、非常重要：当科学实验室收集完此行星的知识后，不要忘了把它们送到其他行星去！
4、把您刚用于占领敌人行星的部队移回母星。
     新占领的行星没有与任何拥有星门的敌方行星相邻，因此非常安全，不会受到敌人的直接攻击。"
基础,tutorialsteps.xml,Bas_BackToGalMap_1,"Excellent!  Your scout is on the way to the enemy home planet.","好极了！您的侦察机正前往敌人的母星。"
基础,tutorialsteps.xml,Bas_AdvFactory_2,"     - While less important than the Advanced Research Station early in the game, these are critical in the late game.","-游戏早期高级兵工厂并不如高级研究所重要，但后期它的重要性就体现出来了。"
基础,tutorialsteps.xml,Int_Attack4_1a,"Let's look at the Intel Summaries (on the galaxy map) for the planets we've explored: ","让我们看看星系视图中已探索行星的信息："
基础,tutorialsteps.xml,Int_Attack10_4b,",
          you'll need to build a colony ship and send that over there to build a command station of your own.","行星上敌人的指挥中心和星门，
     您还需要建造一艘殖民舰并把它移动到那个行星来建造指挥中心。"
基础,tutorialsteps.xml,Bas_BuildMobl_3a,"1. Build a Mobile Builder near the ","[必选任务1]在"
基础,tutorialsteps.xml,Bas_Beachhead_1a,"Now let's build on ","现在让我们在敌人的行星"
基础,tutorialsteps.xml,Int_Attack3IC_3,"     The extra ships not only give our bombers cover from the ion cannon, but they also engage the Mark III ships guarding the ion cannon.","其他类型的部队不仅能掩护您的轰炸机，他们也能缠住护卫离子炮的III型部队。"
基础,tutorialsteps.xml,Bas_Scouting_1a,"Let's gather intel about the enemy planet ","让我们获得敌人"
基础,tutorialsteps.xml,Int_Wel_2,"- Welcome!  Here you'll undertake a simulated campaign in a very small 10-planet galaxy map.
- We'll guide you through the STRATEGY (choosing targets, determining what to do when, etc), but we'll
  leave the TACTICS (managing production, overseeing battles, routing ships, etc) entirely up to you.","-欢迎您！您将在一个非常小，只有10个行星的星系内开始一场模拟战斗。
-我们将在战略层面（选择目标，决定何时做什么等等）给予您指导，
但在战术层面（管理生产，进行战斗，移动部队等等）完全由您自行操作。"
基础,tutorialsteps.xml,Int_Intel2_5b," and 5 to ","行星，另外5艘送到"
基础,tutorialsteps.xml,Int_Defense_1,"Now that you have a target, you'll want to build up a strike force.  Don't forget to defend your own planet, however.","您已经有了一个目标，您还需要建造部队。当然也别忘记防御您的行星。"
基础,tutorialsteps.xml,Int_Closing_1,"Victory!  You've successfully completed this mini-campaign.","恭喜您！您胜利了！您成功地完成了中级教程！"
基础,tutorialsteps.xml,Int_IncWaves6_2,"1. Bombers are particularly apt at taking out tanks, so you'll want to have plenty of those.
2. As for the cloaked ships, you can't tell what kind of ships those are, so build a balanced fleet.
3. If you want to know where the waves will arrive, you can build Advanced Warp Sensors at this new planet.
4. If you have idle miltary ships at other planets, you might want to bring them here to help defend.
5. Keep building as many ships as you can, both for this defensive effort and for use in our next attack.","1、轰炸机很擅长对付太空坦克，您可能应该多造一些。
2、对于隐形单位，您并不知道它的单位类型，所以请建造一支部队平衡的舰队。
3、如果您想要知道攻势从哪个虫洞发动，您可以在这个行星建造高级星际跃迁探测器。
4、如果您在其他行星有待命的军事单位，您最好将他们移到此行星帮助防御。
5、尽可能多地建造部队，在这次攻势中和我们的下一次进攻中都会有用的。"
基础,tutorialsteps.xml,Bas_DockLoop_6,"     1. Left-click your Space Dock.
     2. Left-click five times, or hold the Shift key and click once, until there are exactly 5 Bombers queued.
     3. Just left-click once for the fighter.","1、左键单击您的兵工厂。
     2、左键单击轰炸机的按钮5次，或者按住Shift后用左键单击1次，以建造5艘轰炸机（第四排从左数第三个按钮）。
     3、左键单击歼击机的按钮1次（第四排从左数第二个按钮）。"
基础,tutorialsteps.xml,Int_Scout6_5,"     Bombers are probably a good first choice in this campaign, with any of the other three a great second choice.","解锁轰炸机是一个很不错的主意，当然您也可以解锁其他几种单位。"
基础,tutorialsteps.xml,Bas_GalMap_3,"     TIP: You can also left-click the map button to the upper right of the planetary view minimap.","按TAB键可以在行星视图和星系视图间切换。
     您也可以用左键单击迷你星图右上角的按钮来切换到星系视图。"
基础,tutorialsteps.xml,Bas_ARSInfo_3,"Capturing these represents a major event during the course of the game (there are typically 5 to capture).","占领这些研究所的意义重大。"
基础,tutorialsteps.xml,Int_Attack5_1b," is the enemy home planet, and ","行星是敌人的母星，而"
基础,tutorialsteps.xml,Bas_SelLab_3,"     - Select one (and only one) of your Science Labs.
     - If it moves to a new planet, you'll have to go there and reselect it.","-选择一个（只选择一个）科学实验室。
     -如果它到另一个行星去了，您需要切换到那个行星再选中它。"
基础,tutorialsteps.xml,Bas_PlanetSum_1,"Planetary Summary","行星总结（任务目标下方的一排方框）"
基础,tutorialsteps.xml,Bas_Research_2,"     - The Mark II-III category gives you more advanced versions of your fleet ships.
     - The STAR category gives you more advanced starships (powerful offensive ships).
     - The DEF category gives you more advanced non-turret defensive capabilities.
     - The TURRET category gives you more advanced turrets.","-开发选项卡中的技术给予您更高级的军事单位。
     -星舰选项卡中的技术给予您更强大的星舰。
     -防御选项卡中的技术给予您更多非炮塔的防御设施。
     -炮塔选项卡中的技术给予您更先进的炮塔。"
基础,tutorialsteps.xml,Bas_ZoomOut_3,"     - The easiest way to zoom is with your wheel mouse -- you are playing this with a wheel mouse, right?
     - Alternatively, you can use the Page Up and Page Down keys.
     - To quickly go to specific zoom levels, you can also use the Q, W, E, and R hotkeys.","-要进行缩放，最简单的办法就是使用滚轮--您的鼠标应该是有滚轮的，对吧？
     -当然，您也可以使用键盘上的Page Up键与Page Down键。
     -想要快速缩放到特定大小，您可以使用Q、W、E、R几个快捷键。"
基础,tutorialsteps.xml,Int_Attack3IC_4b,", and then quickly switch to that planet and locate the ion cannon.  Remember that location.
3. Send at least 100 bombers and 400 other ships into ","行星发送5到6艘侦察机，快速切换到此行星并记住敌人离子炮的位置。
3、向"
基础,tutorialsteps.xml,Int_GateRaid1_4a,"2. Send 5 or 6 scouts to ","2、向"
基础,tutorialsteps.xml,Bas_DockLoop_3,"Set Your Space Dock To Loop Build.","[必选任务1]将您的兵工厂设为循环建造。"
基础,tutorialsteps.xml,Bas_BuildMili_6,"     1. Left-click your Space Dock.
     2. Left-click each of the three above mentioned buttons once.
     3. If you want your ships to go to a specific location after they emerge, right-click that location.","1、左键单击您的兵工厂。
     2、左键单击上面提到的部队的按钮各一次（第三排从左数后三个按钮）。
     3、如果您想让建造完成的单位集合到一个地点，只需右键单击那个地点。"
基础,tutorialsteps.xml,Int_AttackH_1b,".","行星发动总攻！"
基础,tutorialsteps.xml,Int_About_2c," -- but the AI Progress will go up by 5.","行星上的星门即可--但人工智能进度将上升5点。"
基础,tutorialsteps.xml,Bas_2Wel_1,"Basic Tutorial 2: Building Your Economy","基础教程2：发展经济"
基础,tutorialsteps.xml,Bas_MovScout_3b," wormhole.","虫洞移动。"
基础,tutorialsteps.xml,Int_About_2a,"- You'll notice that, since it doesn't border any enemy planets, it can't be directly attacked.
- If you are so inclined, you can create the same situation for ","-您可以看到，由于它并没有与任何拥有星门的敌方行星相邻，因此不会受到敌人的直接攻击。
-如果您对此非常在意，您也可以让"
基础,tutorialsteps.xml,Int_Attack3IC_4c,", and target them on the enemy ion cannon, ignoring all else.","行星派遣至少100艘轰炸机与400艘其他类型的部队，只攻击敌人离子炮，无视其他所有单位。"
基础,tutorialsteps.xml,Bas_GalInfo_1,"Galaxy View will be instrumental for planning and executing your strategy.
This view shows you all the planets you have explored, as well as an Intel Summary for each one.
Normally you can't see any enemy planets (they all show up as small, white, and unexplored),
but for purposes of this tutorial we've shown you the enemy home planet.","星系视图适用于安排和执行您的战术。
它也会显示出所有您已探索的行星，以及每个行星的信息。
通常您看不到任何敌人的行星（它们看着像很小的白色星星）。
但在这个教程里为了演示，我们显示了敌人的母星。"
基础,tutorialsteps.xml,Int_ScoutRem_2,"     - Use all the tactics you have learned thus far -- grouping scouts, sending cover with the scouts, or whatever else gets them through.
     - If you still have your starting Mark II scout, you could also use it.
     - You could also unlock higher-level scouts, but that would be unwise in this particular campaign (you need all the military ships you can get).","-使用到目前为止您学到的技巧--侦察机集群，掩护侦察机，或者其他方法来让侦察机安全到达目的地。
     -如果初始的侦察机II型还存在，您也可以使用它。
     -您也可以解锁更高等级的侦察机，但在这个教程中，这并不是个好主意（您需要更强的军事实力）。"
基础,tutorialsteps.xml,Bas_MoveLabs_4,"     - Remember, with the ships selected you can hold Ctrl and right-click a wormhole.
     - Alternatively, You can switch to the Galaxy View and just right-click on the planet you want them to go to.","-请记住，您可以选择单位，按住Ctrl键并用右键单击虫洞以完成操作。
     -同样的，您也可以切换到星系视图，然后右键单击您的目的地。"
基础,tutorialsteps.xml,Bas_SwitchView_3,"     - Alternatively, Left-click on the planet to which you'd like to switch.","-您也可以用左键单击一个行星来切换到该行星的视图。"
基础,tutorialsteps.xml,Bas_Priority_2,"1. Use the P9 button to mark the enemy planet as the highest priorty now.
2. Then right-click to exit priority-setting mode.","[必选任务]使用P9按钮标记敌人的母星。"
基础,tutorialsteps.xml,Bas_DockLoop_2,"     In a real game, to capture an enemy planet will require you to build hundreds, sometimes thousands, of ships.
     Having to keep coming back to ""refill"" each Space Dock with orders would be a real pain, so...","正常游戏中，想要占领一个敌方行星，您可能需要建造建造成百上千的部队。
     如果每次建造都需要重复操作，那也太痛苦了，所以……"
基础,tutorialsteps.xml,Bas_Home_2,"     VERY IMPORTANT:  About Home Command Stations
     Home Command Stations are your most vital unit -- whichever team loses all of theirs first, loses the game.
     If this were Chess, your Home Command Station would be your king.","重要信息：关于母星指挥中心
     母星指挥中心是您最重要的单位--先失去了所有的母星指挥中心的一方将输掉该局。
     以象棋做比喻的话，您的母星指挥中心就是您的帅或将。"
基础,tutorialsteps.xml,Bas_Scouting_5a,"     - Hold down the Ctrl key while right-clicking the ","-按住Ctrl键并用右键单击"
基础,tutorialsteps.xml,Int_Intel2_6,"     If none make it through, you can try again and send some other small, fast ships (fighters, for instance) for cover.","如果他们全灭了，那么可以再试一次，并且派其他小而快的部队（如歼击机）来掩护侦察机。"
基础,tutorialsteps.xml,Int_Scout6_3a,"     Building at least one dock on ","在"
基础,tutorialsteps.xml,Int_About_1b," is now yours!","行星是您的了！"
基础,tutorialsteps.xml,Int_Attack3IC_2a,"1. Gather at least 100 bombers and 400 other ships on ","1、在"
基础,tutorialsteps.xml,Bas_BuildCrys_2,"Our crystal income is still lacking, however.
Crystal is also used for building ships -- some require a lot of crystal, some require none at all.","不过我们的水晶收入仍然不高。
水晶也是用来建造单位的--一些单位需要大量水晶，而一些单位一点都不需要。"
基础,tutorialsteps.xml,Int_AttackH_2b,", so just build a large strike group (1,000-1,500 ships) and send them through.","行星的必要，只需建造尽可能多的部队并将它们送到敌人母星就对了。"
基础,tutorialsteps.xml,Bas_BuildReac_5,"     TIP 1:  Build it near your engineer, and the engineer will help build it faster.
     TIP 2: Try to build only one reactor of each type on a single planet, though -- otherwise energy efficiency can be very bad.","提示1：在工程师附近建造它，工程师能加速建造。
     提示2：除非极需要能量，最好不要在一个行星上建造超过一个同类型的反应装置，否则能量效率会大大下降。"
基础,tutorialsteps.xml,Int_Rules_9,"     But you'll miss out on a lot of strategy training that way.","但是那样您将错过许多锻炼机会。"
基础,tutorialsteps.xml,Bas_MoveLabs_2b," Knowledge per planet (you also start with 10,000).
     - Normally this process takes longer, but we accelerated it for this tutorial.","点知识（一开始您就有10,000点知识）。
     -通常收集行星上所有知识要花费很长时间，但在这个教程里为了演示，我们加速完成了收集。"
基础,tutorialsteps.xml,Int_Scout6_6a,"Required: If you have not done so already, send scouts to all planets adjacent to ","必选：如果您还没有这么做，派侦察机来侦察与"
基础,tutorialsteps.xml,Bas_1Wel_3,"     New to Real-Time Strategy games?
     In RTS games, as in Chess, ""you"" aren't represented by any ship in the game.
     You're a distant commander, looking down on the battles and issuing orders
     through a mobile camera that you zoom and pan.","您是第一次玩即时战略游戏吗？
     即时战略游戏中，您不是游戏中的部队，
     而是一位观察战场并对部队发布命令的指挥官。"
基础,tutorialsteps.xml,Bas_DockPause_2,"     If your economy takes a dive for whatever reason (overbuilding, enemy attack, etc),
     you can use the Pause button in the Space Docks to temporarily stop production.
     This is much quicker than clearing your queue (right-clicking queue items) and starting over.","如果您的资源暂时不太够了，您可以在兵工厂里使用暂停按钮来暂时停止生产。
     这比起清除队列（用右键单击队列单位）后重新点击按钮的效率要高很多。"
基础,tutorialsteps.xml,Int_Wel_4,"This is a great chance to try out everything you learned in the basic tutorials in a live-fire setting.","您可以在这里练习您在基础教程中学到的东西。"
基础,tutorialsteps.xml,Int_Knowl3_1a,"KNOWLEDGE STEALING:  Now that the ion cannon is gone, we could take ","强行收集知识：离子炮已经被摧毁了，我们可以占领"
基础,tutorialsteps.xml,Bas_BuildMili_2,"     - Mobile military ships are all built at the Space Dock.
     - Each ship takes a while to build, so in a typical game you will build many Space Docks.","-太空兵工厂里可以建造所有类型的军事单位。
     -每一个部队都需要一定时间来建造，在正常游戏里您可能需要建造很多太空兵工厂。"
基础,tutorialsteps.xml,Bas_AdvFactory_3,"The ONLY way to build Mark IV ships is at Advanced Factories, which you can only acquire through capture.","建造IV型部队的唯一方法就是通过这些高级兵工厂。"
基础,tutorialsteps.xml,Bas_Attack_1b,".","行星上的敌人指挥中心和星门。"
基础,tutorialsteps.xml,Bas_BuildCrys_3,"Build your Crystal Harvesters.","[必选任务]在行星上建造水晶采集厂。"
基础,tutorialsteps.xml,Bas_ZoomInfo_1,"Excellent!  Now that you've zoomed out, you can pan around easily.","很好！您已经将视图缩放到最远了，现在可以尝试进行滚屏。"
基础,tutorialsteps.xml,Bas_Scouting_3,"     NOTE: You can see selected ships, if there are any, on a dark blue button in the bottom left.
             That button shows the number of selected ships as a small tally, and shows the percent
             health remaining for those ships.  You can hover over the button for more detailed info.","注意：您可以在屏幕底部的暗蓝色按钮上看到选中的单位信息。
     这个按钮显示了选中的单位的数量和当前的机能情况。您可以将鼠标指针停在这个按钮上以获得更详细的信息。"
基础,tutorialsteps.xml,Bas_DockLoop_7,"     TIP: If you accidentally queue too many of a type, right-click the type to dequeue ships.","提示：如果您在队列中不小心加入了过多同一类型的单位，可以用右键单击该单位按钮来减少数量。"
基础,tutorialsteps.xml,Bas_1Closing_3,"In short, remember the basic skills you've learned in this tutorial, because you won't get very far without them!","简而言之，请记住在这个教程中学到的东西，否则您将很难玩好这个游戏。"
基础,tutorialsteps.xml,Bas_BuildExo_4,"Build a Harvester Exo-Force-Field.","[必选任务]建造一个采集厂外围力场。"
基础,tutorialsteps.xml,Int_Rules_8,"4.  You can, of course, ignore everything we say and still win this tutorial -- just destroy the enemy home planet command station.","4、您当然可以忽略我们所说的一切而仍然能赢得胜利，只要您摧毁了敌人的母星指挥中心。"
基础,tutorialsteps.xml,Bas_ZoomOut_5,"                   When zooming in using the mouse wheel or the paging buttons, it zooms in on your cursor.","当使用滚轮、Page Up或Page Down按键时，视图将以您的鼠标指针为中心进行缩放。"
基础,tutorialsteps.xml,Bas_DockPause_4,"     1. While the Space Dock is selected, click the Play/Pause button on the topmost row of buttons.","选中兵工厂，用左键单击单位列表左上角的暂停按钮。"
扩展包1,1achievements.xml,EXP1_WhatANinny_Silver,"2. What A Ninny","2. 笨死的"
扩展包1,1achievements.xml,EXP1_SkeweredLizard_Bronze_Desc,"Win against Camouflager on any difficulty.","在任何难度下战胜伪装者。"
扩展包1,1achievements.xml,EXP1_TheBiggerTheyAre_Bronze,"4. The Bigger They Are...","4. 魔舰反噬"
扩展包1,1achievements.xml,EXP1_CaptainWeAreTakingDamage_Bronze_Desc,"Win against Starfleet Commander on any difficulty.","在任何难度下战胜星际舰队指挥官。"
扩展包1,1achievements.xml,EXP1_SkeweredLizard_Silver,"3. Skewered Lizard","3. 串烧变色龙"
扩展包1,1achievements.xml,EXP1_DoNotOpenThatDoor_Bronze_Desc,"Win against One-Way Doormaster on any difficulty.","在任何难度下战胜禁闭大师。"
扩展包1,1achievements.xml,EXP1_TheBiggerTheyAre_Gold,"4. The Bigger They Are...","4. 魔舰反噬"
扩展包1,1achievements.xml,EXP1_ILikeTryingNewThings_Bronze,"3. I Like Trying New Things","3. 我爱尝试新事物"
扩展包1,1achievements.xml,EXP1_YouGuysAreMean_Gold,"3. You Guys Are Mean","3. 人再多也没用!"
扩展包1,1achievements.xml,EXP1_DoNotOpenThatDoor_Silver,"2. Don't Open That Door","2. 别开门"
扩展包1,1achievements.xml,EXP1_WhatANinny_Gold,"2. What A Ninny","2. 笨死的"
扩展包1,1achievements.xml,EXP1_YouGuysAreMean_Bronze,"3. You Guys Are Mean","3. 人再多也没用!"
扩展包1,1achievements.xml,EXP1_GoBackWhereYouCameFrom_Silver,"2. Go Back Where You Came From","2. 滚回你的老家去"
扩展包1,1achievements.xml,EXP1_TheBiggerTheyAre_Silver,"4. The Bigger They Are...","4. 魔舰反噬"
扩展包1,1achievements.xml,EXP1_YouGuysAreMean_Bronze_Desc,"Win against Tag Teamer on any difficulty.","在任何难度下战胜合作团队。"
扩展包1,1achievements.xml,EXP1_WhatANinny_Gold_Desc,"Win against Shield Ninny on difficulty 9 or up.","在难度9或以上战胜只拿盾的傻子。"
扩展包1,1achievements.xml,EXP1_TheBiggerTheyAre_Silver_Desc,"Win against Golemite on difficulty 7 or up.","在难度7或以上战胜魔舰控制者。"
扩展包1,1achievements.xml,EXP1_IHateRaspberry_Silver,"4. I Hate Raspberry!","4. 我讨厌干扰!"
扩展包1,1achievements.xml,EXP1_DoNotOpenThatDoor_Gold_Desc,"Win against One-Way Doormaster on difficulty 9 or up.","在难度9或以上战胜禁闭大师。"
扩展包1,1achievements.xml,EXP1_GoBackWhereYouCameFrom_Bronze,"2. Go Back Where You Came From","2. 滚回你的老家去"
扩展包1,1achievements.xml,EXP1_Kumbaya_Bronze_Desc,"Win against Peacemaker on any difficulty.","在任何难度下战胜和平缔造者。"
扩展包1,1achievements.xml,EXP1_SkeweredLizard_Silver_Desc,"Win against Camouflager on difficulty 7 or up.","在难度7或以上战胜伪装者。"
扩展包1,1achievements.xml,EXP1_Kumbaya_Silver,"3. Kumbaya","3. 信从我"
扩展包1,1achievements.xml,EXP1_IHateRaspberry_Bronze,"4. I Hate Raspberry!","4. 我讨厌干扰!"
扩展包1,1achievements.xml,EXP1_Kumbaya_Silver_Desc,"Win against Peacemaker on difficulty 7 or up.","在难度7或以上战胜和平缔造者。"
扩展包1,1achievements.xml,EXP1_IHateRaspberry_Silver_Desc,"Win against Radar Jammer on difficulty 7 or up.","在难度7或以上战胜雷达干扰机。"
扩展包1,1achievements.xml,EXP1_DoISeemHeavierToYou_Gold,"2. Do I Seem Heavier To You?","2. 你比我轻!"
扩展包1,1achievements.xml,EXP1_PipeDown_Gold_Desc,"Win against Alarmist on difficulty 9 or up.","在难度9或以上战胜警报员。"
扩展包1,1achievements.xml,EXP1_PipeDown_Bronze_Desc,"Win against Alarmist on any difficulty.","在任何难度下战胜警报员。"
扩展包1,1achievements.xml,EXP1_PowerOfTheSunInMyHand_Silver_Desc,"Win with the Zenith Dyson Sphere minor faction enabled on any difficulty.","在任何难度下启用天顶戴森球并取得胜利。"
扩展包1,1achievements.xml,EXP1_CaptainWeAreTakingDamage_Silver,"3. Captain, We're Taking Damage","3. 舰队正受到攻击"
扩展包1,1achievements.xml,EXP1_ILikeTryingNewThings_Gold_Desc,"Win against Experimentalist on difficulty 9 or up.","在难度9或以上战胜试验主义者。"
扩展包1,1achievements.xml,EXP1_PipeDown_Silver,"4. Pipe Down!","4. 闭嘴!"
扩展包1,1achievements.xml,EXP1_CaptainWeAreTakingDamage_Silver_Desc,"Win against Starfleet Commander on difficulty 7 or up.","在难度7或以上战胜星际舰队指挥官。"
扩展包1,1achievements.xml,EXP1_SkeweredLizard_Gold,"3. Skewered Lizard","3. 串烧变色龙"
扩展包1,1achievements.xml,EXP1_DoISeemHeavierToYou_Silver_Desc,"Win against Gravity Driller on difficulty 7 or up.","在难度7或以上战胜重力钻机。"
扩展包1,1achievements.xml,EXP1_YouGuysAreMean_Silver,"3. You Guys Are Mean","3. 人再多也没用!"
扩展包1,1achievements.xml,EXP1_BulletproofVest_Gold_Desc,"Win against Raid Engine on difficulty 9 or up.","在难度9或以上战胜突击引擎。"
扩展包1,1achievements.xml,EXP1_Kumbaya_Bronze,"3. Kumbaya","3. 信从我"
扩展包1,1achievements.xml,EXP1_WhatANinny_Bronze,"2. What A Ninny","2. 笨死的"
扩展包1,1achievements.xml,EXP1_DoNotOpenThatDoor_Silver_Desc,"Win against One-Way Doormaster on difficulty 7 or up.","在难度7或以上战胜禁闭大师。"
扩展包1,1achievements.xml,EXP1_IHateRaspberry_Bronze_Desc,"Win against Radar Jammer on any difficulty.","在任何难度下战胜雷达干扰机。"
扩展包1,1achievements.xml,EXP1_IHateRaspberry_Gold,"4. I Hate Raspberry!","4. 我讨厌干扰!"
扩展包1,1achievements.xml,EXP1_YouGuysAreMean_Silver_Desc,"Win against Tag Teamer on difficulty 7 or up.","在难度7或以上战胜合作团队。"
扩展包1,1achievements.xml,EXP1_DoISeemHeavierToYou_Bronze,"2. Do I Seem Heavier To You?","2. 你比我轻!"
扩展包1,1achievements.xml,EXP1_TheBiggerTheyAre_Bronze_Desc,"Win against Golemite on any difficulty.","在任何难度下战胜魔舰控制者。"
扩展包1,1achievements.xml,EXP1_PipeDown_Gold,"4. Pipe Down!","4. 闭嘴!"
扩展包1,1achievements.xml,EXP1_Kumbaya_Gold_Desc,"Win against Peacemaker on difficulty 9 or up.","在难度9或以上战胜和平缔造者。"
扩展包1,1achievements.xml,EXP1_SlowDown_Bronze,"3. Slow Down!","3. 减速吧!"
扩展包1,1achievements.xml,EXP1_PipeDown_Bronze,"4. Pipe Down!","4. 闭嘴!"
扩展包1,1achievements.xml,EXP1_WhatANinny_Silver_Desc,"Win against Shield Ninny on difficulty 7 or up.","在难度7或以上战胜只拿盾的傻子。"
扩展包1,1achievements.xml,EXP1_ForgetTheIndigenous_Silver,"3. Forget The Indigenous","3. 别管这些乡巴佬"
扩展包1,1achievements.xml,EXP1_SlowDown_Gold,"3. Slow Down!","3. 减速吧!"
扩展包1,1achievements.xml,EXP1_GoBackWhereYouCameFrom_Gold_Desc,"Win against Zenith Descendant on difficulty 9 or up.","在难度9或以上战胜天顶后裔。"
扩展包1,1achievements.xml,EXP1_BulletproofVest_Gold,"4. Bulletproof Vest","4. 防弹背心"
扩展包1,1achievements.xml,EXP1_WhatANinny_Bronze_Desc,"Win against Shield Ninny on any difficulty.","在任何难度下战胜只拿盾的傻子。"
扩展包1,1achievements.xml,EXP1_Kumbaya_Gold,"3. Kumbaya","3. 信从我"
扩展包1,1achievements.xml,EXP1_SkeweredLizard_Gold_Desc,"Win against Camouflager on difficulty 9 or up.","在难度9或以上战胜伪装者。"
扩展包1,1achievements.xml,EXP1_YouGuysAreMean_Gold_Desc,"Win against Tag Teamer on difficulty 9 or up.","在难度9或以上战胜合作团队。"
扩展包1,1achievements.xml,EXP1_DoISeemHeavierToYou_Gold_Desc,"Win against Gravity Driller on difficulty 9 or up.","在难度9或以上战胜重力钻机。"
扩展包1,1achievements.xml,EXP1_DoISeemHeavierToYou_Silver,"2. Do I Seem Heavier To You?","2. 你比我轻!"
扩展包1,1achievements.xml,EXP1_Insatiable_Silver_Desc,"Win with the Zenith Devourer minor faction enabled on any difficulty.","在任何难度下启用天顶吞噬者并取得胜利。"
扩展包1,1achievements.xml,EXP1_CaptainWeAreTakingDamage_Bronze,"3. Captain, We're Taking Damage","3. 舰队正受到攻击"
扩展包1,1achievements.xml,EXP1_DoNotOpenThatDoor_Gold,"2. Don't Open That Door","2. 别开门"
扩展包1,1achievements.xml,EXP1_SlowDown_Bronze_Desc,"Win against Speed Racer on any difficulty.","在任何难度下战胜极速赛车手。"
扩展包1,1achievements.xml,EXP1_ILikeTryingNewThings_Silver,"3. I Like Trying New Things","3. 我爱尝试新事物"
扩展包1,1achievements.xml,EXP1_CaptainWeAreTakingDamage_Gold,"3. Captain, We're Taking Damage","3. 舰队正受到攻击"
扩展包1,1achievements.xml,EXP1_SlowDown_Silver,"3. Slow Down!","3. 减速吧!"
扩展包1,1achievements.xml,EXP1_PipeDown_Silver_Desc,"Win against Alarmist on difficulty 7 or up.","在难度7或以上战胜警报员。"
扩展包1,1achievements.xml,EXP1_SkeweredLizard_Bronze,"3. Skewered Lizard","3. 串烧变色龙"
扩展包1,1achievements.xml,EXP1_TheBiggerTheyAre_Gold_Desc,"Win against Golemite on difficulty 9 or up.","在难度9或以上战胜魔舰控制者。"
扩展包1,1achievements.xml,EXP1_ILikeTryingNewThings_Gold,"3. I Like Trying New Things","3. 我爱尝试新事物"
扩展包1,1achievements.xml,EXP1_GoBackWhereYouCameFrom_Bronze_Desc,"Win against Zenith Descendant on any difficulty.","在任何难度下战胜天顶后裔。"
扩展包1,1achievements.xml,EXP1_DiscountsNotAccepted_Silver,"3. Discounts Not Accepted","3. 拒绝打折"
扩展包1,1achievements.xml,EXP1_DiscountsNotAccepted_Silver_Desc,"Win with the Zenith Traders minor faction enabled on any difficulty.","在任何难度下启用天顶贸易商并取得胜利。"
扩展包1,1achievements.xml,EXP1_ILikeTryingNewThings_Bronze_Desc,"Win against Experimentalist on any difficulty.","在任何难度下战胜试验主义者。"
扩展包1,1achievements.xml,EXP1_BulletproofVest_Bronze,"4. Bulletproof Vest","4. 防弹背心"
扩展包1,1achievements.xml,EXP1_Insatiable_Silver,"3. Insatiable","3. 永不满足"
扩展包1,1achievements.xml,EXP1_SlowDown_Gold_Desc,"Win against Speed Racer on difficulty 9 or up.","在难度9或以上战胜极速赛车手。"
扩展包1,1achievements.xml,EXP1_CaptainWeAreTakingDamage_Gold_Desc,"Win against Starfleet Commander on difficulty 9 or up.","在难度9或以上战胜星际舰队指挥官。"
扩展包1,1achievements.xml,EXP1_BulletproofVest_Silver,"4. Bulletproof Vest","4. 防弹背心"
扩展包1,1achievements.xml,EXP1_BulletproofVest_Silver_Desc,"Win against Raid Engine on difficulty 7 or up.","在难度7或以上战胜突击引擎。"
扩展包1,1achievements.xml,EXP1_DoNotOpenThatDoor_Bronze,"2. Don't Open That Door","2. 别开门"
扩展包1,1achievements.xml,EXP1_BulletproofVest_Bronze_Desc,"Win against Raid Engine on any difficulty.","在任何难度下战胜突击引擎。"
扩展包1,1achievements.xml,EXP1_ForgetTheIndigenous_Silver_Desc,"Win with the Zenith Miners minor faction enabled on any difficulty.","在任何难度下启用天顶破坏者并取得胜利。"
扩展包1,1achievements.xml,EXP1_PowerOfTheSunInMyHand_Silver,"3. Power Of The Sun In My Hand","3. 太阳之力在我手"
扩展包1,1achievements.xml,EXP1_SlowDown_Silver_Desc,"Win against Speed Racer on difficulty 7 or up.","在难度7或以上战胜极速赛车手。"
扩展包1,1achievements.xml,EXP1_ILikeTryingNewThings_Silver_Desc,"Win against Experimentalist on difficulty 7 or up.","在难度7或以上战胜试验主义者。"
扩展包1,1achievements.xml,EXP1_IHateRaspberry_Gold_Desc,"Win against Radar Jammer on difficulty 9 or up.","在难度9或以上战胜雷达干扰机。"
扩展包1,1achievements.xml,EXP1_DoISeemHeavierToYou_Bronze_Desc,"Win against Gravity Driller on any difficulty.","在任何难度下战胜重力钻机。"
扩展包1,1achievements.xml,EXP1_GoBackWhereYouCameFrom_Gold,"2. Go Back Where You Came From","2. 滚回你的老家去"
扩展包1,1achievements.xml,EXP1_GoBackWhereYouCameFrom_Silver_Desc,"Win against Zenith Descendant on difficulty 7 or up.","在难度7或以上战胜天顶后裔。"
扩展包1,1aitypes.xml,ZenithDescendant,"Zenith Descendant","天顶后裔"
扩展包1,1aitypes.xml,ShieldNinny,"Shield Ninny","只拿盾的傻子"
扩展包1,1aitypes.xml,Experimentalist,"Experimentalist","实验主义者"
扩展包1,1aitypes.xml,Golemite,"Golemite","魔舰控制者"
扩展包1,1aitypes.xml,Peacemaker,"Peacemaker","和平缔造者"
扩展包1,1aitypes.xml,SpeedRacer,"Speed Racer","极速赛车手"
扩展包1,1aitypes.xml,TagTeamer,"Tag Teamer","合作团队"
扩展包1,1aitypes.xml,Raid_Engine,"Raid Engine","突击引擎"
扩展包1,1aitypes.xml,RadarJammer,"Radar Jammer","雷达干扰器"
扩展包1,1aitypes.xml,StarfleetCommander,"Starfleet Commander","星际舰队指挥官"
扩展包1,1aitypes.xml,Alarmist,"Alarmist","警报员"
扩展包1,1aitypes.xml,Camouflager,"Camouflager","伪装者"
扩展包1,1aitypes.xml,GravDriller,"Grav Driller","重力钻机"
扩展包1,1aitypes.xml,OneWayDoormaster,"One-Way Doormaster","禁闭大师"
扩展包1,1main.xml,NAITShieldNinny,"Planets are all heavily defended, often with special boosters for allied shields or inhibitors for enemy shields, but this AI never launches waves at the players.
 ","所有星球的防御都很牢固，且一般都有星球力场强化器或星球力场抑制器，但不会进攻玩家。"
扩展包1,1main.xml,NMapVines,"Connections between planets are strung together in a very long line, with ""leaves"" sprouting every few junctures.","行星之间的连接是串成一条非常长的线，并每隔几个关节就伸连着“叶子＂。"
扩展包1,1main.xml,Warn_MiningGolem1,"Mining Golem will destroy ","爆破魔舰将破坏"
扩展包1,1main.xml,EAITZenithDescendant,"All Zenith ships.","从一开始就拥有天顶（Z）部队。"
扩展包1,1main.xml,NAITGolemite,"Has fully-functioning golems on a great many of its planets.  Since the AI Progress goes up
greatly when these are repaired, care must be taken to destroy these all in one wave to avoid any such penalty.
 ","大部分星球上都有完全运转的魔舰。最好是能将它们同时消灭。"
扩展包1,1main.xml,NAITPeacemaker,"Uses anti-golem, anti-starship, anti-warhead, etc, ships on all its planets.
 ","所有星球上都有反魔舰、反星舰、反飞弹等单位。"
扩展包1,1main.xml,Warn_Devourer,"Devourer Golem at ","吞噬魔舰在"
扩展包1,1main.xml,NAITAlarmist,"Uses alarm posts (special forces or regular) on all of their planets.  Makes for massive cross-planet attacks unless players carefully kill these alarms.
 ","所有星球上都有警报器（特种部队警报器或普通警报器）。"
扩展包1,1main.xml,TAITSpeedRacer,"Speed Racer","极速赛车手"
扩展包1,1main.xml,NAITStarfleetCommander,"Aggressive AI that uses starships heavily in place of normal fleet ships.
 ","攻击性的人工智能，常使用星舰与正常部队混合进攻。"
扩展包1,1main.xml,NMapSnake,"Connections between planets are strung together in a very long line, or series of lines.","行星之间的连接串连出很长的线路，或连续的线。"
扩展包1,1main.xml,TrojanDistributionFound,"Trojan Distribution Node Destroyed! Lost ","木马分流节点被摧毁了！失去了"
扩展包1,1main.xml,TAITCamouflager,"Camouflager","伪装者"
扩展包1,1main.xml,NAITSpeedRacer,"All of its mobile ships have been upgraded to move extremely fast.
 ","部队研究了特殊的移动技术，移动速度非常快。"
扩展包1,1main.xml,NAITCamouflager,"All of its mobile ships look like harmless pieces of junk when stationary and not firing.
 ","部队静止不动时就像无害的太空垃圾碎片。"
扩展包1,1main.xml,UAITRaidEngine,"Raid Engine","突击引擎"
扩展包1,1main.xml,NAITRaidEngine,"Uses Raid Engines on a huge number of their planets.  Makes for very frequent, short-term brutal waves in addition to the normal waves unless players carefully kill these engines.
 ","大部分星球上都有突击引擎。"
扩展包1,1main.xml,Warn_MiningGolem2," in ","在"
扩展包1,1main.xml,NAITGravDriller,"Aggressive AI with many gravity drill stations on its planets.  Gravity Drills nullify teleporting units and majorly slow down all other units, but when captured provide free resources and energy.
 ","攻击性的人工智能，星球上有许多重力钻站。重力钻站令瞬移单位无效并减慢所有单位的移动，但一旦被占领了将提供不少资源与能量。"
扩展包1,1main.xml,EAITShieldNinny,"Planetary Shield Boosters, Planetary Shield Inhibitors","星球力场强化器，星球力场抑制器"
扩展包1,1main.xml,UAITGolemite,"Golems","魔舰"
扩展包1,1main.xml,NMapSpokes,"Connections between planets are all centered around a few key central areas.","行星之间的连接围绕着一些关键的中心地区。"
扩展包1,1main.xml,TAITAlarmist,"Alarmist","警报员"
扩展包1,1main.xml,EAITOneWayDoormaster,"Black Hole Machines","黑洞机"
扩展包1,1main.xml,TAITGolemite,"Golemite","魔舰控制者"
扩展包1,1main.xml,TAITRaidEngine,"Raid Engine","突击引擎"
扩展包1,1main.xml,TAITStarfleetCommander,"Starfleet Commander","星际舰队指挥官"
扩展包1,1main.xml,TAITZenithDescendant,"Zenith Descendant","天顶后裔"
扩展包1,1main.xml,TAITOneWayDoormaster,"One-Way Doormaster","禁闭大师"
扩展包1,1main.xml,EAITGravDriller,"Gravity Drill Station","重力钻站"
扩展包1,1main.xml,NAITOneWayDoormaster,"Employs black hole machines on all of its planets, which makes each raid into its territory a one-way trip if the black hole machine is not destroyed.
 ","所有星球上都有黑洞机。"
扩展包1,1main.xml,NMapTree,"Connections between planets are all in long and branching (and sub-branching) strands.","行星之间都是以长支和分支（和子分支）连接。"
扩展包1,1main.xml,UAITAlarmist,"Alarm Post, Special Forces Alarm Post","警报器，特种部队警报器"
扩展包1,1main.xml,EAITExperimentalist,"All experimental ships.","从一开始就拥有试验性部队。"
扩展包1,1main.xml,NAITExperimentalist,"Aggressive AI that uses a heavy mix of experimental ships along with its normal fleets.
 ","攻击性的人工智能，会使用试验性部队与正常部队混合进攻。"
扩展包1,1main.xml,EAITPeacemaker,"Orbital Mass Drivers, Core Warhead Interceptors","轨道粒子冲击炮，核心弹头拦截器"
扩展包1,1main.xml,TAITPeacemaker,"Peacemaker","和平缔造者"
扩展包1,1main.xml,EAITRadarJammer,"Radar Jammer","雷达干扰器"
扩展包1,1main.xml,NAITTagTeamer,"A defensive AI whose guards are extra speedy and don't stay near their posts.  This makes them more challenging to attack.
 ","防御性的人工智能，其守卫部队速度比普通的要快，而且不会停留在据点附近。这使它们更难对付。"
扩展包1,1main.xml,TAITGravDriller,"Grav Driller","重力钻机"
扩展包1,1main.xml,TAITRadarJammer,"Radar Jammer","雷达干扰器"
扩展包1,1main.xml,NAITZenithDescendant,"Aggressive AI that uses only Zenith fleet ships.
 ","攻击性的人工智能，只使用天顶一族的技术和部队。"
扩展包1,1main.xml,NMapGrid,"Planets are in a fairly orderly grid-like pattern, with a massive latticework of connections between them.","行星间连接就像有序的网格，它们的连接生成了格子。"
扩展包1,1main.xml,TAITTagTeamer,"Tag Teamer","合作团队"
扩展包1,1main.xml,DistributionFoundAnd," and ","和"
扩展包1,1main.xml,NAITRadarJammer,"Employs radar jammers on all of its planets, which makes long-range ships very ineffective against it.
 ","所有星球上都有雷达干扰器。"
扩展包1,1main.xml,DistributionFound,"Distribution Node Destroyed! Captured ","分流节点被摧毁了！得到了"
扩展包1,1main.xml,TAITExperimentalist,"Experimentalist","试验主义者"
扩展包1,1main.xml,TAITShieldNinny,"Shield Ninny","只拿盾的傻子"
扩展包1,1mapstyle.xml,EXP1_Grid,"Grid","网格"
扩展包1,1mapstyle.xml,EXP1_Tree,"Tree","树"
扩展包1,1mapstyle.xml,EXP1_Spokes,"Spokes","辐条"
扩展包1,1mapstyle.xml,EXP1_Vines,"Vines","蔓藤"
扩展包1,1mapstyle.xml,EXP1_Snake,"Snake","蛇"
扩展包1,1minorfactions.xml,ZenithDysonSphere,"Zenith Dyson Sphere","天顶戴森球"
扩展包1,1minorfactions.xml,ZenithTraders,"Zenith Traders","天顶贸易商"
扩展包1,1minorfactions.xml,ZenithDevourer,"Zenith Devourer","天顶吞噬者"
扩展包1,1minorfactions.xml,ZenithTraders_Desc,"These alien traders are happy to do business with anyone who can pay.  They travel around the galaxy, providing special ships (for a hefty fee) to both human and AI players alike. Only works with galaxy maps with 30+ planets.","这些外星商人很乐意与任何付得起钱的对象打交道。他们周游星系，对人类和人工智能提供特殊单位（巨额费用）。只适用于30个或者更多行星的星图。"
扩展包1,1minorfactions.xml,ZenithDevourer_Desc,"The nigh-indestructible Devourer Golem makes its way slowly around the galaxy, absorbing all of the non-core mobile military ships on planets it visits in order to power and repair itself. Only works with galaxy maps with 30+ planets.","几乎坚不可摧的吞噬魔舰慢慢地周游星系，吸收它所经过的星球上所有非核心类型的军事单位，以此来提供能源和进行自我修复。只适用于30个或者更多行星的星图。"
扩展包1,1minorfactions.xml,ZenithDysonSphere_Desc,"The massive Dyson Sphere Golem exists at one of the AI planets, and is basically a massive fortress that will attack humans and AIs alike.  However, if you free the planet from the AI, the sphere will realize your beneign intent and will help you fight the AI on nearby planets.  If you take the planet for yourself, the sphere will attack you until you give up the planet. Only works with galaxy maps with 30+ planets.","巨大的戴森球位于某一个人工智能行星之上，通常会攻击人类和人工智能。但是，如果您把它所在星球的人工智能消灭了，戴森球会理解你的善意并帮助你进攻附近的人工智能星球。如果您占领了它所在的星球，戴森球将攻击你，直到你放弃那个星球。只适用于30个或者更多行星的星图。"
扩展包1,1minorfactions.xml,ZenithMiners_Desc,"Every five hours or so, a Mining Golem will appear from deep space, and will spend time consuming a planet unless it is destroyed before it complete its task.  The destruction of this planet may prove advantageous or not, depending on where it lies, but the usual AI Progress increases do apply if it is an AI planet.  If one Mining Golem is destroyed, the Zenith miners will simply send another one at the next allotted time. Only works with galaxy maps with 30+ planets.","每过一定时间，爆破魔舰便会来到我们的星系，并试图摧毁一个行星。当然，这可能会给你提供便利，但是你需要知道，即使是魔舰摧毁了人工智能的行星，人工智能进度仍会增加。如果一艘爆破魔舰被摧毁了，天顶破坏者将会在下一次派出另一艘。只适用于30个或者更多行星的星图。"
扩展包1,1minorfactions.xml,ZenithMiners,"Zenith Miners","天顶破坏者"
扩展包1,1ships.xml,ZenithReserveShipsIV_Desc,"Destroy to capture a large cache of Mark IV Zenith vessels for your own use (at some AI Progress cost).
Given the large number of ships that come online at once, be sure to have between 400k 
and 1 million energy available to support them.","摧毁以获得大批天顶IV型部队为您所用(需要以一些人工智能进度为代价).
获得的所有部队将即刻有效,请确保拥有400,000到1,000,000的能量以满足它们的需求."
扩展包1,1ships.xml,WarbirdStarship_Full,"Warbird Starship","战鸟星舰"
扩展包1,1ships.xml,ZenithTradeShip_Short,"Z Trade Ship","Z贸易船"
扩展包1,1ships.xml,ZenithChameleon_Wave,"Zenith Chameleons","天顶变色龙"
扩展包1,1ships.xml,AICoProcessor_Full,"AI Co-Processor","人工智能副处理器"
扩展包1,1ships.xml,TurretTrain_Full,"Astro Turret Train","星际重炮列车"
扩展包1,1ships.xml,DecoyDrone_Desc,"Tough, armored vessel with no significant guns. Attracts all fire from enemy ships to itself in place of ships within its protection area.
Enemy ships that can fire through force fields (such as snipers and infiltrators) can also fire past decoys.","坚固的单位,攻击极弱.吸引其保护范围内的所有子弹攻击自己.
敌人可穿越力场的部队(如狙击手和潜入者)可以无视吸引."
扩展包1,1ships.xml,Wasp_Full,"Wasp","黄蜂"
扩展包1,1ships.xml,ZenithBeamFrigateII_Short,"Z Beam Frigate II","Z光束护卫舰II"
扩展包1,1ships.xml,ZenithReserveShipsI_Desc,"Destroy to capture a large cache of Mark I Zenith vessels for your own use (at some AI Progress cost).
Given the large number of ships that come online at once, be sure to have between 400k 
and 1 million energy available to support them.","摧毁以获得大批天顶I型部队为您所用(需要以一些人工智能进度为代价).
获得的所有部队将即刻有效,请确保拥有400,000到1,000,000的能量以满足它们的需求."
扩展包1,1ships.xml,RegeneratorGolemBroken_Short,"Broken Regen Golem","残旧的再生魔舰"
扩展包1,1ships.xml,DevourerGolem_Full,"Devourer Golem","吞噬魔舰"
扩展包1,1ships.xml,ZenithBeamFrigateIII_Short,"Z Beam Frigate III","Z光束护卫舰III"
扩展包1,1ships.xml,ZenithBombardment_Full,"Zenith Bombardment Ship","天顶轰击船"
扩展包1,1ships.xml,MicroParasite_Desc,"Reclaims enemy ships it kills (reclaimed ships have health = half damage inflicted by reclamator).
Very weak alone, but becomes significantly stronger when many are at the same planet.","能够操控它摧毁的战舰(被操控的战舰机能为迷你寄生虫造成的伤害的一半).
集群作战时将相当可怕."
扩展包1,1ships.xml,CoreZenithChameleon_Short,"C:Z Chameleon","核:Z变色龙"
扩展包1,1ships.xml,ZenithAutoBombII_Full,"Zenith AutoBomb Mark II","天顶自爆炸弹II型"
扩展包1,1ships.xml,BoosterTrain_Full,"Astro Speed Booster Train","星际速度助推列车"
扩展包1,1ships.xml,AcidSprayer_Desc,"Fires an acid shot at close range. Excellent at dissolving organic components found in all Zenith ships.","攻击范围近,发射酸性炮弹.善于对付天顶部队的生物组织."
扩展包1,1ships.xml,RegeneratorGolemBroken_Desc,"Very little in the way of weapons, but is able to use its own health to resurrect allied mobile ships that are killed on 
the current planet. Resurrected ships are teleported back to the golem at full health at no cost beyond the health of the golem.
Golems are extremely powerful ships, and thus are very concerning to the AI. Golems cause the AI to send larger waves and 
reinforcements to the planets the golems are on, and cause the AI Progress to increase as they are repaired from their broken form.
This golem is ancient and broken, and must be repaired to full health before it will become operational.
There will also need to be at least 400,000 net energy available before the golem will come online.","火力并不强大,但可以使用自身的机能来使刚刚在此星球被摧毁的友军可移动部队立刻复活.被复活的单位将在魔舰所在地满状态出现,复活部队不需要付出任何资源.魔舰是非常强大的单位,人工智能会非常注意它们,并会往魔舰所在星球发动更强的攻势和增援,当维修它们时人工智能进度将不停增加.
这艘魔舰相当残旧,当它可用之前必须完全维修它.
它还需要400,000的能量来驱动."
扩展包1,1ships.xml,ZenithMirrorIV_Short,"Z Mirror IV","Z镜IV"
扩展包1,1ships.xml,ShieldBoosterIV_Full,"Shield Booster Mark IV","护盾强化器IV型"
扩展包1,1ships.xml,RadarJammer_Desc,"Causes all ships on the planet to have extreme trouble targeting at ranges greater than 1000.","使所有部队在1000距离以外的命中率大大下降."
扩展包1,1ships.xml,ZenithElectricBomberII_Short,"Z Elec Bomber II","Z电轰炸机II"
扩展包1,1ships.xml,ZenithAutoBombIII_Full,"Zenith AutoBomb Mark III","天顶自爆炸弹III型"
扩展包1,1ships.xml,RaidEngine_Short,"Raid Engine","突击引擎"
扩展包1,1ships.xml,ZenithElectricBomberIV_Full,"Zenith Electric Bomber Mark IV","天顶电气轰炸机IV型"
扩展包1,1ships.xml,ZenithParalyzer_Short,"Z Paralyzer I","Z麻醉器I"
扩展包1,1ships.xml,DysonGatling_Desc,"These oversized, automated alien ships fire lightning-fast energy bursts at long range.
Depending on the mood of the dyson sphere when these are created, they may attack everyone, AIs only, or humans only.","这些特大号的外星部队发射范围极远,飞行速度极快的能量爆发进行攻击.
基于戴森球的设定,它们将有几种攻击模式:攻击所有单位,只攻击人工智能的单位,只攻击人类的单位.一旦被建造后攻击模式就不会再更改."
扩展包1,1ships.xml,TurretTrainII_Full,"Astro Turret Train Mark II","星际重炮列车II型"
扩展包1,1ships.xml,BoosterTrain_Short,"Ast Booster Train I","速度助推列车 I"
扩展包1,1ships.xml,AcidSprayer_Full,"Acid Sprayer","腐蚀喷射器"
扩展包1,1ships.xml,MicroParasite_Full,"MicroParasite","迷你寄生虫"
扩展包1,1ships.xml,ZenithAutoBomb_Wave,"AutoBombs","自爆炸弹"
扩展包1,1ships.xml,SentinelFrigate_Short,"Sentinel Frig I","哨兵护卫I"
扩展包1,1ships.xml,CoreSentinelFrigate_Short,"C:Sentinel Frig","核:哨兵护卫"
扩展包1,1ships.xml,EMPMineRemains_Full,"EMP Mine ( Remains)","电磁脉冲空雷(残骸)"
扩展包1,1ships.xml,ZenithAutoBomb_Desc,"Suicidal unit destroys itself when attacking in order to deal focused area damage to enemies.","自爆攻击敌人的单位,对敌人造成范围伤害."
扩展包1,1ships.xml,RegeneratorTrainIII_Full,"Astro Regenerator Train Mark III","星际再生列车III型"
扩展包1,1ships.xml,ZenithReserveShipsIV_Short,"Z Reserve IV","Z储备IV"
扩展包1,1ships.xml,ZenithElectricBomber_Short,"Z Elec Bomber I","Z电轰炸机I"
扩展包1,1ships.xml,ZenithReserveShipsV_Full,"Core Zenith Reserve Ships","核心天顶储备舰"
扩展包1,1ships.xml,ZenithViralShredderII_Short,"Z Shredder II","Z碎纸机II"
扩展包1,1ships.xml,GrenadeLauncherII_Short,"Grenade II","榴弹II"
扩展包1,1ships.xml,TurretTrainIII_Abbr,"TurIII","炮III"
扩展包1,1ships.xml,CoreZenithParalyzer_Short,"C:Z Paralyzer","核:Z麻醉器"
扩展包1,1ships.xml,AreaMineRemains_Abbr,"A","区"
扩展包1,1ships.xml,HiveGolemBroken_Full,"Broken Hive Golem","残旧的蜂巢魔舰"
扩展包1,1ships.xml,AreaMineRemains_Short,"Area Mine Remains","区域空雷残骸"
扩展包1,1ships.xml,CoreWarheadInterceptor_Short,"C:Warhead Intercept","核:拦截"
扩展包1,1ships.xml,RaidEngine_Desc,"Launches brutal waves against its own planet or any adjacent planets, if those planets are not controlled
by AI players, or if the human players have a significant fleet there.  If human players don't have warp sensors on these planets,
the waves may well arrive unannounced.  These waves arrive around every four minutes, contain a broad mix of AI ships, and use 
the tech level of the planet if that is higher than the current wave level for the controlling AI player.","对它所在的星球或相邻星球发动凶猛的攻势,如果那些星球不是人工智能控制的,或有主力舰队在上面.如果人类玩家在那些星球上没有高级星际跃迁探测器,那么攻势将不经警告直接到来.攻势每4分钟发动一次,包括各种类型的部队.如果当前星球科技等级比人工智能正常攻势部队的等级高,那么突击引擎发动的攻势部队等级将与当前星球科技等级一致."
扩展包1,1ships.xml,SpeedBooster_Desc,"Mobile ship that increases the speed of all friendly ships in the current system by a small amount.
This effect is cumulative when multiple speed boosters are present.","可移动单位,稍微增加所在星球上所有友军的移动速度.多个速度助推器的效果可以累积."
扩展包1,1ships.xml,ZenithPowerGenerator_Desc,"Advanced Zenith power generator that produces a massive amount of energy at a very tiny cost.
AI progress goes up by 20 if this is destroyed, and while your team holds it, the AIs will send 2x stronger waves against this planet.","以极小的代价产生大量能量的高级发电机.一旦被摧毁,人工智能进度将上升20点.当人类玩家拥有时敌人的攻势部队数将是通常的2倍."
扩展包1,1ships.xml,AlarmPostSpecialForces_Short,"Special Forces Alarm","特种部队警报"
扩展包1,1ships.xml,ZenithAutoBombIV_Full,"Zenith AutoBomb Ship Mark IV","天顶自爆炸弹船IV型"
扩展包1,1ships.xml,ZenithParalyzerII_Short,"Z Paralyzer II","Z麻醉器II"
扩展包1,1ships.xml,BlackWidowGolem_Short,"Black Widow Golem","黑寡妇魔舰"
扩展包1,1ships.xml,ZenithReserveShipsII_Desc,"Destroy to capture a large cache of Mark II Zenith vessels for your own use (at some AI Progress cost).
Given the large number of ships that come online at once, be sure to have between 400k 
and 1 million energy available to support them.","摧毁以获得大批天顶II型部队为您所用(需要以一些人工智能进度为代价).
获得的所有部队将即刻有效,请确保拥有400,000到1,000,000的能量以满足它们的需求."
扩展包1,1ships.xml,ZenithParalyzerIII_Short,"Z Paralyzer III","Z麻醉器III"
扩展包1,1ships.xml,ZenithChameleon_Desc,"Midrange bomber that takes on the appearance of junk, and is unassailable, when not moving.","中距离轰炸机,看起来像太空垃圾,当不动时无法摧毁."
扩展包1,1ships.xml,InterplanetaryMunitionsBooster_Short,"Inter-P Munitions","弹药助推器"
扩展包1,1ships.xml,ZenithChameleonII_Short,"Z Chameleon II","Z变色龙II"
扩展包1,1ships.xml,ZenithElectricBomberII_Full,"Zenith Electric Bomber Mark II","天顶电气轰炸机II型"
扩展包1,1ships.xml,ZenithBombardment_Wave,"Bombards","轰击船"
扩展包1,1ships.xml,ZenithViralShredder_Desc,"Melee ship that generates build points as it attacks, spawning a free copy of itself when enough are accumulated.  This replication costs a portion of the replicator's health, and will not happen below a certain percent of health.  Also, when there are more shredders of a specific level than the natural ship cap on a single planet, the build points required to replicate will increase exponentially.","近战船只,攻击时产生BP,当BP满时将产生自身的复制体.当超过部队上限时,复制所需的BP将急速上升."
扩展包1,1ships.xml,GrenadeLauncherIV_Short,"Grenade IV","榴弹IV"
扩展包1,1ships.xml,ImpulseReactionEmitterII_Full,"Impulse Reaction Emitter Mark II","脉冲反应发射器II型"
扩展包1,1ships.xml,CursedGolemBroken_Desc,"Cursed Golems continuously take passive damage, and so must constantly be repaired to survive.
Golems are extremely powerful ships, and thus are very concerning to the AI. Golems cause the AI to send larger waves and 
reinforcements to the planets the golems are on, and cause the AI Progress to increase as they are repaired from their broken form.
This golem is ancient and broken, and must be repaired to full health before it will become operational.
There will also need to be at least 200,000 net energy available before the golem will come online.","诅咒魔舰会不停地受到伤害,需要经常维修以保持生存.魔舰是非常强大的单位,人工智能会非常注意它们,并会往魔舰所在星球发动更强的攻势和增援,当维修它们时人工智能进度将不停增加.
这艘魔舰相当残旧,当它可用之前必须完全维修它.
它还需要200,000的能量来驱动."
扩展包1,1ships.xml,ZenithPolarizerIV_Short,"Z Polarizer IV","Z偏振器IV"
扩展包1,1ships.xml,BotnetGolem_Short,"Botnet Golem","僵尸网络魔舰"
扩展包1,1ships.xml,ArmoredGolem_Short,"Armored Golem","装甲魔舰"
扩展包1,1ships.xml,BotnetGolemBroken_Desc,"Reclaims enemy ships it kills (reclaimed ships have health = full damage inflicted by reclamator).
Reclaimed ships come back as Zombie Bots, which cannot be controlled but which will attack enemy ships 
mercilessly until they die.  Zombie bots will travel to enemy planets if no enemies present.  This golem damages itself
with zombie-creating shots, and cannot attack ships that are immobile, have no attack, or are immune to reclamation.
Golems are extremely powerful ships, and thus are very concerning to the AI. Golems cause the AI to send larger waves and 
reinforcements to the planets the golems are on, and cause the AI Progress to increase as they are repaired from their broken form.
This golem is ancient and broken, and must be repaired to full health before it will become operational.
There will also need to be at least 300,000 net energy available before the golem will come online.","能够操控它摧毁的战舰(被操控的战舰机能为僵尸网络魔舰造成的伤害).
被操控的战舰将成为僵尸部队,无法控制,但会无畏地进攻敌人,直至死亡为止.如果当前星球上没有敌人了,僵尸部队将前往敌人的其他星球.
僵尸网络魔舰在制造僵尸部队的同时会伤害自己,且不能攻击无法移动的单位,无法进行攻击的单位和对操控免疫的单位.魔舰是非常强大的单位,人工智能会非常注意它们,并会往魔舰所在星球发动更强的攻势和增援,当维修它们时人工智能进度将不停增加.
这艘魔舰相当残旧,当它可用之前必须完全维修它.
它还需要300,000的能量来驱动."
扩展包1,1ships.xml,MiningGolem_Short,"Mining Golem","爆破魔舰"
扩展包1,1ships.xml,BoosterTrainIII_Abbr,"BooIII","速III"
扩展包1,1ships.xml,AcidSprayerIII_Full,"Acid Sprayer Mark III","腐蚀喷射器III型"
扩展包1,1ships.xml,ZenithReserveShipsI_Full,"Zenith Reserve Ships","天顶储备舰"
扩展包1,1ships.xml,ZenithPolarizer_Desc,"Fires straight through shields, and does higher damage to ships with more shielding.","攻击无视护盾,并能对高护盾目标造成更高伤害."
扩展包1,1ships.xml,BoosterTrainIII_Full,"Astro Speed Booster Train Mark III","星际速度助推列车III型"
扩展包1,1ships.xml,AISuperTerminal_Desc,"When humans capture the planet on which this resides, they gain direct access to the core
network of the AI, where they can greatly damage the AI's processing capabilities. 
Every 15 seconds, this decreases AI Progress by one, but as a side effect, this increases AI Progress Floor by 0.2
At each reduction the terminal will spawn AI ships proportional to the total AI progress reduction.
For AI progress details, move the mouse cursor over the AI progress display at the top of the screen.","当人类玩家占领了终端机所在星球,他们就能直接连接到人工智能的核心网络来破坏它们的处理能力.
每15秒,终端机降低1点人工智能进度,但会增加0.2点人工智能进度基数.
每降低1次终端机产生与降低进度数成正比的人工智能部队."
扩展包1,1ships.xml,ZenithAutoBombII_Short,"AutoBomb II","Z自爆炸弹II"
扩展包1,1ships.xml,AcidSprayer_Short,"Acid Sprayer I","腐蚀喷射器I"
扩展包1,1ships.xml,TurretTrain_Short,"Ast Turret Train I","重炮列车I"
扩展包1,1ships.xml,ZenithMirrorII_Full,"Zenith Mirror Mark II","天顶镜II型"
扩展包1,1ships.xml,SpeedBooster_Short,"Exp:Speed Boost","试:速度助推"
扩展包1,1ships.xml,ShieldBooster_Full,"Shield Booster","护盾强化器"
扩展包1,1ships.xml,CloakerStarshipIII_Wave,"Starships","星舰"
扩展包1,1ships.xml,AcidSprayerII_Full,"Acid Sprayer Mark II","腐蚀喷射器II型"
扩展包1,1ships.xml,ImpulseReactionEmitter_Desc,"Attacks with ammo that reacts with enemy energy sources, doing much higher damage to ships with higher energy use.","攻击影响敌人部队能源,会对消耗能量多的单位造成更大伤害."
扩展包1,1ships.xml,ZenithBeamFrigate_Desc,"Fires powerful high-range beam weapons that strike all enemy ships in a line.","发射远距离的光束同时突击一条线上的敌人."
扩展包1,1ships.xml,MicroParasite_Short,"Exp:MicroParasite","试:迷你寄生虫"
扩展包1,1ships.xml,PlanetaryShieldInhibitor_Desc,"Disables the shields of all enemy ships on the current planet, making them much easier to hit.
Also disables enemy force fields.","能使当前星球敌军的护盾完全无效化.也会使力场无效化."
扩展包1,1ships.xml,BlackWidowGolemBroken_Short,"Broken Black Widow Golem","残旧的黑寡妇魔舰"
扩展包1,1ships.xml,ZenithTradeShip_Full,"Zenith Trade Ship","天顶贸易船"
扩展包1,1ships.xml,ZenithPolarizerII_Full,"Zenith Polarizer Mark II","天顶偏振器II型"
扩展包1,1ships.xml,ZenithReserveShipsV_Short,"C:Z Reserve","核:Z储备"
扩展包1,1ships.xml,SentinelFrigate_Wave,"Sentinel Frigates","哨兵护卫舰"
扩展包1,1ships.xml,ZenithViralShredder_Full,"Zenith Viral Shredder","天顶病毒碎纸机"
扩展包1,1ships.xml,TurretTrainIII_Full,"Astro Turret Train Mark III","星际重炮列车III型"
扩展包1,1ships.xml,ZenithParalyzerII_Full,"Zenith Paralyzer Mark II","天顶麻醉器II型"
扩展包1,1ships.xml,ZenithElectricBomber_Desc,"Expensive bomber that delivers a tremendous payload, but loses attack power due to interference 
when too many are on the same planet. Most efficient in groups of 8 or less.","昂贵的轰炸机,极端强大,但一个星球上数量太多的话火力会急剧下降.最好保证每个星球上只有至多8艘."
扩展包1,1ships.xml,ZenithBombardment_Short,"Bombard I","Z轰击"
扩展包1,1ships.xml,ZenithBeamFrigateII_Full,"Zenith Beam Frigate Mark II","天顶光束护卫舰II型"
扩展包1,1ships.xml,AcidSprayerIV_Short,"Acid Sprayer IV","腐蚀喷射器IV"
扩展包1,1ships.xml,ExperimentalEngineer_Short,"Exp:Engineer","试:工程师"
扩展包1,1ships.xml,BlackWidowGolemBroken_Full,"Broken Black Widow Golem","残旧的黑寡妇魔舰"
扩展包1,1ships.xml,EMPMine_Short,"EMP Mine","电磁脉冲空雷"
扩展包1,1ships.xml,CoreZenithMirror_Short,"C:Z Mirror","核:Z镜"
扩展包1,1ships.xml,ZenithViralShredderIII_Short,"Z Shredder III","Z碎纸机III"
扩展包1,1ships.xml,RegeneratorGolem_Full,"Regenerator Golem","再生魔舰"
扩展包1,1ships.xml,ArmoredGolem_Full,"Armored Golem","装甲魔舰"
扩展包1,1ships.xml,PlanetaryShieldBooster_Desc,"Provides 200% bonus to the shield strength of all allied ships on the current planet, making them far harder to hit.","能使当前星球友军的护盾增为原来的2倍."
扩展包1,1ships.xml,AlarmPost_Desc,"When an AI Command Station is destroyed on the alarm post's planet, or an adjacent planet,
all of the guards at the current planet will desert their posts and go on the attack.  If the alarm post itself is
attacked and destroyed, there is only a 50% chance of it alerting the guards.","当警报器所在星球或相邻星球的指挥中心被摧毁时,当前星球上所有据点守卫部队将离开据点发动进攻.如果警报器被攻击或摧毁,有50%的机率使守卫部队发动攻击."
扩展包1,1ships.xml,GrenadeLauncherII_Full,"Grenade Launcher Mark II","榴弹发射器II型"
扩展包1,1ships.xml,RegeneratorTrainIII_Short,"Ast Regen Train III","再生列车III"
扩展包1,1ships.xml,MiningGolem_Desc,"This golem is sent from deep space for one purpose: to consume the planet it is heading toward.
It will fire on human ships that approach it, but it emits a signal that tricks AI ships into ignoring it as harmless.
It takes it quite a while to reach the planet, but as soon as it does, it causes a blast the same as if a nuclear
weapon had been set off -- destroying all the resources and most ships, and making the planet unable to sustain supply.","从外太空出现的爆破魔舰只有一个目的:破坏行星.
它将向人类玩家的部队开火,但人工智能的部队不会理睬它.
它要花好长一段时间来到达目的地,但一旦到达,它就会释放一个类似核弹的冲击波,摧毁所有的采集点与大部分单位,并使星球无法被补给."
扩展包1,1ships.xml,DysonSphereGolem_Desc,"This massive immobile golem lurks at the edge of a planet's orbit -- conventional weapons cannot even damage it. 
If you free the planet from the AI, the sphere will realize your beneign intent and will help you on nearby planets.
If you take the planet for yourself, the sphere will attack you until you give up the planet.","巨大的戴森球魔舰藏在星球的轨道边缘--常规武器根本无法伤它分毫.
如果您把它所在星球的人工智能消灭了,戴森球会理解你的善意并帮助你进攻附近的人工智能星球.
如果您占领了它所在的星球,戴森球将攻击你,直到你放弃那个星球."
扩展包1,1ships.xml,HiveGolemBroken_Desc,"Large, slow transport that automatically fills over time with up to 500 small wasp ships.
When the wasps are unloaded, they will automatically spread out and attack enemy ships on the current planet;
they cannot be directly controlled, cannot leave the current planet, and lose health slowly over 3 minutes.
Golems are extremely powerful ships, and thus are very concerning to the AI. Golems cause the AI to send larger waves and 
reinforcements to the planets the golems are on, and cause the AI Progress to increase as they are repaired from their broken form.
This golem is ancient and broken, and must be repaired to full health before it will become operational.
There will also need to be at least 600,000 net energy available before the golem will come online.","巨大,移动缓慢的运输装置,自动制造黄蜂,最多可达500只.
黄蜂被卸载时将自动攻击敌人的部队;它们无法控制,无法离开当前星球,并且3分钟内机能会缓慢地下降.魔舰是非常强大的单位,人工智能会非常注意它们,并会往魔舰所在星球发动更强的攻势和增援,当维修它们时人工智能进度将不停增加.
这艘魔舰相当残旧,当它可用之前必须完全维修它.
它还需要600,000的能量来驱动."
扩展包1,1ships.xml,ZenithPolarizerII_Short,"Z Polarizer II","Z偏振器II"
扩展包1,1ships.xml,PlanetaryShieldBooster_Abbr,"P-B","强"
扩展包1,1ships.xml,AreaMine_Abbr,"A","区"
扩展包1,1ships.xml,CoreGrenadeLauncher_Short,"C:Grenade","核:榴弹"
扩展包1,1ships.xml,BoosterTrain_Abbr,"BooI","速I"
扩展包1,1ships.xml,BotnetGolemBroken_Full,"Broken Botnet Golem","残旧的僵尸网络魔舰"
扩展包1,1ships.xml,ZenithReserveShipsIV_Full,"Zenith Reserve Ships Mark IV","天顶储备舰IV型"
扩展包1,1ships.xml,CoreZenithChameleon_Full,"Core Zenith Chameleon","核心天顶变色龙"
扩展包1,1ships.xml,ZenithMirrorIV_Full,"Zenith Mirror Mark IV","天顶镜IV型"
扩展包1,1ships.xml,CoreZenithMirror_Full,"Core Zenith Mirror","核心天顶镜"
扩展包1,1ships.xml,ArtilleryGolem_Short,"Artillery Golem","重炮魔舰"
扩展包1,1ships.xml,ArtilleryGolemBroken_Short,"Broken Artillery Golem","残旧的重炮魔舰"
扩展包1,1ships.xml,ShieldBoosterII_Short,"Shield Boost II","护盾强化II"
扩展包1,1ships.xml,CoreZenithBombardment_Full,"Core Zenith Bombardment Ship","核心天顶轰击船"
扩展包1,1ships.xml,DecoyDrone_Full,"Decoy Drone","诱饵雄蜂"
扩展包1,1ships.xml,ZenithElectricBomberIV_Short,"Z Elec Bomber IV","Z电轰炸机IV"
扩展包1,1ships.xml,ZenithBeamFrigateIV_Short,"Z Beam Frigate IV","Z光束护卫舰IV"
扩展包1,1ships.xml,CloakerStarshipIII_Full,"Cloaker Starship Mark III","伪装星舰III型"
扩展包1,1ships.xml,ZenithChameleon_Full,"Zenith Chameleon","天顶变色龙"
扩展包1,1ships.xml,HiveGolem_Desc,"Large, slow transport that automatically fills over time with up to 500 small wasp ships.
When the wasps are unloaded, they will automatically spread out and attack enemy ships on the current planet;
they cannot be directly controlled, cannot leave the current planet, and lose health slowly over 3 minutes.
Golems are extremely powerful ships, and thus are very concerning to the AI. Golems cause the AI to send larger waves and 
reinforcements to the planets the golems are on.","巨大,移动缓慢的运输装置,自动制造黄蜂,最多可达500只.
黄蜂被卸载时将自动攻击敌人的部队;它们无法控制,无法离开当前星球,并且3分钟内机能会缓慢地下降.魔舰是非常强大的单位,人工智能会非常注意它们,并会往魔舰所在星球发动更强的攻势和增援."
扩展包1,1ships.xml,RegeneratorTrain_Full,"Astro Regenerator Train","星际再生列车"
扩展包1,1ships.xml,ZenithMirrorIII_Short,"Z Mirror III","Z镜III"
扩展包1,1ships.xml,AcidSprayerIV_Full,"Acid Sprayer Mark IV","腐蚀喷射器IV型"
扩展包1,1ships.xml,ZenithReserveShipsIII_Short,"Z Reserve III","Z储备III"
扩展包1,1ships.xml,ZenithMirror_Full,"Zenith Mirror","天顶镜"
扩展包1,1ships.xml,RegeneratorTrain_Desc,"Nearly-indestructible robotic courier.  Slightly damages nearby ships.
More importantly, is able to use its own health to resurrect AI mobile ships that are killed on the current 
planet. Resurrected ships are teleported to another AI planet at full health at no cost beyond the health of 
the train. They also reveal any cloaked ships that come near. Destroy Astro Train Stations to re-route them.","几乎不能被摧毁的装甲先锋,能轻微地伤害附近的部队.
更重要的是,它们能使用自身的机能来使刚刚在此星球被摧毁的人工智能可移动部队立刻复活.被复活的单位将在另一个人工智能星球满状态出现,复活部队不需要付出任何资源.
它们也能显示靠近的隐形单位.摧毁星际列车站来改变它的移动路线."
扩展包1,1ships.xml,ZenithParalyzerIV_Full,"Zenith Paralyzer Mark IV","天顶麻醉器IV型"
扩展包1,1ships.xml,SentinelFrigateII_Full,"Sentinel Frigate Mark II","哨兵护卫舰II型"
扩展包1,1ships.xml,ZenithElectricBomberIII_Short,"Z Elec Bomber III","Z电轰炸机III"
扩展包1,1ships.xml,GrenadeLauncher_Desc,"Launches mid-power grenades over medium distance.  Grenades explode on contact and deal area damage to enemies.","攻击范围中等,火力中等.榴弹在与目标接触时爆炸,造成范围伤害."
扩展包1,1ships.xml,BeamStarship_Full,"Beam Starship","光束星舰"
扩展包1,1ships.xml,SentinelFrigateIV_Short,"Sentinel Frig IV","哨兵护卫IV"
扩展包1,1ships.xml,DistributionNode_Full,"Distribution Node","分流节点"
扩展包1,1ships.xml,ZenithMirror_Desc,"Mid-power main attack, but has the unique ability to reflect all incoming shots against
its attackers.  With its shielding, can often deal out significantly more damage than it actually receives in this way.
Mirrors are very weak to area-of-effect, missiles, and melee attacks, since those cannot be reflected.
They also cannot reflect shots at a further range than the mirror can shoot on its own.","中等火力,拥有将敌人的攻击反弹回去的独特能力.由于它护盾较高,攻击它的部队往往没有好下场.
天顶镜对范围攻击,导弹和砍击较弱,因为它无法反弹这些攻击.
它也无法反弹超出天顶镜本身攻击范围的攻击."
扩展包1,1ships.xml,InterplanetaryMunitionsBooster_Desc,"Doubles the attack of all allied ships on its planet and all adjacent planets.","能使当前星球与相邻星球的部队火力增为原来的2倍."
扩展包1,1ships.xml,ZenithChameleonIII_Short,"Z Chameleon III","Z变色龙III"
扩展包1,1ships.xml,ZenithBeamFrigateIV_Full,"Zenith Beam Frigate Mark IV","天顶光束护卫舰IV型"
扩展包1,1ships.xml,Translocator_Desc,"Mid-power teleporting fighter that fires shots that cause enemy targets to be teleported far across the current planet when they are hit.","中等火力的瞬移战机,其攻击将造成敌人被随机传送到其他地方."
扩展包1,1ships.xml,ShieldBooster_Desc,"Strong fighter in its own right, it also gives a 2x shielding bonus to nearby ships on your team.","战斗力强大的战机,能使附近的友军护盾增为原来的2倍."
扩展包1,1ships.xml,GravityDrillStation_Desc,"A large station that bores a hole into the fabric of spacetime.  So brutal is the rending of normal 
space that the effects radiated from this rupture dramatically interfere with most known forms of propulsion thus rendering 
any teleportation within the system impossible and reducing the speed of all vessels to 8.
Generates free energy, metal, and crystal for the player holding it.","大型空间站,能破坏时空结构.使大多数已知的推进装置失效,无法在星球上运输东西,且所有的部队速度都减为8.
为拥有者制造能量,金属和水晶."
扩展包1,1ships.xml,ZenithPolarizer_Short,"Z Polarizer I","Z偏振器I"
扩展包1,1ships.xml,ImpulseReactionEmitterIV_Full,"Impulse Reaction Emitter Mark IV","脉冲反应发射器IV型"
扩展包1,1ships.xml,OrbitalMassDriver_Abbr,"Mass","粒"
扩展包1,1ships.xml,ImpulseReactionEmitter_Short,"Impulse Emitter I","脉冲发射器I"
扩展包1,1ships.xml,AlarmPostSpecialForces_Full,"Special Forces Alarm Post","特种部队警报器"
扩展包1,1ships.xml,BlackHoleMachine_Desc,"Prevents all enemy ships (except scouts) from escaping from this planet through wormholes,
though enemy ships can still enter through wormholes as normal.","阻止除了侦察机以外的任何敌方部队通过虫洞离开当前星球,但它们仍然可以正常地通过虫洞进入当前星球."
扩展包1,1ships.xml,SentinelFrigateII_Short,"Sentinel Frig II","哨兵护卫II"
扩展包1,1ships.xml,DysonGatling_Short,"Dyson Gatling","戴森加特林"
扩展包1,1ships.xml,GrenadeLauncherIV_Full,"Grenade Launcher Mark IV","榴弹发射器IV型"
扩展包1,1ships.xml,ZenithPolarizerIV_Full,"Zenith Polarizer Mark IV","天顶偏振器IV型"
扩展包1,1ships.xml,HiveGolemBroken_Short,"Broken Hive Golem","残旧的蜂巢魔舰"
扩展包1,1ships.xml,ZenithAutoBomb_Full,"Zenith AutoBomb","天顶自爆炸弹"
扩展包1,1ships.xml,ZenithMirror_Wave,"Zenith Mirrors","天顶镜"
扩展包1,1ships.xml,ImpulseReactionEmitterIII_Short,"Impulse Emitter III","脉冲发射器III"
扩展包1,1ships.xml,ZenithSpaceTimeManipulator_Full,"Zenith SpaceTime Manipulator","天顶时空操纵者"
扩展包1,1ships.xml,ZenithAutoBombIII_Short,"AutoBomb III","Z自爆炸弹III"
扩展包1,1ships.xml,ExperimentalEngineer_Abbr,"En","工"
扩展包1,1ships.xml,CursedGolemBroken_Full,"Broken Cursed Golem","残旧的诅咒魔舰"
扩展包1,1ships.xml,ZenithChameleonIV_Short,"Z Chameleon IV","Z变色龙IV"
扩展包1,1ships.xml,ZenithPolarizer_Wave,"Zenith Polarizers","天顶偏振器"
扩展包1,1ships.xml,AcidSprayer_Wave,"Acid Sprayers","腐蚀喷射器"
扩展包1,1ships.xml,ZenithElectricBomber_Wave,"Electric Bombers","电气轰炸机"
扩展包1,1ships.xml,BlackHoleMachine_Short,"Black Hole Mach","黑洞"
扩展包1,1ships.xml,WarbirdStarship_Short,"Star:Warbird","星:战鸟"
扩展包1,1ships.xml,ShieldBoosterII_Full,"Shield Booster Mark II","护盾强化器II型"
扩展包1,1ships.xml,ZenithBombardmentIV_Full,"Zenith Bombardment Ship Mark IV","天顶轰击船IV型"
扩展包1,1ships.xml,ZenithPowerGenerator_Abbr,"Zen","发"
扩展包1,1ships.xml,ZenithChameleonIII_Full,"Zenith Chameleon Mark III","天顶变色龙III型"
扩展包1,1ships.xml,ZenithElectricBomberIII_Full,"Zenith Electric Bomber Mark III","天顶电气轰炸机III型"
扩展包1,1ships.xml,SpeedBooster_Full,"Speed Booster","速度助推器"
扩展包1,1ships.xml,TurretTrain_Desc,"Tough but not nearly-indestructible robotic courier.  Has heavier turrets than normal astro trains, and so poses much more of a threat.
More importantly, they reveal any cloaked ships that come near, and they tend to disrupt player minefields.
Build Counter-Dark-Matter Turrets to protect against them, destroy Astro Train Stations to re-route them, or attack them head-on.
If destroyed, an individual astro turret train is gone forever.","坚固但并不非不可摧毁的列车.比普通星际列车的炮火猛烈,危险更大.而且它能发现靠近的敌方隐形部队,还可以破坏敌人的空雷.
制造反暗物质塔来对付它们,摧毁星际列车站来改变它们的路线,或者直接迎头痛击它们.
一旦被摧毁将不会再产生."
扩展包1,1ships.xml,Wasp_Short,"Wasp","黄蜂"
扩展包1,1ships.xml,ImpulseReactionEmitterII_Short,"Impulse Emitter II","脉冲发射器II"
扩展包1,1ships.xml,RadarJammerII_Full,"Radar Jammer Mark II","雷达干扰器II型"
扩展包1,1ships.xml,ZenithPowerGenerator_Full,"Zenith Power Generator","天顶发电机"
扩展包1,1ships.xml,CloakerStarship_Short,"Star:Cloaker I","星:伪装I"
扩展包1,1ships.xml,AlarmPost_Short,"Alarm","警报"
扩展包1,1ships.xml,RadarJammerII_Desc,"Causes enemy ships on the planet to have extreme trouble targeting at ranges greater than 1000.","使敌方部队在1000距离以外的命中率大大下降."
扩展包1,1ships.xml,BotnetGolem_Desc,"Reclaims enemy ships it kills (reclaimed ships have health = full damage inflicted by reclamator).
Reclaimed ships come back as Zombie Bots, which cannot be controlled but which will attack enemy ships 
mercilessly until they die.  Zombie bots will travel to enemy planets if no enemies present.  This golem damages itself
with zombie-creating shots, and cannot attack immobile ships that are immobile, have no attack, or are immune to reclamation.
Golems are extremely powerful ships, and thus are very concerning to the AI. Golems cause the AI to send larger waves and 
reinforcements to the planets the golems are on.","能够操控它摧毁的战舰(被操控的战舰机能为僵尸网络魔舰造成的伤害).
被操控的战舰将成为僵尸部队,无法控制,但会无畏地进攻敌人,直至死亡为止.如果当前星球上没有敌人了,僵尸部队将前往敌人的其他星球.
僵尸网络魔舰在制造僵尸部队的同时会伤害自己,且不能攻击无法移动的单位,无法进行攻击的单位和对操控免疫的单位.魔舰是非常强大的单位,人工智能会非常注意它们,并会往魔舰所在星球发动更强的攻势和增援."
扩展包1,1ships.xml,ZenithPolarizer_Full,"Zenith Polarizer","天顶偏振器"
扩展包1,1ships.xml,ZenithViralShredder_Short,"Z Shredder I","Z碎纸机I"
扩展包1,1ships.xml,InterplanetaryMunitionsBooster_Full,"Interplanetary Munitions Booster","星际弹药助推器"
扩展包1,1ships.xml,CoreZenithPolarizer_Short,"C:Z Polarizer","核:Z 偏振器"
扩展包1,1ships.xml,GrenadeLauncher_Short,"Grenade I","榴弹I"
扩展包1,1ships.xml,ZenithMirrorIII_Full,"Zenith Mirror Mark III","天顶镜III型"
扩展包1,1ships.xml,TurretTrain_Abbr,"TurI","炮I"
扩展包1,1ships.xml,CursedGolemBroken_Short,"Broken Cursed Golem","残旧的诅咒魔舰"
扩展包1,1ships.xml,OrbitalMassDriver_Desc,"Advanced weapon sends projectiles stripped from an iron asteroid to deal heavy damage to starships and golems.","高级武器,能从炮口发射粒子流来对星舰和魔舰造成大量损伤."
扩展包1,1ships.xml,ZenithSpaceTimeManipulator_Short,"Z SpaceTime","Z时空"
扩展包1,1ships.xml,CloakerStarship_Full,"Cloaker Starship","伪装星舰"
扩展包1,1ships.xml,ImpulseReactionEmitter_Full,"Impulse Reaction Emitter","脉冲反应发射器"
扩展包1,1ships.xml,ZenithBombardmentII_Short,"Bombard II","Z轰击II"
扩展包1,1ships.xml,CursedGolem_Desc,"Cursed Golems continuously take passive damage, and so must constantly be repaired to survive.
Golems are extremely powerful ships, and thus are very concerning to the AI. Golems cause the AI to send larger waves and 
reinforcements to the planets the golems are on.","诅咒魔舰会不停地受到伤害,需要经常维修以保持生存.魔舰是非常强大的单位,人工智能会非常注意它们,并会往魔舰所在星球发动更强的攻势和增援."
扩展包1,1ships.xml,GrenadeLauncherIII_Short,"Grenade III","榴弹III"
扩展包1,1ships.xml,ZenithMirrorII_Short,"Z Mirror II","Z镜II"
扩展包1,1ships.xml,ZenithReserveShipsV_Desc,"Destroy to capture a large cache of Core Zenith vessels for your own use (at some AI Progress cost).
Given the large number of ships that come online at once, be sure to have between 400k and 1 million energy available to support them.","摧毁以获得大批天顶核心部队为您所用(需要以一些人工智能进度为代价).
获得的所有部队将即刻有效,请确保拥有400,000到1,000,000的能量以满足它们的需求."
扩展包1,1ships.xml,TurretTrainII_Abbr,"TurII","炮II"
扩展包1,1ships.xml,ZenithBeamFrigate_Short,"Z Beam Frigate I","Z光束护卫舰 I"
扩展包1,1ships.xml,RegeneratorTrain_Short,"Ast Regen Train I","再生列车I"
扩展包1,1ships.xml,AISuperTerminal_Abbr,"Super","超"
扩展包1,1ships.xml,ZenithBombardmentIII_Short,"Bombard III","Z轰击III"
扩展包1,1ships.xml,PlanetaryShieldInhibitor_Abbr,"P-I","抑"
扩展包1,1ships.xml,ZenithBombardmentII_Full,"Zenith Bombardment Ship Mark II","天顶轰击船II型"
扩展包1,1ships.xml,ZenithPowerGenerator_Short,"Z Power Gen","Z发电"
扩展包1,1ships.xml,ZenithPolarizerIII_Short,"Z Polarizer III","Z偏振器III"
扩展包1,1ships.xml,ArmoredGolemBroken_Full,"Broken Armored Golem","残旧的装甲魔舰"
扩展包1,1ships.xml,RegeneratorTrainII_Short,"Ast Regen Train II","再生列车II"
扩展包1,1ships.xml,ZenithParalyzer_Desc,"Very weak-but-fast attack, but inflicts temporary paralysis against targets it hits.
Great when combined with other ship types.","火力很低,但频率高,且能暂时瘫痪敌人的部队.适合与其它部队混合使用."
扩展包1,1ships.xml,AISuperTerminal_Full,"AI SuperTerminal","人工智能超级终端机"
扩展包1,1ships.xml,AlarmPostSpecialForces_Desc,"When an AI Command Station is destroyed on the alarm post's planet, or an adjacent planet,
all of the ""special forces"" ships in the entire galaxy will turn aggressive and attack the humans.  If the alarm post itself is
attacked and destroyed, there is only a 50% chance of it alerting the special forces ships.","当特种部队警报器所在星球或相邻星球的指挥中心被摧毁时,星系里的所有特种部队据点守卫部队将变得有进攻性,开始攻击人类.如果警报器被攻击或摧毁,有50%的机率使守卫部队发动攻击."
扩展包1,1ships.xml,BlackWidowGolemBroken_Desc,"Relatively low health for a golem, but doesn't damage itself when firing.  Fires 50x fairly powerful 
shots at a time, dealing extreme engine damage with each volley.  Excellent for immobilizing or outright destroying large fleets.
Golems are extremely powerful ships, and thus are very concerning to the AI. Golems cause the AI to send larger waves and 
reinforcements to the planets the golems are on, and cause the AI Progress to increase as they are repaired from their broken form.
This golem is ancient and broken, and must be repaired to full health before it will become operational.
There will also need to be at least 300,000 net energy available before the golem will come online.","相对其他魔舰机能较低,但攻击时不伤害自身.同时发射50个子弹进行攻击,对引擎造成不少伤害.善于对付大群舰队.拥有100倍牵引光束.魔舰是非常强大的单位,人工智能会非常注意它们,并会往魔舰所在星球发动更强的攻势和增援,当维修它们时人工智能进度将不停增加.
这艘魔舰相当残旧,当它可用之前必须完全维修它.
它还需要300,000的能量来驱动."
扩展包1,1ships.xml,PlanetaryShieldBooster_Full,"Planetary Shield Booster","星球护盾强化器"
扩展包1,1ships.xml,Wasp_Desc,"Very fast and nasty melee ship -- loses health over a 3 minute period, then self-destructs.
Created inside Hive Golems, when these are unloaded they are uncontrollable but will viciously attack
the enemy on the current planet. Players cannot give direct orders to the wasps.","速度极快的近战单位--3分钟内机能会缓慢地下降,直至自毁.
在蜂巢魔舰中进行制造,一旦卸载将无法控制,并将自动攻击敌人."
扩展包1,1ships.xml,OrbitalMassDriver_Full,"Orbital Mass Driver","轨道粒子冲击炮"
扩展包1,1ships.xml,CoreZenithPolarizer_Full,"Core Zenith Polarizer","核心天顶偏振器"
扩展包1,1ships.xml,ZenithBeamFrigate_Full,"Zenith Beam Frigate","天顶光束护卫舰"
扩展包1,1ships.xml,ZenithReserveShipsIII_Desc,"Destroy to capture a large cache of Mark III Zenith vessels for your own use (at some AI Progress cost).
Given the large number of ships that come online at once, be sure to have between 400k 
and 1 million energy available to support them.","D摧毁以获得大批天顶III型部队为您所用(需要以一些人工智能进度为代价).
获得的所有部队将即刻有效,请确保拥有400,000到1,000,000的能量以满足它们的需求."
扩展包1,1ships.xml,ZenithAutoBombIV_Short,"AutoBomb IV","Z自爆炸弹IV"
扩展包1,1ships.xml,CoreWarheadInterceptor_Desc,"Advanced weapon insta-kills warheads (which explode without doing any damage or incurring any AI Progress increase).","高级武器,能一击必杀飞弹(被摧毁的飞弹既不会造成任何效果,也不会对人工智能进度有任何影响)."
扩展包1,1ships.xml,CoreAcidSprayer_Short,"C:Acid Sprayer","核:腐蚀喷射器"
扩展包1,1ships.xml,AICoProcessor_Abbr,"Co-Pr","副"
扩展包1,1ships.xml,AISuperTerminal_Short,"AI SuperTerminal","人工智能超级终端机"
扩展包1,1ships.xml,GravityDrillStation_Short,"Gravity Drill","重力钻"
扩展包1,1ships.xml,PlanetaryShieldInhibitor_Full,"Planetary Shield Inhibitor","星球护盾抑制器"
扩展包1,1ships.xml,DevourerGolem_Desc,"This nigh-indestructible Golem makes its way slowly around the galaxy, absorbing all of 
the non-core mobile military ships on planets it visits in order to power and repair itself.  
It's attack power is so high that it will insta-kill most ships, 
but it will only attack non-core ships that are both mobile and which have attack power (or are scouts).
The only way for those ships to survive is for them to flee to another planet until the devourer has moved on.","几乎坚不可摧的吞噬魔舰慢慢地周游星系,然后吸收星球上所有非核心类型的军事单位,并会以此作为能源和自我修复的材料.
它的攻击力非常高,几乎能秒杀大部分部队,但只能攻击非核心类型的单位,并且这些单位既要是可移动的,也要有攻击能力(或者是侦察机).
这些单位想活下来,只能往其他星球逃跑."
扩展包1,1ships.xml,ArmoredGolemBroken_Desc,"Incredibly highly armored, this golem fires 30x powerful flame waves in quick succession, 
letting it really chew through groups of enemies. Each shot also damages itself, however.
Golems are extremely powerful ships, and thus are very concerning to the AI. Golems cause the AI to send larger waves and 
reinforcements to the planets the golems are on, and cause the AI Progress to increase as they are repaired from their broken form.
This golem is ancient and broken, and must be repaired to full health before it will become operational.
There will also need to be at least 600,000 net energy available before the golem will come online.","装甲非常厚,同时发射30个火焰波,使它可以通过大群敌人.每一次攻击将伤害自身.魔舰是非常强大的单位,人工智能会非常注意它们,并会往魔舰所在星球发动更强的攻势和增援,当维修它们时人工智能进度将不停增加.
这艘魔舰相当残旧,当它可用之前必须完全维修它.
它还需要600,000的能量来驱动."
扩展包1,1ships.xml,DevourerGolem_Short,"Devourer Golem","吞噬魔舰"
扩展包1,1ships.xml,PlanetaryShieldBooster_Short,"P-Shield Boost","星球护盾强化"
扩展包1,1ships.xml,AreaMine_Full,"Area Mine","区域空雷"
扩展包1,1ships.xml,RadarJammerII_Short,"Radar Jam II","雷达干扰II"
扩展包1,1ships.xml,CoreWarheadInterceptor_Abbr,"Warh","拦"
扩展包1,1ships.xml,BotnetGolem_Full,"Botnet Golem","僵尸网络魔舰"
扩展包1,1ships.xml,ImpulseReactionEmitterIV_Short,"Impulse Emitter IV","脉冲发射器IV"
扩展包1,1ships.xml,CoreZenithElectricBomber_Full,"Core Zenith Electric Bomber","核心天顶电气轰炸机"
扩展包1,1ships.xml,CoreZenithBeamFrigate_Short,"C:Z Beam Frigate","核:Z光束护卫舰"
扩展包1,1ships.xml,BoosterTrainIII_Short,"Ast Booster Train III","速度助推列车III"
扩展包1,1ships.xml,BeamStarship_Desc,"Fires very powerful high-range beam weapons that strike all enemy ships in a line.","发射远距离的光束同时突击一条线上的敌人."
扩展包1,1ships.xml,ZenithTradeShip_Desc,"These neutral traders are happy to trade with humans or AIs, although they charge quite a lot in
return -- and their wares are a bit different for AIs versus humans.  The trade ship travels slowly around the galaxy,
and when it has supply from your team, your entire team can use it to build very expensive and powerful ships that you 
can't directly build any other way.  The AI will use it to build such things as even new Warp Gates or Astro Train Stations --
but they only make purchases about 1% of the time when the trader exits a system belonging to them.","这些外星商人很乐意与任何付得起钱的对象打交道,尽管他们通常是漫天要价--而且他们卖给人工智能的东西与卖给人类的有一定区别.
他们周游整个星系,一旦它可以得到您的团队的补给,您的团队就可以购买他们的货物了,通常您无法以其他任何方式得到那些东西.
人工智能会购买例如新的星门或者星际列车站之类的东西--但当贸易船离开它们的星系时,它们只有1%的机率会买下货物."
扩展包1,1ships.xml,BoosterTrainII_Short,"Ast Booster Train II","速度助推列车II"
扩展包1,1ships.xml,ImpulseReactionEmitterIII_Full,"Impulse Reaction Emitter Mark III","脉冲反应发射器III型"
扩展包1,1ships.xml,Translocator_Full,"Translocator","传送器"
扩展包1,1ships.xml,ZenithParalyzer_Full,"Zenith Paralyzer","天顶麻醉器"
扩展包1,1ships.xml,DistributionNode_Desc,"Destroy to capture a sizable cache of metal and crystal 
for the player destroying it (at some AI Progress cost).

Be warned, however: around 1/5 of all nodes are actually Trojan Distribution Nodes, 
which are empty save for a malicious electronic payload that actually causes you 
to lose a sizable chunk of resources before automated recovery systems can purge 
the malicious infection.","摧毁以获得大量金属和水晶(需要以一些人工智能进度为代价).

请小心:大概1/5的分流节点实际上是木马分流节点,一旦摧毁它您反而会失去金属和水晶."
扩展包1,1ships.xml,TurretTrainIII_Short,"Ast Turret Train III","重炮列车III"
扩展包1,1ships.xml,ArmoredGolem_Desc,"Incredibly highly armored, this golem fires 30x powerful flame waves in quick succession, 
letting it really chew through groups of enemies. Each shot also damages itself, however.
Golems are extremely powerful ships, and thus are very concerning to the AI. Golems cause the AI to send larger waves and 
reinforcements to the planets the golems are on.","装甲非常厚,同时发射30个火焰波,使它可以通过大群敌人.每一次攻击将伤害自身.魔舰是非常强大的单位,人工智能会非常注意它们,并会往魔舰所在星球发动更强的攻势和增援."
扩展包1,1ships.xml,RadarJammer_Full,"Radar Jammer","雷达干扰器"
扩展包1,1ships.xml,HiveGolem_Full,"Hive Golem","蜂巢魔舰"
扩展包1,1ships.xml,BoosterTrainII_Full,"Astro Speed Booster Train Mark II","星际速度助推列车II型"
扩展包1,1ships.xml,ZenithElectricBomber_Full,"Zenith Electric Bomber","天顶电气轰炸机"
扩展包1,1ships.xml,CoreZenithParalyzer_Full,"Core Zenith Paralyzer","核心天顶麻醉器"
扩展包1,1ships.xml,ZenithBombardmentIV_Short,"Bombard IV","Z轰击IV"
扩展包1,1ships.xml,CloakerStarshipII_Full,"Cloaker Starship Mark II","伪装星舰II型"
扩展包1,1ships.xml,AreaMine_Desc,"Enemy ships coming too close to these invisible traps will incur heavy damage. The explosions from these 
mines also effect other enemy ships that are close by. The mine is also destroyed in the process.
These are obviously useful for taking out groups of ships, but they are also useful for hitting ships that have 
Mine Avoidance -- those ships can still get caught in the blasts of area mines that are triggered by another ship.","这些隐形的陷阱将对靠近的敌方部队造成很大的伤害.区域空雷的爆炸将波及目标以外的单位.
爆炸后自身也被摧毁.
显然它们极适合对付大量敌人,但也适合对付回避空雷的部队--由其他部队引发的爆炸也会伤到它们."
扩展包1,1ships.xml,AICoProcessor_Short,"AI Co-Processor","人工智能副处理器"
扩展包1,1ships.xml,WarbirdStarship_Desc,"Extremely fast starship with cloaking and a huge multi-targeting energy burst system.
Great for clearing out hordes of enemy ships.","快如迅雷的星舰,可隐形,且拥有巨型多目标能量爆发武器系统.
适合对付大群敌人."
扩展包1,1ships.xml,AreaMine_Short,"Area Mine","区域空雷"
扩展包1,1ships.xml,RegeneratorGolemBroken_Full,"Broken Regenerator Golem","残旧的再生魔舰"
扩展包1,1ships.xml,SentinelFrigateIII_Short,"Sentinel Frig III","哨兵护卫III"
扩展包1,1ships.xml,RegeneratorTrainIII_Abbr,"RegIII","再III"
扩展包1,1ships.xml,RadarJammer_Short,"Radar Jam","雷达干扰"
扩展包1,1ships.xml,CoreAcidSprayer_Full,"Core Acid Sprayer","核心腐蚀喷射器"
扩展包1,1ships.xml,CoreSentinelFrigate_Full,"Core Sentinel Frigate","核心哨兵护卫舰"
扩展包1,1ships.xml,ZenithAutoBomb_Short,"AutoBomb I","Z自爆炸弹I"
扩展包1,1ships.xml,ShieldBoosterIV_Short,"Shield Boost IV","护盾强化IV"
扩展包1,1ships.xml,ShieldBooster_Short,"Shield Boost I","护盾强化I"
扩展包1,1ships.xml,RegeneratorTrainII_Full,"Astro Regenerator Train Mark II","星际再生列车II型"
扩展包1,1ships.xml,ZenithReserveShipsIII_Full,"Zenith Reserve Ships Mark III","天顶储备舰III型"
扩展包1,1ships.xml,SentinelFrigateIII_Full,"Sentinel Frigate Mark III","哨兵护卫舰III型"
扩展包1,1ships.xml,DecoyDrone_Short,"Exp:Decoy","试:诱饵"
扩展包1,1ships.xml,ShieldBooster_Wave,"Shield Boosters","护盾强化器"
扩展包1,1ships.xml,CoreWarheadInterceptor_Wave,"Warhead Interceptors","弹头拦截器"
扩展包1,1ships.xml,ZenithBombardment_Desc,"Fires very powerful, very long-range energy bombs, but is expensive and has a very slow reload time.","发射非常强大,攻击范围非常远的能量炸弹.但很昂贵,且需要很长的时间来重新装填弹药."
扩展包1,1ships.xml,ZenithViralShredderII_Full,"Zenith Viral Shredder Mark II","天顶病毒碎纸机II型"
扩展包1,1ships.xml,EMPMineRemains_Short,"EMP Mine Remains","电磁脉冲空雷残骸"
扩展包1,1ships.xml,ArtilleryGolemBroken_Full,"Broken Artillery Golem","残旧的重炮魔舰"
扩展包1,1ships.xml,GravityDrillStation_Full,"Gravity Drill Station","重力钻站"
扩展包1,1ships.xml,ShieldBoosterIII_Full,"Shield Booster Mark III","护盾强化器III型"
扩展包1,1ships.xml,EMPMineRemains_Abbr,"E","电"
扩展包1,1ships.xml,AreaMine_Wave,"Area Mines","区域空雷"
扩展包1,1ships.xml,AICoProcessor_Desc,"Destroying a co-processor normally increases the AI Progress by 20.
However, when you destroy the last co-processor, the AI Progress takes a massive drop of 120.
Check your Mission Summary (right side of the screen) to see how many co-processors remain; 
hitting all of them simultaneously is ideal.  
Co-Processors also interfere with supply on their planet.","摧毁一个副处理器通常会使人工智能进度上升20.
但当你全部摧毁它们时,人工智能进度反而会一下子下降120.
查看任务目标以观察还剩下多少个副处理器;最好能一口气将它们同时摧毁.
副处理器也会阻止对它所在星球的补给."
扩展包1,1ships.xml,CoreZenithElectricBomber_Short,"C:Z Elec Bomber","核:Z电气轰炸机"
扩展包1,1ships.xml,DistributionNode_Short,"Distribution","分流"
扩展包1,1ships.xml,MiningGolem_Full,"Mining Golem","爆破魔舰"
扩展包1,1ships.xml,ZenithParalyzer_Wave,"Zenith Paralyzers","天顶麻醉器"
扩展包1,1ships.xml,RegeneratorGolem_Short,"Regen Golem","再生魔舰"
扩展包1,1ships.xml,ZenithSpaceTimeManipulator_Desc,"Stationary alien ship that increases the speed of all friendly ships in the current system by a large amount.
This effect is cumulative when multiple spacetime manipulators are present. Beware the minor AI Progress increase if this is destroyed.","固定的外星单位,大大增加所在星球上所有友军的移动速度.多个天顶时空操纵者的效果可以累积.一旦被摧毁人工智能进度会略微上升."
扩展包1,1ships.xml,BlackWidowGolem_Full,"Black Widow Golem","黑寡妇魔舰"
扩展包1,1ships.xml,GrenadeLauncherIII_Full,"Grenade Launcher Mark III","榴弹发射器III型"
扩展包1,1ships.xml,ImpulseReactionEmitter_Wave,"Impulse Reaction Emitters","脉冲反应发射器"
扩展包1,1ships.xml,ZenithChameleonII_Full,"Zenith Chameleon Mark II","天顶变色龙II型"
扩展包1,1ships.xml,CoreImpulseReactionEmitter_Short,"C:Impulse Emitter","核:脉冲发射器"
扩展包1,1ships.xml,GrenadeLauncher_Full,"Grenade Launcher","榴弹发射器"
扩展包1,1ships.xml,EMPMine_Full,"EMP Mine","电磁脉冲空雷"
扩展包1,1ships.xml,ZenithViralShredder_Wave,"Zenith Viral Shredders","天顶病毒碎纸机"
扩展包1,1ships.xml,BlackHoleMachine_Full,"Black Hole Machine","黑洞机"
扩展包1,1ships.xml,DysonGatling_Full,"Dyson Gatling","戴森加特林"
扩展包1,1ships.xml,AcidSprayerIII_Short,"Acid Sprayer III","腐蚀喷射器III"
扩展包1,1ships.xml,BlackWidowGolem_Desc,"Relatively low health for a golem, but doesn't damage itself when firing.  Fires 50x fairly powerful shots at a time, 
dealing extreme engine damage with each volley.  Excellent for immobilizing or outright destroying large fleets.  Also includes 100x tractor beams.
Golems are extremely powerful ships, and thus are very concerning to the AI. Golems cause the AI to send larger waves and 
reinforcements to the planets the golems are on.","相对其他魔舰机能较低,但攻击时不伤害自身.同时发射50个子弹进行攻击,对引擎造成不少伤害.善于对付大群舰队.拥有100倍牵引光束.魔舰是非常强大的单位,人工智能会非常注意它们,并会往魔舰所在星球发动更强的攻势和增援."
扩展包1,1ships.xml,RegeneratorTrainII_Abbr,"RegII","再II"
扩展包1,1ships.xml,DysonSphereGolem_Full,"Dyson Sphere Golem","戴森球魔舰"
扩展包1,1ships.xml,RaidEngine_Full,"Raid Engine","突击引擎"
扩展包1,1ships.xml,AreaMineRemains_Full,"Area Mine (Remains)","区域空雷(残骸)"
扩展包1,1ships.xml,EMPMine_Wave,"EMP Mines","电磁脉冲空雷"
扩展包1,1ships.xml,ZenithParalyzerIII_Full,"Zenith Paralyzer Mark III","天顶麻醉器III型"
扩展包1,1ships.xml,SentinelFrigateIV_Full,"Sentinel Frigate Mark IV","哨兵护卫舰IV型"
扩展包1,1ships.xml,ExperimentalEngineer_Full,"Experimental Engineer Drone","试验雄蜂工程师"
扩展包1,1ships.xml,ArtilleryGolem_Desc,"Must be manually assigned targets, but fires extremely, extremely powerful artillery shots over long ranges.
Is very slow, and heavily damages itself when firing, though.  Great for taking out very heavily defended targets.
Golems are extremely powerful ships, and thus are very concerning to the AI. Golems cause the AI to send larger waves and 
reinforcements to the planets the golems are on.","必须手动定位,攻击范围很远,发射极度强大的火炮攻击.移动缓慢,每一次攻击将严重伤害自身.善于对于重型防御单位.魔舰是非常强大的单位,人工智能会非常注意它们,并会往魔舰所在星球发动更强的攻势和增援."
扩展包1,1ships.xml,EMPMine_Desc,"Enemy ships coming too close to these invisible traps will incur heavy damage. If the ship triggering 
the mine survives, it will also be paralyzed for 60 seconds. The mine is also destroyed in the process.
These are particularly useful for stalling out large incoming vesseles that don't have mine avoidance.","这些隐形的陷阱将对靠近的敌方部队造成很大的伤害.如果敌人未被炸死,也将瘫痪60秒.
爆炸后自身也被摧毁.
这些空雷很适合拖慢没有反空雷装置的大部队入侵."
扩展包1,1ships.xml,CoreGrenadeLauncher_Full,"Core Grenade Launcher","核心榴弹发射器"
扩展包1,1ships.xml,CoreZenithBombardment_Short,"C:Bombard","核:Z轰击"
扩展包1,1ships.xml,BoosterTrain_Desc,"Nearly-indestructible robotic courier.  Slightly damages nearby ships.
More importantly, they provide a massive speed boost to all AI ships in the system and reveal any cloaked ships that come near.
Destroy Astro Train Stations to re-route them.","几乎不能被摧毁的装甲先锋,能轻微地伤害附近的部队.
更重要的是,它们能极大加快星球上部队的移动速度,并能显示靠近的隐形单位.
摧毁星际列车站来改变它的移动路线."
扩展包1,1ships.xml,RegeneratorTrain_Abbr,"RegI","再I"
扩展包1,1ships.xml,BoosterTrainII_Abbr,"BooII","速II"
扩展包1,1ships.xml,RegeneratorGolem_Desc,"Very little in the way of weapons, but is able to use its own health to resurrect allied mobile ships that are killed on 
the current planet. Resurrected ships are teleported back to the golem at full health at no cost beyond the health of the golem.
Golems are extremely powerful ships, and thus are very concerning to the AI. Golems cause the AI to send larger waves and 
reinforcements to the planets the golems are on.","火力并不强大,但可以使用自身的机能来使刚刚在此星球被摧毁的友军可移动部队立刻复活.被复活的单位将在魔舰所在地满状态出现,复活部队不需要付出任何资源.魔舰是非常强大的单位,人工智能会非常注意它们,并会往魔舰所在星球发动更强的攻势和增援."
扩展包1,1ships.xml,ZenithReserveShipsII_Full,"Zenith Reserve Ships Mark II","天顶储备舰II型"
扩展包1,1ships.xml,BeamStarship_Short,"Star:Beam","星:光束"
扩展包1,1ships.xml,DysonSphereGolem_Short,"Dyson Sphere","戴森球"
扩展包1,1ships.xml,SentinelFrigate_Full,"Sentinel Frigate","哨兵护卫舰"
扩展包1,1ships.xml,ZenithMirror_Short,"Z Mirror I","Z镜I"
扩展包1,1ships.xml,OrbitalMassDriver_Short,"Orbital Mass Driver","轨道粒子冲击炮"
扩展包1,1ships.xml,SentinelFrigate_Desc,"Very powerful and expensive frigate with sniper-style shots, that loses attack power due to interference 
when too many are on the same planet. Most efficient in groups of 2 or less.  Also includes an onboard advanced warp sensor.","非常强大而昂贵的护卫舰,攻击范围无限,但一个星球上数量太多的话火力会急剧下降.最好保证每个星球上只有至多2艘.拥有舰载高级星际跃迁探测器."
扩展包1,1ships.xml,CloakerStarshipII_Short,"Star:Cloaker II","星:伪装II"
扩展包1,1ships.xml,TurretTrainII_Short,"Ast Turret Train II","重炮列车II"
扩展包1,1ships.xml,ArmoredGolemBroken_Short,"Broken Armored Golem","残旧的装甲魔舰"
扩展包1,1ships.xml,Translocator_Short,"Exp:Translocator","试:传送器"
扩展包1,1ships.xml,ArtilleryGolem_Full,"Artillery Golem","重炮魔舰"
扩展包1,1ships.xml,ZenithBeamFrigate_Wave,"Zenith Beam Frigates","天顶光束护卫舰s"
扩展包1,1ships.xml,EMPMineRemains_Desc,"Useless remains of an exploded EMP mine.
Scrap to clear the way for replacement, or leave in place so that a Remains Rebuilder can rebuild it. 
Remains belonging to enemies can be cleared by cleanup drones.","电磁脉冲空雷爆炸后的残骸.
可以将它清理掉以布设新的空雷,或者让残骸重建机来重建它.
敌人的空雷残骸可以由清理雄蜂清理掉."
扩展包1,1ships.xml,ZenithChameleonIV_Full,"Zenith Chameleon Mark IV","天顶变色龙IV型"
扩展包1,1ships.xml,GrenadeLauncher_Wave,"Grenade Launchers","榴弹发射器"
扩展包1,1ships.xml,CursedGolem_Short,"Cursed Golem","诅咒魔舰"
扩展包1,1ships.xml,ShieldBoosterIII_Short,"Shield Boost III","护盾强化III"
扩展包1,1ships.xml,EMPMine_Abbr,"E","电"
扩展包1,1ships.xml,CoreWarheadInterceptor_Full,"Core Warhead Interceptor","核心弹头拦截器"
扩展包1,1ships.xml,AcidSprayerII_Short,"Acid Sprayer II","腐蚀喷射器II"
扩展包1,1ships.xml,ZenithViralShredderIV_Short,"Z Shredder IV","Z碎纸机IV"
扩展包1,1ships.xml,ZenithChameleon_Short,"Z Chameleon I","Z变色龙I"
扩展包1,1ships.xml,CoreZenithBeamFrigate_Full,"Core Zenith Beam Frigate","核心天顶光束护卫舰"
扩展包1,1ships.xml,ZenithViralShredderIII_Full,"Zenith Viral Shredder Mark III","天顶病毒碎纸机III型"
扩展包1,1ships.xml,ZenithPolarizerIII_Full,"Zenith Polarizer Mark III","天顶偏振器III型"
扩展包1,1ships.xml,ZenithBeamFrigateIII_Full,"Zenith Beam Frigate Mark III","天顶光束护卫舰III型"
扩展包1,1ships.xml,ZenithBombardmentIII_Full,"Zenith Bombardment Ship Mark III","天顶轰击船III型"
扩展包1,1ships.xml,CursedGolem_Full,"Cursed Golem","诅咒魔舰"
扩展包1,1ships.xml,BotnetGolemBroken_Short,"Broken Botnet Golem","残旧的僵尸网络魔舰"
扩展包1,1ships.xml,CloakerStarshipIII_Short,"Star:Cloaker III","星:伪装III"
扩展包1,1ships.xml,CloakerStarship_Desc,"Very fast starship that cloaks other ships near it, even if those ships normally do not have cloaking.","速度很快,可隐藏附近的单位,即使它们原本不是隐形的."
扩展包1,1ships.xml,PlanetaryShieldInhibitor_Short,"P-Shield Inhibit","星球护盾抑制"
扩展包1,1ships.xml,AreaMineRemains_Desc,"Useless remains of an exploded area mine.
Scrap to clear the way for replacement, or leave in place so that a Remains Rebuilder can rebuild it. 
Remains belonging to enemies can be cleared by cleanup drones.","区域空雷爆炸后的残骸.
可以将它清理掉以布设新的空雷,或者让残骸重建机来重建它.
敌人的空雷残骸可以由清理雄蜂清理掉."
扩展包1,1ships.xml,HiveGolem_Short,"Hive Golem","蜂巢魔舰"
扩展包1,1ships.xml,ZenithParalyzerIV_Short,"Z Paralyzer IV","Z麻醉器IV"
扩展包1,1ships.xml,CoreImpulseReactionEmitter_Full,"Core Impulse Reaction Emitter","核心脉冲反应发射器"
扩展包1,1ships.xml,ZenithReserveShipsII_Short,"Z Reserve II","Z储备II"
扩展包1,1ships.xml,ExperimentalEngineer_Desc,"Repairs damaged ships or can accelerate construction done by other ships.
Unless issued a specific command by its controller, it will automatically repair nearby allies.
Advanced prototype model that can regenerate itself as well as repairing other ships very quickly.","修复受损的部队,加快其他部队的建造速度.
除非指挥官下命令,否则它会自动修复附近的友军.
高级试验性型号,能自动回复机能,修复速度也更快."
扩展包1,1ships.xml,ZenithViralShredderIV_Full,"Zenith Viral Shredder Mark IV","天顶病毒碎纸机IV型"
扩展包1,1ships.xml,ArtilleryGolemBroken_Desc,"Must be manually assigned targets, but fires extremely, extremely powerful artillery shots over long ranges.
Is very slow, and heavily damages itself when firing, though.  Great for taking out very heavily defended targets.
Golems are extremely powerful ships, and thus are very concerning to the AI. Golems cause the AI to send larger waves and 
reinforcements to the planets the golems are on, and cause the AI Progress to increase as they are repaired from their broken form.
This golem is ancient and broken, and must be repaired to full health before it will become operational.
There will also need to be at least 600,000 net energy available before the golem will come online.","必须手动定位,攻击范围很远,发射极度强大的火炮攻击.移动缓慢,每一次攻击将严重伤害自身.善于对于重型防御单位.魔舰是非常强大的单位,人工智能会非常注意它们,并会往魔舰所在星球发动更强的攻势和增援,当维修它们时人工智能进度将不停增加.
这艘魔舰相当残旧,当它可用之前必须完全维修它.
它还需要600,000的能量来驱动."
扩展包1,1ships.xml,ZenithReserveShipsI_Short,"Z Reserve I","Z储备I"
扩展包1,1ships.xml,AlarmPost_Full,"Alarm Post","警报器"
扩展包1,1shiptypes.xml,ZenithPolarizer,"Z Polarizer","Z偏振器"
扩展包1,1shiptypes.xml,PlanetShieldBooster,"Planet Shield Booster","星球护盾强化器"
扩展包1,1shiptypes.xml,AlarmPostSpecial,"Alarm Post Special","特种警报器"
扩展包1,1shiptypes.xml,ZenithViralShredder,"Z Shredder","Z碎纸机"
扩展包1,1shiptypes.xml,AICoProcessor,"AI CoProcessor","人工智能副处理器"
扩展包1,1shiptypes.xml,GravityDrill,"Gravity Drill","重力钻"
扩展包1,1shiptypes.xml,InterplanetaryMunitions,"Interplanetary Munitions","星际弹药助推器"
扩展包1,1shiptypes.xml,AcidSprayer,"Acid Sprayer","腐蚀喷射器"
扩展包1,1shiptypes.xml,PlanetShieldInhibitor,"Planet Shield Inhibitor","星球护盾抑制器"
扩展包1,1shiptypes.xml,ZenithMirror,"Z Mirror","Z镜"
扩展包1,1shiptypes.xml,Golem,"Golem","魔舰"
扩展包1,1shiptypes.xml,ZenithReserve,"Zenith Reserve","Z储备"
扩展包1,1shiptypes.xml,RaidEngine,"Raid Engine","突击引擎"
扩展包1,1shiptypes.xml,RadarJammer,"Radar Jammer","雷达干扰器"
扩展包1,1shiptypes.xml,ShieldBooster,"Shield Boost","护盾强化器"
扩展包1,1shiptypes.xml,ZenithBombardment,"Z Bombardment","Z轰击"
扩展包1,1shiptypes.xml,ZenithChameleon,"Z Chameleon","Z变色龙"
扩展包1,1shiptypes.xml,ZenithAutoBomb,"Z AutoBomb","Z自爆炸弹"
扩展包1,1shiptypes.xml,ZenithParalyzer,"Z Paralyzer","Z麻醉器"
扩展包1,1shiptypes.xml,BrokenGolem,"Broken Golem","残旧魔舰"
扩展包1,1shiptypes.xml,DysonSpawn,"Dyson Spawn","戴森球"
扩展包1,1shiptypes.xml,ZenithBeamFrigate,"Z Beam Frigate","Z光束护卫舰"
扩展包1,1shiptypes.xml,SentinelFrigate,"Sentinel Frigate","哨兵护卫舰"
扩展包1,1shiptypes.xml,AISuperTerminal,"AI Super Terminal","人工智能超级终端机"
扩展包1,1shiptypes.xml,Cloaker_Starship,"Cloaker Starship","伪装星舰"
扩展包1,1shiptypes.xml,ImpulseReactionEmitter,"Impulse Emitter","脉冲发射器"
扩展包1,1shiptypes.xml,ZenithElectricBomber,"Z Elec Bomber","Z电气轰炸机"
扩展包1,1shiptypes.xml,ZenithSpaceTime,"Zenith SpaceTime","Z时空"
扩展包1,1shiptypes.xml,GrenadeLauncher,"Grenade Launch","榴弹发射器"
扩展包1,1shiptypes.xml,DistributionNode,"Distribution Node","分流节点"
扩展包1,1shiptypes.xml,BlackHoleMachine,"Black Hole Machine","黑洞机"
扩展包1,1shiptypes.xml,AlarmPost,"Alarm Post","警报器"
